eval_index,temperature,current_dd,best_dd,candidate_dd,delta_dd,accepted,best_update,swap_i,swap_j
1,0.019299026034246033,8.473405256346902,8.473405256346902,8.473405256346902,0.0,True,False,149,42
2,0.019278532664546367,8.473405256346902,8.473405256346902,8.473405256346902,0.0,True,False,37,112
3,0.01925806105647347,8.473405256346902,8.473405256346902,8.473405256346902,0.0,True,False,176,128
4,0.01923761118691898,8.473405256346902,8.473405256346902,inf,inf,False,False,164,167
5,0.019217183032799054,8.464570849789675,8.464570849789675,8.464570849789675,-0.008834406557227226,True,True,13,64
6,0.01919677657105438,8.464570849789675,8.464570849789675,inf,inf,False,False,53,127
7,0.019176391778650118,8.464570849789675,8.464570849789675,8.464570849789675,0.0,True,False,126,238
8,0.019156028632575896,8.464570849789675,8.464570849789675,8.464570849789675,0.0,True,False,199,19
9,0.019135687109845777,8.472587962997787,8.464570849789675,8.472587962997787,0.008017113208111937,True,False,87,64
10,0.019115367187498223,8.465664697739767,8.464570849789675,8.465664697739767,-0.00692326525802045,True,False,122,128
11,0.019095068842596093,8.465664697739767,8.464570849789675,8.465664697739767,0.0,True,False,238,32
12,0.019074792052226595,8.465664697739767,8.464570849789675,8.465664697739767,0.0,True,False,94,177
13,0.01905453679350126,8.465664697739767,8.464570849789675,inf,inf,False,False,62,192
14,0.019034303043555943,8.465664697739767,8.464570849789675,8.465664697739767,0.0,True,False,132,122
15,0.019014090779550758,8.465664697739767,8.464570849789675,inf,inf,False,False,6,104
16,0.018993899978670088,8.465664697739767,8.464570849789675,8.487267501821771,0.021602804082004212,False,False,72,112
17,0.01897373061812253,8.465664697739767,8.464570849789675,8.465664697739767,0.0,True,False,208,205
18,0.018953582675140895,8.465664697739767,8.464570849789675,8.465664697739767,0.0,True,False,136,160
19,0.018933456126982162,8.454173356326834,8.454173356326834,8.454173356326834,-0.011491341412932954,True,True,89,199
20,0.018913350950927464,8.454173356326834,8.454173356326834,8.486934934202855,0.03276157787602152,False,False,168,161
21,0.018893267124282062,8.454173356326834,8.454173356326834,8.454173356326834,0.0,True,False,38,19
22,0.01887320462437531,8.454190460220172,8.454173356326834,8.454190460220172,1.7103893338088483e-05,True,False,130,5
23,0.018853163428560634,8.454190460220172,8.454173356326834,8.454190460220172,0.0,True,False,232,80
24,0.018833143514215517,8.454190460220172,8.454173356326834,8.454190460220172,0.0,True,False,174,53
25,0.018813144858741464,8.454190460220172,8.454173356326834,inf,inf,False,False,165,122
26,0.018793167439563965,8.454190460220172,8.454173356326834,8.454190460220172,0.0,True,False,233,54
27,0.01877321123413249,8.454210917166902,8.454173356326834,8.454210917166902,2.04569467303628e-05,True,False,208,63
28,0.01875327621992046,8.454210917166902,8.454173356326834,8.454210917166902,0.0,True,False,238,195
29,0.01873336237442521,8.454210917166902,8.454173356326834,8.490806824086915,0.03659590692001302,False,False,125,21
30,0.018713469675167967,8.454210917166902,8.454173356326834,8.454210917166902,0.0,True,False,100,143
31,0.018693598099693835,8.472146070111565,8.454173356326834,8.472146070111565,0.017935152944662747,True,False,44,26
32,0.018673747625571762,8.472146070111565,8.454173356326834,8.472146070111565,0.0,True,False,174,28
33,0.018653918230394508,8.472146070111565,8.454173356326834,8.472146070111565,0.0,True,False,80,30
34,0.01863410989177864,8.472146070111565,8.454173356326834,8.472146070111565,0.0,True,False,48,214
35,0.01861432258736448,8.472146070111565,8.454173356326834,8.472146070111565,0.0,True,False,26,75
36,0.018594556294816097,8.472146070111565,8.454173356326834,8.505844533804241,0.033698463692676484,False,False,226,86
37,0.018574810991821285,8.489390621655161,8.454173356326834,8.489390621655161,0.017244551543596387,True,False,125,90
38,0.018555086656091523,8.489390621655161,8.454173356326834,8.523333315933833,0.03394269427867158,False,False,57,128
39,0.018535383265361964,8.486806592599478,8.454173356326834,8.486806592599478,-0.0025840290556828904,True,False,134,199
40,0.018515700797391402,8.486806592599478,8.454173356326834,8.495595435763196,0.00878884316371753,False,False,125,161
41,0.018496039229962246,8.486806592599478,8.454173356326834,8.486806592599478,0.0,True,False,143,145
42,0.018476398540880498,8.478462097221517,8.454173356326834,8.478462097221517,-0.008344495377961891,True,False,193,61
43,0.01845677870797573,8.478462097221517,8.454173356326834,8.478462097221517,0.0,True,False,227,200
44,0.018437179709101054,8.485847370330077,8.454173356326834,8.485847370330077,0.0073852731085608525,True,False,115,111
45,0.018417601522133106,8.502535622017692,8.454173356326834,8.502535622017692,0.016688251687615008,True,False,14,112
46,0.018398044124972,8.491707018503096,8.454173356326834,8.491707018503096,-0.01082860351459658,True,False,73,48
47,0.018378507495541336,8.491707018503096,8.454173356326834,8.491707018503096,0.0,True,False,145,138
48,0.01835899161178814,8.491707018503096,8.454173356326834,inf,inf,False,False,220,127
49,0.018339496451682865,8.489169893230681,8.454173356326834,8.489169893230681,-0.0025371252724148974,True,False,228,58
50,0.018320021993219356,8.493517968570568,8.454173356326834,8.493517968570568,0.004348075339887458,True,False,84,41
51,0.018300568214414826,8.493517968570568,8.454173356326834,8.493517968570568,0.0,True,False,143,78
52,0.01828113509330983,8.493517968570568,8.454173356326834,inf,inf,False,False,4,9
53,0.01826172260796824,8.493517968570568,8.454173356326834,inf,inf,False,False,176,173
54,0.01824233073647722,8.493501073074373,8.454173356326834,8.493501073074373,-1.6895496194990756e-05,True,False,199,218
55,0.018222959456947217,8.493501073074373,8.454173356326834,8.493501073074373,0.0,True,False,222,80
56,0.018203608747511903,8.493501073074373,8.454173356326834,8.493501073074373,0.0,True,False,155,22
57,0.018184278586328175,8.493501073074373,8.454173356326834,8.493501073074373,0.0,True,False,239,71
58,0.018164968951576137,8.494940003818972,8.454173356326834,8.494940003818972,0.0014389307445981103,True,False,197,39
59,0.018145679821459048,8.494945197566972,8.454173356326834,8.494945197566972,5.193748000564824e-06,True,False,5,33
60,0.018126411174203324,8.494945197566972,8.454173356326834,inf,inf,False,False,125,6
61,0.01810716298805849,8.495206920256786,8.454173356326834,8.495206920256786,0.00026172268981383695,True,False,143,132
62,0.01808793524129718,8.496142553236053,8.454173356326834,8.496142553236053,0.0009356329792673534,True,False,123,188
63,0.01806872791221509,8.496142553236053,8.454173356326834,8.496142553236053,0.0,True,False,222,83
64,0.018049540979130974,8.496142553236053,8.454173356326834,inf,inf,False,False,67,25
65,0.018030374420386595,8.496142553236053,8.454173356326834,8.496142553236053,0.0,True,False,113,95
66,0.01801122821434673,8.496142553236053,8.454173356326834,8.529082357572436,0.032939804336383105,False,False,70,221
67,0.017992102339399116,8.492687485222321,8.454173356326834,8.492687485222321,-0.0034550680137321876,True,False,19,36
68,0.017972996773954454,8.498474898639508,8.454173356326834,8.498474898639508,0.005787413417186471,True,False,104,64
69,0.017953911496446356,8.50545612904264,8.454173356326834,8.50545612904264,0.006981230403132699,True,False,170,82
70,0.017934846485331345,8.514167212746182,8.454173356326834,8.514167212746182,0.008711083703541789,True,False,88,177
71,0.017915801719088815,8.511275157103283,8.454173356326834,8.511275157103283,-0.002892055642899294,True,False,74,112
72,0.017896777176221016,8.511275157103283,8.454173356326834,8.511275157103283,0.0,True,False,226,32
73,0.01787777283525303,8.511275157103283,8.454173356326834,inf,inf,False,False,81,170
74,0.017858788674732735,8.511275157103283,8.454173356326834,8.511275157103283,0.0,True,False,97,64
75,0.017839824673230788,8.509933913414077,8.454173356326834,8.509933913414077,-0.00134124368920574,True,False,44,224
76,0.01782088080934061,8.509933913414077,8.454173356326834,inf,inf,False,False,10,195
77,0.017801957061678343,8.509933913414077,8.454173356326834,8.509933913414077,0.0,True,False,231,183
78,0.01778305340888285,8.509933913414077,8.454173356326834,8.509933913414077,0.0,True,False,98,202
79,0.017764169829615664,8.500304480653956,8.454173356326834,8.500304480653956,-0.009629432760121404,True,False,27,39
80,0.017745306302560982,8.500753478377769,8.454173356326834,8.500753478377769,0.0004489977238133491,True,False,1,86
81,0.017726462806425636,8.500753478377769,8.454173356326834,8.506615957251396,0.0058624788736274525,False,False,1,206
82,0.017707639319939072,8.500753478377769,8.454173356326834,inf,inf,False,False,235,169
83,0.017688835821853318,8.500753478377769,8.454173356326834,8.500753478377769,0.0,True,False,113,226
84,0.017670052290942966,8.500753478377769,8.454173356326834,8.500753478377769,0.0,True,False,197,26
85,0.017651288706005148,8.500753478377769,8.454173356326834,8.500753478377769,0.0,True,False,94,69
86,0.017632545045859507,8.500753478377769,8.454173356326834,8.500753478377769,0.0,True,False,76,114
87,0.01761382128934819,8.500753478377769,8.454173356326834,inf,inf,False,False,162,103
88,0.01759511741533579,8.500753478377769,8.454173356326834,8.500753478377769,0.0,True,False,28,176
89,0.01757643340270937,8.500753478377769,8.454173356326834,inf,inf,False,False,29,6
90,0.017557769230378384,8.500753478377769,8.454173356326834,inf,inf,False,False,10,105
91,0.017539124877274704,8.488849136365653,8.454173356326834,8.488849136365653,-0.011904342012115876,True,False,21,112
92,0.017520500322352563,8.487436154244957,8.454173356326834,8.487436154244957,-0.0014129821206960713,True,False,220,151
93,0.017501895544588544,8.50583343282142,8.454173356326834,8.50583343282142,0.01839727857646345,True,False,197,39
94,0.01748331052298156,8.50583343282142,8.454173356326834,inf,inf,False,False,127,108
95,0.017464745236552816,8.50583343282142,8.454173356326834,8.50583343282142,0.0,True,False,235,40
96,0.0174461996643458,8.50583343282142,8.454173356326834,8.50583343282142,0.0,True,False,58,223
97,0.017427673785426253,8.50583343282142,8.454173356326834,8.50583343282142,0.0,True,False,38,183
98,0.01740916757888214,8.50583343282142,8.454173356326834,8.50583343282142,0.0,True,False,31,41
99,0.01739068102382364,8.50583343282142,8.454173356326834,inf,inf,False,False,65,157
100,0.01737221409938311,8.497800634985266,8.454173356326834,8.497800634985266,-0.008032797836154515,True,False,232,124
101,0.01735376678471507,8.497800634985266,8.454173356326834,8.497800634985266,0.0,True,False,28,30
102,0.01733533905899617,8.497800634985266,8.454173356326834,8.497800634985266,0.0,True,False,116,58
103,0.01731693090142518,8.497749495670705,8.454173356326834,8.497749495670705,-5.1139314560799676e-05,True,False,117,19
104,0.017298542291222945,8.495235615612655,8.454173356326834,8.495235615612655,-0.0025138800580499776,True,False,197,204
105,0.01728017320763239,8.49032835104109,8.454173356326834,8.49032835104109,-0.0049072645715657615,True,False,35,228
106,0.01726182362991847,8.49032835104109,8.454173356326834,8.49032835104109,0.0,True,False,205,239
107,0.01724349353736817,8.49032835104109,8.454173356326834,inf,inf,False,False,137,6
108,0.01722518290929046,8.482971877375292,8.454173356326834,8.482971877375292,-0.007356473665797836,True,False,90,231
109,0.017206891725016285,8.482971877375292,8.454173356326834,8.508618589145525,0.02564671177023392,False,False,125,122
110,0.01718861996389854,8.482971877375292,8.454173356326834,inf,inf,False,False,157,145
111,0.01717036760531204,8.482971877375292,8.454173356326834,8.482971877375292,0.0,True,False,222,115
112,0.017152134628653507,8.482971877375292,8.454173356326834,8.49292174695591,0.009949869580617943,False,False,137,91
113,0.017133921013341533,8.482971877375292,8.454173356326834,8.482971877375292,0.0,True,False,223,146
114,0.01711572673881658,8.479687238141855,8.454173356326834,8.479687238141855,-0.0032846392334366925,True,False,104,65
115,0.017097551784540928,8.479687238141855,8.454173356326834,8.479687238141855,0.0,True,False,163,183
116,0.017079396129998668,8.48001565207881,8.454173356326834,8.48001565207881,0.00032841393695548504,True,False,86,200
117,0.017061259754695683,8.48001565207881,8.454173356326834,8.48001565207881,0.0,True,False,136,37
118,0.017043142638159616,8.498506211926278,8.454173356326834,8.498506211926278,0.018490559847467836,True,False,19,185
119,0.017025044759939847,8.498506211926278,8.454173356326834,8.498506211926278,0.0,True,False,174,20
120,0.017006966099607466,8.498506211926278,8.454173356326834,8.498506211926278,0.0,True,False,130,61
121,0.016988906636755275,8.477921168112019,8.454173356326834,8.477921168112019,-0.020585043814259407,True,False,189,113
122,0.016970866350997725,8.477921168112019,8.454173356326834,8.477921168112019,0.0,True,False,27,61
123,0.01695284522197093,8.491701719582808,8.454173356326834,8.491701719582808,0.013780551470789604,True,False,236,93
124,0.016934843229332617,8.491563118280089,8.454173356326834,8.491563118280089,-0.00013860130271936555,True,False,135,223
125,0.01691686035276212,8.491563118280089,8.454173356326834,inf,inf,False,False,8,186
126,0.016898896571960354,8.491563118280089,8.454173356326834,8.491563118280089,0.0,True,False,48,37
127,0.016880951866649778,8.489449874123569,8.454173356326834,8.489449874123569,-0.0021132441565203663,True,False,74,208
128,0.0168630262165744,8.489449874123569,8.454173356326834,8.489449874123569,0.0,True,False,61,63
129,0.01684511960149972,8.489316661327866,8.454173356326834,8.489316661327866,-0.0001332127957027751,True,False,158,66
130,0.01682723200121274,8.483747197210487,8.454173356326834,8.483747197210487,-0.005569464117378686,True,False,66,128
131,0.01680936339552191,8.483747197210487,8.454173356326834,8.483747197210487,0.0,True,False,186,183
132,0.01679151376425714,8.46279624687813,8.454173356326834,8.46279624687813,-0.02095095033235772,True,False,77,55
133,0.016773683087269745,8.46279624687813,8.454173356326834,8.492484473649805,0.029688226771675374,False,False,154,26
134,0.016755871344432436,8.46279624687813,8.454173356326834,8.46279624687813,0.0,True,False,234,20
135,0.016738078515639306,8.46279624687813,8.454173356326834,8.46279624687813,0.0,True,False,215,191
136,0.016720304580805787,8.46506138332368,8.454173356326834,8.46506138332368,0.0022651364455512635,True,False,221,12
137,0.016702549519868645,8.46506138332368,8.454173356326834,8.46506138332368,0.0,True,False,69,222
138,0.016684813312785953,8.465033089081802,8.454173356326834,8.465033089081802,-2.8294241879223136e-05,True,False,189,181
139,0.01666709593953706,8.465033089081802,8.454173356326834,8.465033089081802,0.0,True,False,115,100
140,0.016649397380122576,8.466711405933117,8.454173356326834,8.466711405933117,0.0016783168513150315,True,False,214,31
141,0.01663171761456435,8.466711405933117,8.454173356326834,8.466711405933117,0.0,True,False,75,95
142,0.016614056622905448,8.473726520160014,8.454173356326834,8.473726520160014,0.007015114226897268,True,False,220,187
143,0.016596414385210125,8.473726520160014,8.454173356326834,8.473726520160014,0.0,True,False,46,56
144,0.016578790881563804,8.473055032146172,8.454173356326834,8.473055032146172,-0.0006714880138414259,True,False,13,203
145,0.016561186092073053,8.471979091070772,8.454173356326834,8.471979091070772,-0.001075941075400877,True,False,145,129
146,0.01654359999686558,8.471979091070772,8.454173356326834,8.471979091070772,0.0,True,False,28,119
147,0.016526032576090165,8.471914083667771,8.454173356326834,8.471914083667771,-6.500740300019459e-05,True,False,86,137
148,0.0165084838099167,8.471914083667771,8.454173356326834,8.471914083667771,0.0,True,False,98,160
149,0.016490953678536122,8.471914083667771,8.454173356326834,inf,inf,False,False,216,169
150,0.01647344216216039,8.471914083667771,8.454173356326834,8.471914083667771,0.0,True,False,42,196
151,0.016455949241022495,8.471914083667771,8.454173356326834,8.471914083667771,0.0,True,False,140,18
152,0.016438474895376406,8.468898288796266,8.454173356326834,8.468898288796266,-0.003015794871505051,True,False,153,189
153,0.01642101910549707,8.468898288796266,8.454173356326834,8.468898288796266,0.0,True,False,58,32
154,0.016403581851680372,8.468898288796266,8.454173356326834,8.468898288796266,0.0,True,False,190,194
155,0.016386163114243117,8.46600838407511,8.454173356326834,8.46600838407511,-0.0028899047211563555,True,False,202,15
156,0.016368762873523023,8.46600838407511,8.454173356326834,inf,inf,False,False,65,164
157,0.01635138110987868,8.467537465440751,8.454173356326834,8.467537465440751,0.0015290813656410052,True,False,77,130
158,0.016334017803689534,8.461190191470228,8.454173356326834,8.461190191470228,-0.006347273970522593,True,False,200,190
159,0.01631667293535587,8.461190191470228,8.454173356326834,8.461190191470228,0.0,True,False,146,225
160,0.01629934648529878,8.465669391745706,8.454173356326834,8.465669391745706,0.004479200275477879,True,False,24,51
161,0.01628203843396015,8.465669391745706,8.454173356326834,inf,inf,False,False,212,164
162,0.016264748761802644,8.465669391745706,8.454173356326834,inf,inf,False,False,56,7
163,0.016247477449309652,8.462360300625804,8.454173356326834,8.462360300625804,-0.0033090911199025186,True,False,36,26
164,0.016230224476985303,8.462360300625804,8.454173356326834,8.520666705604775,0.058306404978971216,False,False,50,161
165,0.016212989825354428,8.462360300625804,8.454173356326834,8.462360300625804,0.0,True,False,144,239
166,0.016195773474962528,8.4523496964328,8.4523496964328,8.4523496964328,-0.010010604193004369,True,True,9,221
167,0.016178575406375777,8.437643913762159,8.437643913762159,8.437643913762159,-0.014705782670640488,True,True,214,135
168,0.016161395600180973,8.437643913762159,8.437643913762159,8.437643913762159,0.0,True,False,212,106
169,0.016144234036985537,8.452400881718049,8.437643913762159,8.452400881718049,0.014756967955889877,True,False,175,224
170,0.016127090697417478,8.452400881718049,8.437643913762159,8.452400881718049,0.0,True,False,19,97
171,0.016109965562125374,8.445192230059055,8.437643913762159,8.445192230059055,-0.007208651658993759,True,False,145,190
172,0.016092858611778362,8.445192230059055,8.437643913762159,8.445192230059055,0.0,True,False,84,94
173,0.016075769827066096,8.448208180284231,8.437643913762159,8.448208180284231,0.0030159502251763115,True,False,82,114
174,0.016058699188698736,8.448231700711041,8.437643913762159,8.448231700711041,2.3520426809753303e-05,True,False,156,181
175,0.016041646677406936,8.448231700711041,8.437643913762159,8.448231700711041,0.0,True,False,120,102
176,0.0160246122739418,8.448231700711041,8.437643913762159,8.448231700711041,0.0,True,False,2,34
177,0.016007595959074875,8.448231700711041,8.437643913762159,8.448231700711041,0.0,True,False,44,124
178,0.015990597713598124,8.450628850768481,8.437643913762159,8.450628850768481,0.002397150057440456,True,False,11,49
179,0.01597361751832392,8.447097102171533,8.437643913762159,8.447097102171533,-0.003531748596948603,True,False,186,51
180,0.015956655354085,8.447097102171533,8.437643913762159,inf,inf,False,False,7,112
181,0.015939711201734454,8.447097102171533,8.437643913762159,8.447097102171533,0.0,True,False,56,31
182,0.015922785042145702,8.447097102171533,8.437643913762159,8.453127789197717,0.006030687026184367,False,False,134,106
183,0.015905876856212486,8.444664160649161,8.437643913762159,8.444664160649161,-0.0024329415223718343,True,False,223,205
184,0.015888986624848823,8.444664160649161,8.437643913762159,8.444664160649161,0.0,True,False,53,75
185,0.015872114328989006,8.444664160649161,8.437643913762159,8.444664160649161,0.0,True,False,231,222
186,0.015855259949587572,8.444664160649161,8.437643913762159,8.512189893073868,0.06752573242470739,False,False,66,43
187,0.015838423467619274,8.444664160649161,8.437643913762159,8.444664160649161,0.0,True,False,140,182
188,0.015821604864079086,8.444664160649161,8.437643913762159,inf,inf,False,False,18,159
189,0.015804804119982137,8.44445365140095,8.437643913762159,8.44445365140095,-0.00021050924821075512,True,False,218,108
190,0.015788021216363746,8.432288171025558,8.432288171025558,8.432288171025558,-0.012165480375392335,True,True,30,150
191,0.015771256134279345,8.432288171025558,8.432288171025558,8.432288171025558,0.0,True,False,223,143
192,0.015754508854804495,8.430743470813328,8.430743470813328,8.430743470813328,-0.0015447002122304099,True,True,72,54
193,0.015737779359034847,8.430710505996466,8.430710505996466,8.430710505996466,-3.296481686199115e-05,True,True,67,215
194,0.015721067628086137,8.430710505996466,8.430710505996466,8.430710505996466,0.0,True,False,80,217
195,0.01570437364309414,8.433410321768118,8.430710505996466,8.433410321768118,0.0026998157716526805,True,False,129,4
196,0.015687697385214673,8.433410321768118,8.430710505996466,8.433410321768118,0.0,True,False,38,106
197,0.015671038835623555,8.445389474991385,8.430710505996466,8.445389474991385,0.011979153223267147,True,False,12,103
198,0.015654397975516605,8.445389474991385,8.430710505996466,8.445389474991385,0.0,True,False,149,16
199,0.0156377747861096,8.445389474991385,8.430710505996466,8.468759731506044,0.023370256514658294,False,False,82,230
200,0.015621169248638267,8.445389474991385,8.430710505996466,8.445389474991385,0.0,True,False,68,97
201,0.01560458134435826,8.445389474991385,8.430710505996466,inf,inf,False,False,79,119
202,0.015588011054545138,8.445174362843588,8.430710505996466,8.445174362843588,-0.00021511214779756926,True,False,182,140
203,0.015571458360494337,8.445174362843588,8.430710505996466,8.488840619140223,0.04366625629663545,False,False,161,193
204,0.015554923243521163,8.433410321768118,8.430710505996466,8.433410321768118,-0.011764041075469578,True,False,47,211
205,0.015538405684960758,8.433410321768118,8.430710505996466,8.433410321768118,0.0,True,False,17,227
206,0.015521905666168087,8.433410321768118,8.430710505996466,8.433410321768118,0.0,True,False,43,16
207,0.015505423168517909,8.433410321768118,8.430710505996466,inf,inf,False,False,173,35
208,0.015488958173404769,8.433410321768118,8.430710505996466,8.433410321768118,0.0,True,False,147,238
209,0.01547251066224296,8.433410321768118,8.430710505996466,8.433410321768118,0.0,True,False,200,172
210,0.015456080616466519,8.433410321768118,8.430710505996466,8.433410321768118,0.0,True,False,5,84
211,0.015439668017529192,8.433410321768118,8.430710505996466,8.433410321768118,0.0,True,False,200,133
212,0.015423272846904422,8.433410321768118,8.430710505996466,8.440940366784005,0.007530045015887055,False,False,188,200
213,0.01540689508608532,8.433410321768118,8.430710505996466,inf,inf,False,False,61,81
214,0.01539053471658466,8.428555640108014,8.428555640108014,8.428555640108014,-0.004854681660104276,True,True,22,55
215,0.015374191719934835,8.428555640108014,8.428555640108014,inf,inf,False,False,173,18
216,0.01535786607768786,8.42855254908164,8.42855254908164,8.42855254908164,-3.0910263735250965e-06,True,True,226,197
217,0.015341557771415328,8.42855254908164,8.42855254908164,8.488789614299112,0.0602370652174713,False,False,202,60
218,0.015325266782708409,8.42855254908164,8.42855254908164,8.42855254908164,0.0,True,False,19,224
219,0.01530899309317782,8.42855254908164,8.42855254908164,8.42855254908164,0.0,True,False,23,214
220,0.015292736684453802,8.42855254908164,8.42855254908164,inf,inf,False,False,65,173
221,0.015276497538186105,8.42855254908164,8.42855254908164,8.474797854625896,0.046245305544255544,False,False,153,120
222,0.015260275636043968,8.42855254908164,8.42855254908164,inf,inf,False,False,216,221
223,0.015244070959716088,8.427122156791812,8.427122156791812,8.427122156791812,-0.0014303922898282195,True,True,212,218
224,0.015227883490910612,8.427122156791812,8.427122156791812,8.427122156791812,0.0,True,False,11,156
225,0.015211713211355109,8.430420260351159,8.427122156791812,8.430420260351159,0.003298103559346899,True,False,132,66
226,0.01519556010279655,8.430420260351159,8.427122156791812,inf,inf,False,False,173,70
227,0.015179424147001292,8.430420260351159,8.427122156791812,8.430420260351159,0.0,True,False,230,85
228,0.01516330532575505,8.424102097552057,8.424102097552057,8.424102097552057,-0.006318162799102467,True,True,5,54
229,0.015147203620862885,8.424102097552057,8.424102097552057,8.424102097552057,0.0,True,False,227,56
230,0.015131119014149175,8.424102097552057,8.424102097552057,8.424102097552057,0.0,True,False,156,182
231,0.015115051487457601,8.424102097552057,8.424102097552057,inf,inf,False,False,132,127
232,0.015099001022651121,8.424102097552057,8.424102097552057,8.424102097552057,0.0,True,False,61,191
233,0.015082967601611959,8.430369383615613,8.424102097552057,8.430369383615613,0.006267286063556199,True,False,33,115
234,0.015066951206241568,8.430369383615613,8.424102097552057,inf,inf,False,False,62,178
235,0.015050951818460627,8.422876870645808,8.422876870645808,8.422876870645808,-0.007492512969804466,True,True,53,22
236,0.015034969420209012,8.423036557815085,8.422876870645808,8.423036557815085,0.0001596871692761681,True,False,15,11
237,0.015019003993445775,8.423036557815085,8.422876870645808,8.423036557815085,0.0,True,False,106,33
238,0.015003055520149128,8.417432195199613,8.417432195199613,8.417432195199613,-0.005604362615471814,True,True,96,57
239,0.014987123982316417,8.42023183889924,8.417432195199613,8.42023183889924,0.002799643699626486,True,False,145,189
240,0.014971209361964107,8.423035488328278,8.417432195199613,8.423035488328278,0.002803649429038657,True,False,116,128
241,0.01495531164112776,8.423035488328278,8.417432195199613,8.423035488328278,0.0,True,False,105,18
242,0.01493943080186201,8.424241005620935,8.417432195199613,8.424241005620935,0.0012055172926572766,True,False,236,145
243,0.014923566826240553,8.424241005620935,8.417432195199613,8.424241005620935,0.0,True,False,48,24
244,0.014907719696356113,8.424241005620935,8.417432195199613,inf,inf,False,False,229,6
245,0.014891889394320441,8.43210210134433,8.417432195199613,8.43210210134433,0.00786109572339555,True,False,1,153
246,0.01487607590226427,8.43210210134433,8.417432195199613,8.478463165717619,0.04636106437328813,False,False,125,209
247,0.014860279202337316,8.43210210134433,8.417432195199613,inf,inf,False,False,169,29
248,0.014844499276708252,8.432259840434822,8.417432195199613,8.432259840434822,0.0001577390904916598,True,False,37,158
249,0.01482873610756468,8.432259840434822,8.417432195199613,inf,inf,False,False,6,116
250,0.014812989677113118,8.432259840434822,8.417432195199613,8.432259840434822,0.0,True,False,63,103
251,0.014797259967578979,8.432259840434822,8.417432195199613,8.432259840434822,0.0,True,False,180,126
252,0.014781546961206557,8.432192374356806,8.417432195199613,8.432192374356806,-6.746607801666471e-05,True,False,179,143
253,0.014765850640258987,8.432192374356806,8.417432195199613,8.478553438730094,0.04636106437328813,False,False,90,84
254,0.014750170987018252,8.432192374356806,8.417432195199613,8.432192374356806,0.0,True,False,60,180
255,0.014734507983785141,8.432192374356806,8.417432195199613,8.432192374356806,0.0,True,False,200,123
256,0.014718861612879242,8.432192374356806,8.417432195199613,8.432192374356806,0.0,True,False,195,139
257,0.014703231856638915,8.432192374356806,8.417432195199613,8.432192374356806,0.0,True,False,136,128
258,0.014687618697421276,8.432192374356806,8.417432195199613,8.464858767310263,0.03266639295345719,False,False,125,202
259,0.014672022117602176,8.432192374356806,8.417432195199613,8.432192374356806,0.0,True,False,217,13
260,0.014656442099576181,8.432192374356806,8.417432195199613,8.432192374356806,0.0,True,False,59,160
261,0.014640878625756547,8.432192374356806,8.417432195199613,8.432192374356806,0.0,True,False,218,124
262,0.014625331678575215,8.427591411305633,8.417432195199613,8.427591411305633,-0.004600963051172968,True,False,21,189
263,0.014609801240482771,8.427543961908347,8.417432195199613,8.427543961908347,-4.7449397285959094e-05,True,False,88,228
264,0.014594287293948445,8.427716094106867,8.417432195199613,8.427716094106867,0.0001721321985197477,True,False,158,180
265,0.014578789821460075,8.429292741906856,8.417432195199613,8.429292741906856,0.0015766477999896722,True,False,208,224
266,0.014563308805524101,8.429292741906856,8.417432195199613,8.429292741906856,0.0,True,False,178,47
267,0.014547844228665535,8.432079358254544,8.417432195199613,8.432079358254544,0.0027866163476879535,True,False,209,5
268,0.01453239607342795,8.432859161559145,8.417432195199613,8.432859161559145,0.0007798033046011454,True,False,213,176
269,0.014516964322373455,8.432883335700788,8.417432195199613,8.432883335700788,2.4174141643129587e-05,True,False,209,101
270,0.014501548958082665,8.433299356553047,8.417432195199613,8.433299356553047,0.00041602085225811436,True,False,158,130
271,0.014486149963154712,8.433299356553047,8.417432195199613,8.433299356553047,0.0,True,False,128,68
272,0.01447076732020719,8.435185370241255,8.417432195199613,8.435185370241255,0.001886013688208621,True,False,209,201
273,0.014455401011876154,8.435120750632626,8.417432195199613,8.435120750632626,-6.461960862935712e-05,True,False,172,109
274,0.014440051020816105,8.435846890197132,8.417432195199613,8.435846890197132,0.0007261395645059565,True,False,220,134
275,0.014424717329699955,8.445627998447332,8.417432195199613,8.445627998447332,0.009781108250200177,True,False,232,217
276,0.014409399921219021,8.445627998447332,8.417432195199613,8.479103087610737,0.0334750891634048,False,False,75,125
277,0.014394098778082993,8.445627998447332,8.417432195199613,8.445627998447332,0.0,True,False,198,177
278,0.014378813883019929,8.445627998447332,8.417432195199613,8.445627998447332,0.0,True,False,131,156
279,0.014363545218776221,8.445610363179807,8.417432195199613,8.445610363179807,-1.763526752540656e-05,True,False,123,228
280,0.014348292768116592,8.445610363179807,8.417432195199613,inf,inf,False,False,139,165
281,0.014333056513824055,8.444023364536358,8.417432195199613,8.444023364536358,-0.0015869986434484673,True,False,117,68
282,0.014317836438699908,8.454168294595188,8.417432195199613,8.454168294595188,0.010144930058830326,True,False,115,94
283,0.014302632525563724,8.436323515101419,8.417432195199613,8.436323515101419,-0.01784477949376928,True,False,129,43
284,0.014287444757253307,8.436323515101419,8.417432195199613,inf,inf,False,False,8,101
285,0.014272273116624686,8.436323515101419,8.417432195199613,8.436323515101419,0.0,True,False,239,148
286,0.0142571175865521,8.446462905538693,8.417432195199613,8.446462905538693,0.010139390437274187,True,False,186,40
287,0.014241978149927972,8.446462905538693,8.417432195199613,8.446462905538693,0.0,True,False,223,100
288,0.014226854789662891,8.43725941408555,8.417432195199613,8.43725941408555,-0.009203491453142476,True,False,49,230
289,0.014211747488685596,8.43725941408555,8.417432195199613,inf,inf,False,False,8,14
290,0.014196656229942943,8.43725941408555,8.417432195199613,inf,inf,False,False,163,79
291,0.014181580996399911,8.439100622022602,8.417432195199613,8.439100622022602,0.0018412079370513368,True,False,44,161
292,0.01416652177103956,8.439100622022602,8.417432195199613,8.439100622022602,0.0,True,False,180,28
293,0.01415147853686302,8.434225754152541,8.417432195199613,8.434225754152541,-0.004874867870061195,True,False,91,14
294,0.014136451276889473,8.434225754152541,8.417432195199613,8.434225754152541,0.0,True,False,20,200
295,0.014121439974156135,8.434225754152541,8.417432195199613,8.471231649391898,0.037005895239357045,False,False,161,55
296,0.014106444611718233,8.434225754152541,8.417432195199613,8.434225754152541,0.0,True,False,149,109
297,0.014091465172648985,8.434225754152541,8.417432195199613,8.434225754152541,0.0,True,False,152,131
298,0.014076501640039584,8.434225754152541,8.417432195199613,8.434225754152541,0.0,True,False,33,113
299,0.014061553996999184,8.434225754152541,8.417432195199613,8.434225754152541,0.0,True,False,30,110
300,0.014046622226654865,8.434225754152541,8.417432195199613,8.434225754152541,0.0,True,False,29,160
301,0.014031706312151638,8.435178412248707,8.417432195199613,8.435178412248707,0.0009526580961658482,True,False,36,72
302,0.014016806236652395,8.435178412248707,8.417432195199613,8.435178412248707,0.0,True,False,215,187
303,0.014001921983337922,8.435178412248707,8.417432195199613,8.435178412248707,0.0,True,False,47,44
304,0.013987053535406857,8.434225754152541,8.417432195199613,8.434225754152541,-0.0009526580961658482,True,False,12,72
305,0.013972200876075681,8.434225754152541,8.417432195199613,8.434225754152541,0.0,True,False,225,74
306,0.0139573639885787,8.434225754152541,8.417432195199613,8.434225754152541,0.0,True,False,149,228
307,0.013942542856168017,8.434248981435353,8.417432195199613,8.434248981435353,2.322728281178854e-05,True,False,47,11
308,0.013927737462113524,8.434248981435353,8.417432195199613,8.434248981435353,0.0,True,False,155,20
309,0.01391294778970288,8.434248981435353,8.417432195199613,8.434248981435353,0.0,True,False,174,29
310,0.013898173822241486,8.434248981435353,8.417432195199613,8.434248981435353,0.0,True,False,39,225
311,0.013883415543052472,8.434248981435353,8.417432195199613,8.434248981435353,0.0,True,False,177,171
312,0.013868672935476679,8.429230588637752,8.417432195199613,8.429230588637752,-0.005018392797600413,True,False,218,47
313,0.013853945982872637,8.429230588637752,8.417432195199613,8.435165222602581,0.0059346339648289614,False,False,41,222
314,0.013839234668616548,8.429230588637752,8.417432195199613,8.429230588637752,0.0,True,False,66,198
315,0.013824538976102266,8.429230588637752,8.417432195199613,8.429230588637752,0.0,True,False,20,85
316,0.013809858888741276,8.429230588637752,8.417432195199613,inf,inf,False,False,6,46
317,0.013795194389962686,8.429230588637752,8.417432195199613,8.429230588637752,0.0,True,False,17,111
318,0.01378054546321319,8.429230588637752,8.417432195199613,inf,inf,False,False,217,143
319,0.013765912091957065,8.429230588637752,8.417432195199613,8.429230588637752,0.0,True,False,225,76
320,0.013751294259676151,8.429230588637752,8.417432195199613,8.429230588637752,0.0,True,False,115,134
321,0.013736691949869822,8.429230588637752,8.417432195199613,inf,inf,False,False,157,114
322,0.013722105146054977,8.429230588637752,8.417432195199613,8.429230588637752,0.0,True,False,204,148
323,0.013707533831766016,8.429578277589323,8.417432195199613,8.429578277589323,0.0003476889515710013,True,False,9,67
324,0.013692977990554828,8.429578277589323,8.417432195199613,inf,inf,False,False,173,195
325,0.013678437605990761,8.429578277589323,8.417432195199613,8.429578277589323,0.0,True,False,147,71
326,0.013663912661660619,8.478542192818372,8.417432195199613,8.478542192818372,0.04896391522904864,True,False,106,183
327,0.013649403141168626,8.482085002523624,8.417432195199613,8.482085002523624,0.0035428097052516705,True,False,209,179
328,0.013634909028136423,8.482085002523624,8.417432195199613,8.482085002523624,0.0,True,False,63,174
329,0.013620430306203043,8.482085002523624,8.417432195199613,inf,inf,False,False,186,6
330,0.013605966959024884,8.482085002523624,8.417432195199613,8.482085002523624,0.0,True,False,5,188
331,0.013591518970275714,8.482085002523624,8.417432195199613,8.482085002523624,0.0,True,False,215,90
332,0.013577086323646622,8.470472408769236,8.417432195199613,8.470472408769236,-0.01161259375438739,True,False,21,48
333,0.013562669002846025,8.470472408769236,8.417432195199613,8.470472408769236,0.0,True,False,39,238
334,0.013548266991599637,8.448520983439842,8.417432195199613,8.448520983439842,-0.021951425329394425,True,False,203,20
335,0.013533880273650453,8.448520983439842,8.417432195199613,8.491474267308407,0.042953283868564895,False,False,22,27
336,0.013519508832758731,8.447361875912044,8.417432195199613,8.447361875912044,-0.001159107527797687,True,False,188,224
337,0.013505152652701975,8.447361875912044,8.417432195199613,8.447361875912044,0.0,True,False,34,121
338,0.013490811717274917,8.447361875912044,8.417432195199613,8.447361875912044,0.0,True,False,133,34
339,0.013476486010289489,8.447361875912044,8.417432195199613,8.447361875912044,0.0,True,False,69,185
340,0.013462175515574826,8.446338841739395,8.417432195199613,8.446338841739395,-0.0010230341726487069,True,False,130,94
341,0.013447880216977218,8.446338841739395,8.417432195199613,inf,inf,False,False,142,8
342,0.013433600098360128,8.467604730869452,8.417432195199613,8.467604730869452,0.021265889130056337,True,False,9,61
343,0.013419335143604138,8.467604730869452,8.417432195199613,8.467604730869452,0.0,True,False,144,28
344,0.013405085336606953,8.467604730869452,8.417432195199613,8.467604730869452,0.0,True,False,204,96
345,0.01339085066128338,8.348710071395528,8.348710071395528,8.348710071395528,-0.11889465947392353,True,True,157,168
346,0.013376631101565301,8.348710071395528,8.348710071395528,inf,inf,False,False,26,221
347,0.013362426641401666,8.348710071395528,8.348710071395528,8.348710071395528,0.0,True,False,133,110
348,0.013348237264758459,8.348710071395528,8.348710071395528,8.348710071395528,0.0,True,False,29,51
349,0.013334062955618703,8.334721442171821,8.334721442171821,8.334721442171821,-0.01398862922370725,True,True,2,48
350,0.013319903697982425,8.334721442171821,8.334721442171821,8.346483133211454,0.011761691039632538,False,False,35,142
351,0.01330575947586664,8.336151225709656,8.334721442171821,8.336151225709656,0.0014297835378354051,True,False,48,197
352,0.013291630273305332,8.336151225709656,8.334721442171821,8.336151225709656,0.0,True,False,11,39
353,0.013277516074349448,8.336151225709656,8.334721442171821,8.336151225709656,0.0,True,False,38,66
354,0.013263416863066863,8.336151225709656,8.334721442171821,8.336151225709656,0.0,True,False,152,206
355,0.013249332623542377,8.336151225709656,8.334721442171821,8.336151225709656,0.0,True,False,88,212
356,0.013235263339877682,8.336151225709656,8.334721442171821,8.336151225709656,0.0,True,False,71,84
357,0.013221208996191358,8.336151225709656,8.334721442171821,8.336151225709656,0.0,True,False,143,15
358,0.013207169576618851,8.347731329623024,8.334721442171821,8.347731329623024,0.011580103913367168,True,False,122,124
359,0.013193145065312448,8.347731329623024,8.334721442171821,8.347731329623024,0.0,True,False,225,176
360,0.013179135446441266,8.347731329623024,8.334721442171821,8.347731329623024,0.0,True,False,234,124
361,0.013165140704191235,8.347731329623024,8.334721442171821,inf,inf,False,False,181,45
362,0.013151160822765075,8.348062735118038,8.334721442171821,8.348062735118038,0.0003314054950145362,True,False,91,183
363,0.013137195786382281,8.348062735118038,8.334721442171821,8.348062735118038,0.0,True,False,58,106
364,0.01312324557927911,8.348062735118038,8.334721442171821,8.348062735118038,0.0,True,False,195,216
365,0.01310931018570855,8.348062735118038,8.334721442171821,8.348062735118038,0.0,True,False,235,185
366,0.013095389589940316,8.325745438099453,8.325745438099453,8.325745438099453,-0.02231729701858498,True,True,163,194
367,0.013081483776260828,8.325745438099453,8.325745438099453,8.325745438099453,0.0,True,False,16,206
368,0.013067592728973187,8.325745438099453,8.325745438099453,8.325745438099453,0.0,True,False,196,151
369,0.013053716432397165,8.325739146821627,8.325739146821627,8.325739146821627,-6.291277825809516e-06,True,True,40,123
370,0.01303985487086919,8.325739146821627,8.325739146821627,8.3799059124607,0.05416676563907252,False,False,220,231
371,0.013026008028742308,8.328962387499926,8.325739146821627,8.328962387499926,0.003223240678298822,True,False,30,13
372,0.013012175890386198,8.328962387499926,8.325739146821627,inf,inf,False,False,25,49
373,0.012998358440187126,8.328962387499926,8.325739146821627,8.328962387499926,0.0,True,False,83,186
374,0.012984555662547942,8.328962387499926,8.325739146821627,8.328962387499926,0.0,True,False,178,226
375,0.012970767541888053,8.328962387499926,8.325739146821627,8.328962387499926,0.0,True,False,239,177
376,0.012956994062643418,8.328962387499926,8.325739146821627,8.328962387499926,0.0,True,False,33,134
377,0.012943235209266518,8.328962387499926,8.325739146821627,8.328962387499926,0.0,True,False,64,89
378,0.012929490966226347,8.328962387499926,8.325739146821627,8.343054236050092,0.014091848550165764,False,False,215,55
379,0.01291576131800839,8.325031625599786,8.325031625599786,8.325031625599786,-0.003930761900139856,True,True,9,1
380,0.012902046249114606,8.325031625599786,8.325031625599786,8.325031625599786,0.0,True,False,29,205
381,0.012888345744063412,8.331005971651015,8.325031625599786,8.331005971651015,0.005974346051228707,True,False,125,203
382,0.012874659787389662,8.331005971651015,8.325031625599786,8.331005971651015,0.0,True,False,143,187
383,0.012860988363644639,8.331005971651015,8.325031625599786,8.331005971651015,0.0,True,False,180,44
384,0.012847331457396024,8.331005971651015,8.325031625599786,8.331005971651015,0.0,True,False,5,143
385,0.012833689053227886,8.331005971651015,8.325031625599786,inf,inf,False,False,114,173
386,0.012820061135740668,8.331005971651015,8.325031625599786,8.331005971651015,0.0,True,False,107,166
387,0.012806447689551163,8.331005971651015,8.325031625599786,8.331005971651015,0.0,True,False,59,64
388,0.012792848699292496,8.331005971651015,8.325031625599786,8.364915147400497,0.033909175749482046,False,False,118,82
389,0.01277926414961412,8.322914394931589,8.322914394931589,8.322914394931589,-0.008091576719426286,True,True,130,207
390,0.012765694025181776,8.322914394931589,8.322914394931589,8.322914394931589,0.0,True,False,0,69
391,0.012752138310677497,8.322914394931589,8.322914394931589,8.327980058397651,0.005065663466062631,False,False,133,14
392,0.012738596990799577,8.322914394931589,8.322914394931589,8.322914394931589,0.0,True,False,227,157
393,0.012725070050262565,8.322914394931589,8.322914394931589,8.322914394931589,0.0,True,False,212,197
394,0.01271155747379723,8.322914394931589,8.322914394931589,8.322914394931589,0.0,True,False,183,225
395,0.01269805924615057,8.32321404334232,8.322914394931589,8.32321404334232,0.00029964841073137904,True,False,207,145
396,0.012684575352085767,8.32321404334232,8.322914394931589,8.32321404334232,0.0,True,False,227,199
397,0.01267110577638219,8.32321404334232,8.322914394931589,8.32321404334232,0.0,True,False,226,197
398,0.012657650503835365,8.32321404334232,8.322914394931589,inf,inf,False,False,6,229
399,0.012644209519256974,8.32321404334232,8.322914394931589,8.32321404334232,0.0,True,False,13,170
400,0.012630782807474816,8.332001064798042,8.322914394931589,8.332001064798042,0.00878702145572241,True,False,230,182
401,0.012617370353332805,8.332001064798042,8.322914394931589,8.3778718318498,0.045870767051757966,False,False,27,115
402,0.01260397214169095,8.332001064798042,8.322914394931589,8.332001064798042,0.0,True,False,123,215
403,0.012590588157425338,8.332001064798042,8.322914394931589,8.332001064798042,0.0,True,False,160,191
404,0.012577218385428114,8.332001064798042,8.322914394931589,8.332001064798042,0.0,True,False,51,202
405,0.012563862810607465,8.332396566764253,8.322914394931589,8.332396566764253,0.0003955019662100767,True,False,14,42
406,0.012550521417887603,8.332396566764253,8.322914394931589,8.332396566764253,0.0,True,False,233,157
407,0.012537194192208754,8.332396566764253,8.322914394931589,8.332396566764253,0.0,True,False,24,106
408,0.012523881118527133,8.332396566764253,8.322914394931589,8.332396566764253,0.0,True,False,183,231
409,0.012510582181814925,8.332396566764253,8.322914394931589,8.332396566764253,0.0,True,False,39,189
410,0.012497297367060282,8.333284726861477,8.322914394931589,8.333284726861477,0.0008881600972241444,True,False,53,65
411,0.012484026659267289,8.333284726861477,8.322914394931589,8.333284726861477,0.0,True,False,172,111
412,0.012470770043455958,8.333284726861477,8.322914394931589,8.333284726861477,0.0,True,False,86,9
413,0.012457527504662209,8.333284726861477,8.322914394931589,8.333284726861477,0.0,True,False,56,134
414,0.012444299027937849,8.338889669639048,8.322914394931589,8.338889669639048,0.005604942777571509,True,False,52,46
415,0.012431084598350562,8.338889669639048,8.322914394931589,8.338889669639048,0.0,True,False,44,52
416,0.012417884200983888,8.338889669639048,8.322914394931589,8.338889669639048,0.0,True,False,146,91
417,0.012404697820937203,8.338889669639048,8.322914394931589,8.338889669639048,0.0,True,False,85,98
418,0.012391525443325708,8.338889669639048,8.322914394931589,8.338889669639048,0.0,True,False,63,26
419,0.012378367053280414,8.338889669639048,8.322914394931589,8.338889669639048,0.0,True,False,219,178
420,0.012365222635948114,8.32043371587197,8.32043371587197,8.32043371587197,-0.01845595376707898,True,True,230,20
421,0.012352092176491377,8.32043371587197,8.32043371587197,8.32043371587197,0.0,True,False,56,157
422,0.012338975660088528,8.32043371587197,8.32043371587197,8.32043371587197,0.0,True,False,210,191
423,0.012325873071933625,8.32043371587197,8.32043371587197,8.32043371587197,0.0,True,False,56,80
424,0.012312784397236464,8.32043371587197,8.32043371587197,8.382711137882174,0.062277422010204475,False,False,82,139
425,0.012299709621222529,8.32043371587197,8.32043371587197,8.32043371587197,0.0,True,False,197,59
426,0.012286648729133001,8.324767345215404,8.32043371587197,8.324767345215404,0.004333629343435064,True,False,72,146
427,0.012273601706224732,8.324767345215404,8.32043371587197,8.367630463384598,0.04286311816919408,False,False,222,151
428,0.012260568537770232,8.325059374642494,8.32043371587197,8.325059374642494,0.00029202942709005697,True,False,37,205
429,0.012247549209057643,8.325059374642494,8.32043371587197,8.337591220142532,0.012531845500037164,False,False,68,167
430,0.01223454370539074,8.325059374642494,8.32043371587197,8.325059374642494,0.0,True,False,235,108
431,0.012221552012088889,8.325059374642494,8.32043371587197,8.325059374642494,0.0,True,False,197,152
432,0.012208574114487062,8.325059374642494,8.32043371587197,8.325059374642494,0.0,True,False,197,18
433,0.01219560999793579,8.325059374642494,8.32043371587197,8.325059374642494,0.0,True,False,49,69
434,0.012182659647801169,8.325059374642494,8.32043371587197,8.334072783368555,0.00901340872606049,False,False,110,101
435,0.012169723049464827,8.325059374642494,8.32043371587197,8.325059374642494,0.0,True,False,36,59
436,0.012156800188323923,8.325059374642494,8.32043371587197,8.325059374642494,0.0,True,False,26,216
437,0.012143891049791118,8.325059374642494,8.32043371587197,inf,inf,False,False,217,177
438,0.01213099561929456,8.319470808292106,8.319470808292106,8.319470808292106,-0.005588566350388291,True,True,215,178
439,0.012118113882277879,8.319470808292106,8.319470808292106,8.319470808292106,0.0,True,False,0,186
440,0.012105245824200155,8.319470808292106,8.319470808292106,8.319470808292106,0.0,True,False,100,152
441,0.01209239143053591,8.319470808292106,8.319470808292106,inf,inf,False,False,217,195
442,0.012079550686775095,8.319470808292106,8.319470808292106,8.319470808292106,0.0,True,False,66,213
443,0.012066723578423063,8.320092042696142,8.319470808292106,8.320092042696142,0.000621234404036386,True,False,234,145
444,0.01205391009100056,8.320092042696142,8.319470808292106,8.320092042696142,0.0,True,False,144,3
445,0.012041110210043714,8.322551163538611,8.319470808292106,8.322551163538611,0.002459120842468465,True,False,23,229
446,0.012028323921104004,8.319928001060331,8.319470808292106,8.319928001060331,-0.0026231624782795393,True,False,150,92
447,0.012015551209748253,8.320091158680496,8.319470808292106,8.320091158680496,0.00016315762016461122,True,False,146,37
448,0.012002792061558614,8.314385542592422,8.314385542592422,8.314385542592422,-0.005705616088073739,True,True,171,75
449,0.011990046462132545,8.314385542592422,8.314385542592422,8.314385542592422,0.0,True,False,38,145
450,0.011977314397082803,8.314385542592422,8.314385542592422,8.335035080040708,0.02064953744828557,False,False,147,183
451,0.01196459585203742,8.314385542592422,8.314385542592422,8.330690542064836,0.01630499947241404,False,False,181,132
452,0.011951890812639691,8.314385542592422,8.314385542592422,8.314385542592422,0.0,True,False,215,136
453,0.011939199264548152,8.314385542592422,8.314385542592422,8.314385542592422,0.0,True,False,91,16
454,0.011926521193436571,8.314385542592422,8.314385542592422,8.314385542592422,0.0,True,False,133,120
455,0.011913856584993934,8.316920047634117,8.314385542592422,8.316920047634117,0.0025345050416945014,True,False,145,92
456,0.011901205424924411,8.318759213550592,8.314385542592422,8.318759213550592,0.0018391659164755936,True,False,225,181
457,0.011888567698947366,8.318759213550592,8.314385542592422,8.318759213550592,0.0,True,False,91,83
458,0.011875943392797319,8.318162407437947,8.314385542592422,8.318162407437947,-0.0005968061126448987,True,False,19,175
459,0.01186333249222394,8.318162407437947,8.314385542592422,8.323558470107972,0.005396062670024904,False,False,182,101
460,0.011850734982992033,8.317955606432989,8.314385542592422,8.317955606432989,-0.00020680100495873432,True,False,5,145
461,0.011838150850881517,8.317955606432989,8.314385542592422,inf,inf,False,False,225,165
462,0.01182558008168741,8.317955606432989,8.314385542592422,8.317955606432989,0.0,True,False,141,192
463,0.01181302266121982,8.317955606432989,8.314385542592422,inf,inf,False,False,130,168
464,0.01180047857530391,8.317955606432989,8.314385542592422,8.317955606432989,0.0,True,False,195,176
465,0.01178794780977991,8.330452018843898,8.314385542592422,8.330452018843898,0.012496412410909485,True,False,226,137
466,0.011775430350503076,8.330452018843898,8.314385542592422,8.330452018843898,0.0,True,False,35,109
467,0.01176292618334369,8.330452018843898,8.314385542592422,8.330452018843898,0.0,True,False,20,26
468,0.011750435294187036,8.330452018843898,8.314385542592422,8.330452018843898,0.0,True,False,19,100
469,0.011737957668933385,8.308049046230403,8.308049046230403,8.308049046230403,-0.02240297261349511,True,True,221,45
470,0.01172549329349798,8.308049046230403,8.308049046230403,8.308049046230403,0.0,True,False,194,213
471,0.011713042153811021,8.308107819067938,8.308049046230403,8.308107819067938,5.8772837535414624e-05,True,False,3,40
472,0.011700604235817652,8.308107819067938,8.308049046230403,8.367450210485805,0.059342391417866125,False,False,175,233
473,0.011688179525477937,8.308107819067938,8.308049046230403,8.308107819067938,0.0,True,False,233,69
474,0.011675768008766853,8.307404653487978,8.307404653487978,8.307404653487978,-0.0007031655799600856,True,True,75,225
475,0.011663369671674265,8.310348517504591,8.307404653487978,8.310348517504591,0.0029438640166130625,True,False,167,223
476,0.011650984500204919,8.30323819419959,8.30323819419959,8.30323819419959,-0.007110323305001387,True,True,51,77
477,0.01163861248037842,8.30323819419959,8.30323819419959,8.30323819419959,0.0,True,False,96,17
478,0.011626253598229221,8.30323819419959,8.30323819419959,8.30323819419959,0.0,True,False,183,80
479,0.011613907839806604,8.302343950498914,8.302343950498914,8.302343950498914,-0.000894243700676256,True,True,129,40
480,0.011601575191174662,8.302343950498914,8.302343950498914,inf,inf,False,False,165,223
481,0.011589255638412293,8.29907115263658,8.29907115263658,8.29907115263658,-0.0032727978623334764,True,True,27,238
482,0.011576949167613171,8.298607963831122,8.298607963831122,8.298607963831122,-0.0004631888054582589,True,True,4,108
483,0.01156465576488574,8.299838171621815,8.298607963831122,8.299838171621815,0.0012302077906927167,True,False,96,129
484,0.011552375416353197,8.299838171621815,8.298607963831122,inf,inf,False,False,217,190
485,0.011540108108153466,8.299838171621815,8.298607963831122,inf,inf,False,False,10,28
486,0.011527853826439206,8.302917328250174,8.298607963831122,8.302917328250174,0.0030791566283596694,True,False,77,101
487,0.011515612557377763,8.302917328250174,8.298607963831122,inf,inf,False,False,165,183
488,0.011503384287151188,8.302917328250174,8.298607963831122,8.302917328250174,0.0,True,False,236,35
489,0.011491169001956193,8.302917328250174,8.298607963831122,8.302917328250174,0.0,True,False,94,76
490,0.011478966688004156,8.292612195986065,8.292612195986065,8.292612195986065,-0.010305132264109673,True,True,193,65
491,0.011466777331521086,8.292612195986065,8.292612195986065,inf,inf,False,False,173,24
492,0.01145460091874763,8.292641140764,8.292612195986065,8.292641140764,2.8944777934469812e-05,True,False,118,49
493,0.011442437435939043,8.292641140764,8.292612195986065,8.292641140764,0.0,True,False,39,180
494,0.011430286869365168,8.292579332176363,8.292579332176363,8.292579332176363,-6.180858763649155e-05,True,True,3,86
495,0.01141814920531044,8.292579332176363,8.292579332176363,8.292579332176363,0.0,True,False,66,148
496,0.011406024430073847,8.292579332176363,8.292579332176363,8.292579332176363,0.0,True,False,213,121
497,0.01139391252996893,8.292664207878714,8.292579332176363,8.292664207878714,8.487570235082842e-05,True,False,111,87
498,0.01138181349132377,8.292664207878714,8.292579332176363,inf,inf,False,False,67,45
499,0.011369727300480952,8.292664207878714,8.292579332176363,inf,inf,False,False,173,209
500,0.011357653943797579,8.290335425591921,8.290335425591921,8.290335425591921,-0.0023287822867921193,True,True,72,22
501,0.011345593407645231,8.290335425591921,8.290335425591921,8.290335425591921,0.0,True,False,153,195
502,0.011333545678409964,8.290335425591921,8.290335425591921,8.290335425591921,0.0,True,False,149,26
503,0.011321510742492286,8.290335425591921,8.290335425591921,8.290335425591921,0.0,True,False,61,117
504,0.011309488586307152,8.290335425591921,8.290335425591921,8.290335425591921,0.0,True,False,196,149
505,0.011297479196283943,8.287085505288408,8.287085505288408,8.287085505288408,-0.003249920303513676,True,True,118,201
506,0.011285482558866442,8.287278868333457,8.287085505288408,8.287278868333457,0.0001933630450494661,True,False,199,70
507,0.011273498660512835,8.288580682835956,8.287085505288408,8.288580682835956,0.001301814502498999,True,False,36,132
508,0.011261527487695688,8.288580682835956,8.287085505288408,8.288580682835956,0.0,True,False,170,172
509,0.011249569026901924,8.288580682835956,8.287085505288408,8.288580682835956,0.0,True,False,166,50
510,0.011237623264632828,8.288580682835956,8.287085505288408,8.307274466801427,0.018693783965471056,False,False,238,167
511,0.011225690187404005,8.288580682835956,8.287085505288408,inf,inf,False,False,127,232
512,0.011213769781745387,8.288580682835956,8.287085505288408,8.389477140840224,0.10089645800426794,False,False,14,211
513,0.011201862034201211,8.288805218474925,8.287085505288408,8.288805218474925,0.000224535638968959,True,False,160,230
514,0.011189966931330002,8.288805218474925,8.287085505288408,inf,inf,False,False,70,217
515,0.011178084459704548,8.288063682337786,8.287085505288408,8.288063682337786,-0.0007415361371396756,True,False,130,20
516,0.01116621460591191,8.288063682337786,8.287085505288408,8.288063682337786,0.0,True,False,228,52
517,0.011154357356553379,8.288063682337786,8.287085505288408,8.288063682337786,0.0,True,False,145,126
518,0.011142512698244487,8.288063682337786,8.287085505288408,inf,inf,False,False,50,169
519,0.011130680617614968,8.288063682337786,8.287085505288408,8.288063682337786,0.0,True,False,219,66
520,0.011118861101308762,8.288063682337786,8.287085505288408,inf,inf,False,False,162,94
521,0.011107054135983981,8.288063682337786,8.287085505288408,8.288063682337786,0.0,True,False,181,107
522,0.011095259708312913,8.287906542052013,8.287085505288408,8.287906542052013,-0.00015714028577207273,True,False,61,84
523,0.011083477804981999,8.287906542052013,8.287085505288408,8.287906542052013,0.0,True,False,206,103
524,0.011071708412691814,8.287906542052013,8.287085505288408,8.287906542052013,0.0,True,False,126,232
525,0.011059951518157052,8.287906542052013,8.287085505288408,8.342923492156242,0.05501695010422836,False,False,36,9
526,0.011048207108106526,8.287906542052013,8.287085505288408,inf,inf,False,False,81,38
527,0.01103647516928313,8.287906542052013,8.287085505288408,8.293678861160183,0.005772319108169555,False,False,96,145
528,0.011024755688443837,8.287906542052013,8.287085505288408,inf,inf,False,False,6,114
529,0.01101304865235969,8.287906542052013,8.287085505288408,8.343235871961912,0.05532932990989892,False,False,43,2
530,0.011001354047815777,8.287906542052013,8.287085505288408,8.287906542052013,0.0,True,False,203,65
531,0.010989671861611209,8.290434244094183,8.287085505288408,8.290434244094183,0.002527702042169011,True,False,213,137
532,0.010978002080559131,8.29013349852971,8.287085505288408,8.29013349852971,-0.00030074556447168277,True,False,208,112
533,0.010966344691486676,8.29013349852971,8.287085505288408,8.302091349960362,0.01195785143065109,False,False,161,220
534,0.010954699681234976,8.293384237441566,8.287085505288408,8.293384237441566,0.0032507389118556773,True,False,121,175
535,0.01094306703665913,8.293384237441566,8.287085505288408,8.293384237441566,0.0,True,False,92,61
536,0.010931446744628197,8.293384237441566,8.287085505288408,8.293384237441566,0.0,True,False,141,230
537,0.010919838792025183,8.293384237441566,8.287085505288408,inf,inf,False,False,159,198
538,0.010908243165747015,8.290856535399397,8.287085505288408,8.290856535399397,-0.002527702042169011,True,False,136,203
539,0.01089665985270454,8.290856535399397,8.287085505288408,8.290856535399397,0.0,True,False,15,19
540,0.010885088839822504,8.290856535399397,8.287085505288408,8.290856535399397,0.0,True,False,34,73
541,0.010873530114039536,8.291340265265044,8.287085505288408,8.291340265265044,0.00048372986564615417,True,False,97,207
542,0.010861983662308134,8.291340265265044,8.287085505288408,8.291340265265044,0.0,True,False,28,100
543,0.010850449471594654,8.291340265265044,8.287085505288408,inf,inf,False,False,205,169
544,0.010838927528879286,8.293563562048645,8.287085505288408,8.293563562048645,0.002223296783601114,True,False,103,108
545,0.010827417821156055,8.293563562048645,8.287085505288408,8.293563562048645,0.0,True,False,172,140
546,0.010815920335432785,8.293563562048645,8.287085505288408,8.29775622797143,0.00419266592278511,False,False,238,23
547,0.010804435058731108,8.290919639917636,8.287085505288408,8.290919639917636,-0.0026439221310088357,True,False,104,51
548,0.010792961978086432,8.290953419083708,8.287085505288408,8.290953419083708,3.37791660722786e-05,True,False,53,84
549,0.010781501080547928,8.290953419083708,8.287085505288408,8.298397343482995,0.007443924399286317,False,False,67,163
550,0.010770052353178529,8.290953419083708,8.287085505288408,8.290953419083708,0.0,True,False,229,155
551,0.010758615783054894,8.290963570275744,8.287085505288408,8.290963570275744,1.0151192036289558e-05,True,False,192,172
552,0.010747191357267418,8.29094441746187,8.287085505288408,8.29094441746187,-1.915281387532275e-05,True,False,203,218
553,0.010735779062920194,8.29094441746187,8.287085505288408,8.304597239292566,0.013652821830696382,False,False,109,3
554,0.010724378887131014,8.29094441746187,8.287085505288408,8.294847480701515,0.003903063239645732,False,False,156,131
555,0.010712990817031347,8.29094441746187,8.287085505288408,8.29094441746187,0.0,True,False,13,117
556,0.01070161483976633,8.29094441746187,8.287085505288408,8.309615917080619,0.018671499618749365,False,False,110,188
557,0.010690250942494746,8.29094441746187,8.287085505288408,8.296532371293127,0.005587953831257764,False,False,1,139
558,0.010678899112389019,8.29094441746187,8.287085505288408,8.323176367871623,0.03223195040975391,False,False,141,193
559,0.01066755933663519,8.29094441746187,8.287085505288408,8.294991389183867,0.00404697172199775,False,False,131,55
560,0.010656231602432911,8.290708664705287,8.287085505288408,8.290708664705287,-0.00023575275658238581,True,False,212,153
561,0.010644915896995422,8.2889756970524,8.287085505288408,8.2889756970524,-0.0017329676528863303,True,False,27,183
562,0.010633612207549546,8.2889756970524,8.287085505288408,8.343484717318361,0.05450902026596083,False,False,221,168
563,0.010622320521335665,8.3100655588409,8.287085505288408,8.3100655588409,0.02108986178850003,True,False,200,142
564,0.010611040825607716,8.305225426262028,8.287085505288408,8.305225426262028,-0.004840132578872058,True,False,11,96
565,0.010599773107633161,8.292783264442225,8.287085505288408,8.292783264442225,-0.012442161819803843,True,False,36,107
566,0.010588517354692994,8.292783264442225,8.287085505288408,8.292783264442225,0.0,True,False,141,12
567,0.010577273554081707,8.292783264442225,8.287085505288408,8.321778379755452,0.028995115313227515,False,False,180,55
568,0.010566041693107292,8.292783264442225,8.287085505288408,inf,inf,False,False,157,6
569,0.010554821759091206,8.292783264442225,8.287085505288408,inf,inf,False,False,79,131
570,0.01054361373936838,8.297498977171449,8.287085505288408,8.297498977171449,0.0047157127292241086,True,False,228,215
571,0.01053241762128719,8.297498977171449,8.287085505288408,8.297498977171449,0.0,True,False,85,64
572,0.010521233392209447,8.297498977171449,8.287085505288408,inf,inf,False,False,162,15
573,0.010510061039510382,8.289324139973427,8.287085505288408,8.289324139973427,-0.008174837198021478,True,False,142,116
574,0.010498900550578632,8.289324139973427,8.287085505288408,8.289324139973427,0.0,True,False,198,102
575,0.010487751912816224,8.294773289127052,8.287085505288408,8.294773289127052,0.005449149153625044,True,False,233,92
576,0.010476615113638569,8.294773289127052,8.287085505288408,inf,inf,False,False,171,45
577,0.010465490140474435,8.296339064350535,8.287085505288408,8.296339064350535,0.0015657752234830014,True,False,197,228
578,0.010454376980765942,8.296339064350535,8.287085505288408,inf,inf,False,False,75,173
579,0.01044327562196854,8.29773371307068,8.287085505288408,8.29773371307068,0.0013946487201454971,True,False,46,137
580,0.01043218605155101,8.29128336795974,8.287085505288408,8.29128336795974,-0.006450345110939892,True,False,40,1
581,0.01042110825699543,8.29128336795974,8.287085505288408,8.294782641564552,0.0034992736048113926,False,False,97,96
582,0.010410042225797177,8.29128336795974,8.287085505288408,8.29128336795974,0.0,True,False,185,22
583,0.010398987945464903,8.29128336795974,8.287085505288408,8.314621213044195,0.02333784508445369,False,False,94,226
584,0.010387945403520523,8.293502582541826,8.287085505288408,8.293502582541826,0.002219214582085627,True,False,131,14
585,0.01037691458749921,8.293502582541826,8.287085505288408,inf,inf,False,False,187,165
586,0.010365895484949365,8.293502582541826,8.287085505288408,8.320581800141824,0.027079217599997207,False,False,95,215
587,0.010354888083432613,8.293502582541826,8.287085505288408,8.29565776615387,0.0021551836120430323,False,False,57,155
588,0.01034389237052379,8.293502582541826,8.287085505288408,8.316033396036918,0.02253081349509145,False,False,41,107
589,0.010332908333810923,8.294775406798106,8.287085505288408,8.294775406798106,0.0012728242562793923,True,False,20,199
590,0.010321935960895224,8.294775406798106,8.287085505288408,inf,inf,False,False,131,25
591,0.010310975239391063,8.294775406798106,8.287085505288408,8.294775406798106,0.0,True,False,224,222
592,0.010300026156925967,8.294775406798106,8.287085505288408,8.294775406798106,0.0,True,False,183,34
593,0.010289088701140606,8.294775406798106,8.287085505288408,8.305567689314403,0.010792282516296936,False,False,220,109
594,0.010278162859688763,8.294775406798106,8.287085505288408,8.294775406798106,0.0,True,False,229,196
595,0.01026724862023734,8.294775406798106,8.287085505288408,8.319085360246175,0.02430995344806952,False,False,1,38
596,0.010256345970466332,8.294928363103372,8.287085505288408,8.294928363103372,0.00015295630526601656,True,False,156,232
597,0.01024545489806882,8.294928363103372,8.287085505288408,inf,inf,False,False,184,127
598,0.010234575390750946,8.294928363103372,8.287085505288408,inf,inf,False,False,168,73
599,0.010223707436231915,8.2943368143961,8.287085505288408,8.2943368143961,-0.0005915487072716274,True,False,113,202
600,0.010212851022243969,8.2943368143961,8.287085505288408,8.2943368143961,0.0,True,False,213,181
601,0.010202006136532375,8.2943368143961,8.287085505288408,8.318850650108036,0.024513835711935883,False,False,1,205
602,0.010191172766855416,8.2943368143961,8.287085505288408,8.340726641680563,0.046389827284462726,False,False,89,60
603,0.010180350900984375,8.2943368143961,8.287085505288408,8.2943368143961,0.0,True,False,207,84
604,0.010169540526703515,8.291877882435715,8.287085505288408,8.291877882435715,-0.002458931960385158,True,False,237,130
605,0.010158741631810079,8.291877882435715,8.287085505288408,inf,inf,False,False,99,169
606,0.010147954204114266,8.291877882435715,8.287085505288408,8.291877882435715,0.0,True,False,157,206
607,0.010137178231439212,8.294306000685364,8.287085505288408,8.294306000685364,0.002428118249648392,True,False,104,239
608,0.010126413701620988,8.294306000685364,8.287085505288408,8.29839721174299,0.00409121105762722,False,False,33,60
609,0.010115660602508583,8.294306000685364,8.287085505288408,8.294306000685364,0.0,True,False,232,183
610,0.01010491892196389,8.2942943462572,8.287085505288408,8.2942943462572,-1.1654428163865305e-05,True,False,116,113
611,0.010094188647861688,8.2942943462572,8.287085505288408,inf,inf,False,False,25,141
612,0.010083469768089636,8.2942943462572,8.287085505288408,8.2942943462572,0.0,True,False,223,43
613,0.010072762270548248,8.29916283884119,8.287085505288408,8.29916283884119,0.004868492583989692,True,False,46,28
614,0.01006206614315089,8.29916283884119,8.287085505288408,inf,inf,False,False,7,190
615,0.010051381373823763,8.299218493411683,8.287085505288408,8.299218493411683,5.5654570493501865e-05,True,False,66,154
616,0.010040707950505892,8.299218493411683,8.287085505288408,8.299218493411683,0.0,True,False,98,190
617,0.010030045861149106,8.299200241019355,8.287085505288408,8.299200241019355,-1.8252392328221845e-05,True,False,105,31
618,0.010019395093718023,8.299200241019355,8.287085505288408,inf,inf,False,False,222,62
619,0.010008755636190051,8.299179952343042,8.287085505288408,8.299179952343042,-2.02886763123189e-05,True,False,204,192
620,0.009998127476555355,8.302759402724831,8.287085505288408,8.302759402724831,0.0035794503817889733,True,False,42,201
621,0.009987510602816864,8.302770056223123,8.287085505288408,8.302770056223123,1.065349829154627e-05,True,False,151,203
622,0.009976905002990236,8.302770056223123,8.287085505288408,8.302770056223123,0.0,True,False,220,80
623,0.009966310665103863,8.299689814514236,8.287085505288408,8.299689814514236,-0.003080241708886433,True,False,239,29
624,0.009955727577198842,8.313546985091957,8.287085505288408,8.313546985091957,0.013857170577720623,True,False,201,17
625,0.009945155727328974,8.305034335471293,8.287085505288408,8.305034335471293,-0.008512649620664448,True,False,84,226
626,0.009934595103560744,8.305034335471293,8.287085505288408,8.305945216112466,0.000910880641173506,False,False,124,52
627,0.00992404569397331,8.307493741886617,8.287085505288408,8.307493741886617,0.0024594064153244943,True,False,224,163
628,0.009913507486658493,8.308005864672664,8.287085505288408,8.308005864672664,0.0005121227860467314,True,False,235,124
629,0.009902980469720745,8.308005864672664,8.287085505288408,8.329905677565725,0.021899812893060755,False,False,55,89
630,0.009892464631277166,8.308005864672664,8.287085505288408,8.308005864672664,0.0,True,False,57,78
631,0.009881959959457464,8.308887231949207,8.287085505288408,8.308887231949207,0.000881367276543088,True,False,145,40
632,0.009871466442403954,8.307681368802132,8.287085505288408,8.307681368802132,-0.001205863147074382,True,False,225,186
633,0.009860984068271546,8.307681368802132,8.287085505288408,8.307681368802132,0.0,True,False,56,226
634,0.009850512825227725,8.307681368802132,8.287085505288408,inf,inf,False,False,158,79
635,0.009840052701452542,8.307681368802132,8.287085505288408,inf,inf,False,False,168,180
636,0.009829603685138594,8.307681368802132,8.287085505288408,8.337068550885682,0.029387182083549845,False,False,53,112
637,0.009819165764491029,8.307660838718375,8.287085505288408,8.307660838718375,-2.0530083757464013e-05,True,False,38,208
638,0.009808738927727509,8.307660838718375,8.287085505288408,inf,inf,False,False,165,204
639,0.009798323163078207,8.307660838718375,8.287085505288408,8.307660838718375,0.0,True,False,143,51
640,0.0097879184587858,8.307660838718375,8.287085505288408,8.308777823151669,0.0011169844332936663,False,False,41,158
641,0.009777524803105448,8.307660838718375,8.287085505288408,inf,inf,False,False,77,81
642,0.009767142184304783,8.307660838718375,8.287085505288408,8.307660838718375,0.0,True,False,85,111
643,0.009756770590663892,8.307660838718375,8.287085505288408,8.307660838718375,0.0,True,False,5,183
644,0.009746410010475309,8.307660838718375,8.287085505288408,8.307660838718375,0.0,True,False,20,3
645,0.009736060432044006,8.307660838718375,8.287085505288408,8.311681092954224,0.004020254235848952,False,False,118,230
646,0.009725721843687363,8.307660838718375,8.287085505288408,inf,inf,False,False,168,46
647,0.009715394233735174,8.307660838718375,8.287085505288408,8.308025166387216,0.0003643276688407582,False,False,186,138
648,0.009705077590529625,8.307660838718375,8.287085505288408,8.350717582995008,0.043056744276633196,False,False,187,142
649,0.009694771902425273,8.307333769794411,8.287085505288408,8.307333769794411,-0.0003270689239638358,True,False,224,31
650,0.009684477157789051,8.307333769794411,8.287085505288408,8.307333769794411,0.0,True,False,102,13
651,0.009674193345000241,8.307360576093465,8.287085505288408,8.307360576093465,2.6806299054271676e-05,True,False,205,138
652,0.009663920452450465,8.307360576093465,8.287085505288408,8.307360576093465,0.0,True,False,58,198
653,0.009653658468543668,8.307360576093465,8.287085505288408,8.327452313007269,0.020091736913803615,False,False,48,192
654,0.009643407381696117,8.307360576093465,8.287085505288408,8.33219461905098,0.024834042957515123,False,False,11,51
655,0.009633167180336376,8.307360576093465,8.287085505288408,inf,inf,False,False,95,164
656,0.00962293785290529,8.307360576093465,8.287085505288408,8.357554618499146,0.05019404240568015,False,False,40,161
657,0.009612719387855987,8.307360576093465,8.287085505288408,inf,inf,False,False,56,164
658,0.009602511773653854,8.3132596222894,8.287085505288408,8.3132596222894,0.005899046195935398,True,False,106,184
659,0.009592314998776526,8.3132596222894,8.287085505288408,8.3132596222894,0.0,True,False,3,20
660,0.009582129051713874,8.3132596222894,8.287085505288408,8.34165263694019,0.028393014650788473,False,False,72,88
661,0.009571953920967987,8.3132596222894,8.287085505288408,8.326384909505643,0.013125287216242398,False,False,89,141
662,0.009561789595053173,8.313275964279741,8.287085505288408,8.313275964279741,1.6341990340507095e-05,True,False,209,231
663,0.009551636062495927,8.313275964279741,8.287085505288408,inf,inf,False,False,133,25
664,0.009541493311834933,8.313275964279741,8.287085505288408,8.313275964279741,0.0,True,False,70,218
665,0.009531361331621042,8.313275964279741,8.287085505288408,8.313275964279741,0.0,True,False,112,126
666,0.009521240110417264,8.313275964279741,8.287085505288408,8.32768655239135,0.014410588111609002,False,False,179,41
667,0.00951112963679876,8.313275964279741,8.287085505288408,8.313275964279741,0.0,True,False,223,98
668,0.009501029899352812,8.313275964279741,8.287085505288408,8.313275964279741,0.0,True,False,197,105
669,0.009490940886678829,8.313275964279741,8.287085505288408,8.313275964279741,0.0,True,False,230,218
670,0.009480862587388323,8.313275964279741,8.287085505288408,8.313275964279741,0.0,True,False,56,42
671,0.009470794990104899,8.313275964279741,8.287085505288408,8.313275964279741,0.0,True,False,157,35
672,0.009460738083464246,8.313275964279741,8.287085505288408,8.339974798961965,0.02669883468222345,False,False,180,71
673,0.00945069185611411,8.313275964279741,8.287085505288408,8.313275964279741,0.0,True,False,68,205
674,0.009440656296714312,8.313275964279741,8.287085505288408,8.313275964279741,0.0,True,False,157,16
675,0.00943063139393669,8.313275964279741,8.287085505288408,8.313275964279741,0.0,True,False,187,63
676,0.009420617136465134,8.311700342209742,8.287085505288408,8.311700342209742,-0.001575622069999838,True,False,219,186
677,0.009410613512995533,8.311700342209742,8.287085505288408,8.311700342209742,0.0,True,False,140,205
678,0.00940062051223579,8.311700342209742,8.287085505288408,8.311700342209742,0.0,True,False,43,105
679,0.009390638122905798,8.311700342209742,8.287085505288408,8.311700342209742,0.0,True,False,12,76
680,0.00938066633373742,8.331026023613116,8.287085505288408,8.331026023613116,0.019325681403374873,True,False,28,150
681,0.009370705133474497,8.331026023613116,8.287085505288408,8.331026023613116,0.0,True,False,117,39
682,0.009360754510872812,8.338617320135233,8.287085505288408,8.338617320135233,0.007591296522116764,True,False,138,140
683,0.009350814454700093,8.29549986821682,8.287085505288408,8.29549986821682,-0.04311745191841254,True,False,11,0
684,0.009340884953735997,8.29549986821682,8.287085505288408,8.350987656474189,0.05548778825736811,False,False,17,184
685,0.009330965996772092,8.29549986821682,8.287085505288408,8.302765728384111,0.007265860167290583,False,False,124,21
686,0.00932105757261185,8.296953028852071,8.287085505288408,8.296953028852071,0.0014531606352505833,True,False,2,21
687,0.009311159670070629,8.296953028852071,8.287085505288408,inf,inf,False,False,181,164
688,0.009301272277975671,8.296953028852071,8.287085505288408,8.296953028852071,0.0,True,False,194,160
689,0.009291395385166077,8.296859548067177,8.287085505288408,8.296859548067177,-9.348078489423983e-05,True,False,72,116
690,0.009281528980492799,8.29963510434164,8.287085505288408,8.29963510434164,0.002775556274462687,True,False,33,19
691,0.00927167305281863,8.29963510434164,8.287085505288408,8.29963510434164,0.0,True,False,88,109
692,0.00926182759101819,8.299659463160395,8.287085505288408,8.299659463160395,2.4358818755843004e-05,True,False,201,86
693,0.009251992583977913,8.299659463160395,8.287085505288408,8.299659463160395,0.0,True,False,87,85
694,0.00924216802059603,8.299659463160395,8.287085505288408,inf,inf,False,False,62,0
695,0.009232353889782566,8.299659463160395,8.287085505288408,8.299659463160395,0.0,True,False,233,68
696,0.009222550180459322,8.299659463160395,8.287085505288408,inf,inf,False,False,162,146
697,0.009212756881559859,8.299659463160395,8.287085505288408,8.299659463160395,0.0,True,False,94,144
698,0.009202973982029492,8.299659463160395,8.287085505288408,8.299659463160395,0.0,True,False,222,148
699,0.009193201470825274,8.299659463160395,8.287085505288408,8.320968377717305,0.02130891455690964,False,False,46,119
700,0.009183439336915986,8.299659463160395,8.287085505288408,8.299659463160395,0.0,True,False,44,131
701,0.00917368756928212,8.299659463160395,8.287085505288408,8.299659463160395,0.0,True,False,223,176
702,0.009163946156915872,8.30084555415972,8.287085505288408,8.30084555415972,0.0011860909993242075,True,False,138,109
703,0.009154215088821126,8.30084555415972,8.287085505288408,8.341024674323279,0.04017912016355929,False,False,14,185
704,0.009144494354013443,8.301300711957715,8.287085505288408,8.301300711957715,0.00045515779799565337,True,False,57,140
705,0.009134783941520046,8.301300711957715,8.287085505288408,inf,inf,False,False,154,159
706,0.009125083840379813,8.301300711957715,8.287085505288408,inf,inf,False,False,60,217
707,0.009115394039643262,8.301300711957715,8.287085505288408,8.305537459598611,0.004236747640895544,False,False,192,140
708,0.009105714528372534,8.301300711957715,8.287085505288408,8.301300711957715,0.0,True,False,3,143
709,0.009096045295641387,8.301300711957715,8.287085505288408,8.301300711957715,0.0,True,False,22,53
710,0.009086386330535184,8.301300711957715,8.287085505288408,8.301300711957715,0.0,True,False,38,46
711,0.009076737622150872,8.301300711957715,8.287085505288408,inf,inf,False,False,79,184
712,0.009067099159596982,8.298519220836756,8.287085505288408,8.298519220836756,-0.0027814911209596005,True,False,193,107
713,0.009057470931993609,8.298519220836756,8.287085505288408,8.298519220836756,0.0,True,False,43,188
714,0.009047852928472395,8.298519220836756,8.287085505288408,8.298519220836756,0.0,True,False,35,56
715,0.009038245138176535,8.298519220836756,8.287085505288408,8.298519220836756,0.0,True,False,46,239
716,0.00902864755026074,8.298519220836756,8.287085505288408,8.298519220836756,0.0,True,False,77,230
717,0.009019060153891246,8.298519220836756,8.287085505288408,8.298519220836756,0.0,True,False,148,138
718,0.009009482938245791,8.298519220836756,8.287085505288408,8.298519220836756,0.0,True,False,207,114
719,0.008999915892513602,8.298519220836756,8.287085505288408,8.346332491983114,0.04781327114635836,False,False,133,224
720,0.008990359005895392,8.293298718102164,8.287085505288408,8.293298718102164,-0.0052205027345912924,True,False,36,53
721,0.008980812267603333,8.293298718102164,8.287085505288408,inf,inf,False,False,168,48
722,0.008971275666861064,8.293298718102164,8.287085505288408,8.293298718102164,0.0,True,False,224,42
723,0.008961749192903653,8.293298718102164,8.287085505288408,8.293298718102164,0.0,True,False,218,1
724,0.00895223283497761,8.293298718102164,8.287085505288408,8.293298718102164,0.0,True,False,70,68
725,0.008942726582340865,8.293298718102164,8.287085505288408,8.388915235918658,0.09561651781649338,False,False,80,189
726,0.008933230424262743,8.293298718102164,8.287085505288408,8.386725837591587,0.09342711948942295,False,False,89,60
727,0.008923744350023978,8.293298718102164,8.287085505288408,8.293298718102164,0.0,True,False,108,13
728,0.008914268348916676,8.293298718102164,8.287085505288408,8.293298718102164,0.0,True,False,110,226
729,0.008904802410244318,8.293298718102164,8.287085505288408,8.293298718102164,0.0,True,False,104,18
730,0.008895346523321745,8.292799787357136,8.287085505288408,8.292799787357136,-0.0004989307450280478,True,False,121,197
731,0.00888590067747514,8.292799787357136,8.287085505288408,8.319192064647483,0.026392277290346655,False,False,48,32
732,0.008876464862042025,8.292799787357136,8.287085505288408,8.292799787357136,0.0,True,False,71,74
733,0.008867039066371242,8.292799787357136,8.287085505288408,inf,inf,False,False,7,219
734,0.008857623279822943,8.292799787357136,8.287085505288408,inf,inf,False,False,200,168
735,0.008848217491768577,8.292799787357136,8.287085505288408,8.35707168444769,0.06427189709055448,False,False,202,109
736,0.008838821691590882,8.292839642076391,8.287085505288408,8.292839642076391,3.985471925460615e-05,True,False,54,201
737,0.008829435868683873,8.273944369728728,8.273944369728728,8.273944369728728,-0.018895272347663195,True,True,168,10
738,0.008820060012452818,8.273944369728728,8.273944369728728,8.278445323660101,0.004500953931373175,False,False,4,155
739,0.008810694112314247,8.273944369728728,8.273944369728728,8.273944369728728,0.0,True,False,34,157
740,0.008801338157695918,8.273944369728728,8.273944369728728,8.273944369728728,0.0,True,False,68,141
741,0.008791992138036824,8.273944369728728,8.273944369728728,8.273944369728728,0.0,True,False,110,50
742,0.008782656042787164,8.273944369728728,8.273944369728728,inf,inf,False,False,239,173
743,0.008773329861408349,8.273944369728728,8.273944369728728,8.273944369728728,0.0,True,False,77,175
744,0.008764013583372974,8.273944369728728,8.273944369728728,inf,inf,False,False,186,25
745,0.008754707198164815,8.273944369728728,8.273944369728728,8.338587576358014,0.06464320662928635,False,False,109,68
746,0.008745410695278816,8.278154107567284,8.273944369728728,8.278154107567284,0.004209737838555938,True,False,145,196
747,0.008736124064221076,8.278154107567284,8.273944369728728,8.278154107567284,0.0,True,False,44,86
748,0.008726847294508833,8.278154107567284,8.273944369728728,inf,inf,False,False,169,99
749,0.008717580375670466,8.278154107567284,8.273944369728728,8.278154107567284,0.0,True,False,187,186
750,0.008708323297245463,8.278136486796882,8.273944369728728,8.278136486796882,-1.7620770401904906e-05,True,False,80,48
751,0.008699076048784428,8.276777268395898,8.273944369728728,8.276777268395898,-0.0013592184009834085,True,False,0,186
752,0.008689838619849054,8.276777268395898,8.273944369728728,8.276777268395898,0.0,True,False,34,194
753,0.008680611000012124,8.276777268395898,8.273944369728728,8.276777268395898,0.0,True,False,34,69
754,0.008671393178857494,8.276777268395898,8.273944369728728,8.276777268395898,0.0,True,False,218,28
755,0.008662185145980073,8.276777268395898,8.273944369728728,8.305403977296898,0.028626708900999276,False,False,12,109
756,0.008652986890985832,8.276777268395898,8.273944369728728,8.276777268395898,0.0,True,False,153,134
757,0.008643798403491762,8.276777268395898,8.273944369728728,8.276777268395898,0.0,True,False,184,239
758,0.008634619673125897,8.276777268395898,8.273944369728728,8.276777268395898,0.0,True,False,38,37
759,0.008625450689527275,8.276899871133724,8.273944369728728,8.276899871133724,0.0001226027378251615,True,False,16,80
760,0.008616291442345936,8.27807274319419,8.273944369728728,8.27807274319419,0.0011728720604669007,True,False,208,53
761,0.008607141921242917,8.27807274319419,8.273944369728728,8.27807274319419,0.0,True,False,76,4
762,0.008598002115890223,8.277984554058643,8.273944369728728,8.277984554058643,-8.818913554797803e-05,True,False,137,210
763,0.00858887201597084,8.277984554058643,8.273944369728728,8.277984554058643,0.0,True,False,132,144
764,0.008579751611178698,8.277984554058643,8.273944369728728,8.277984554058643,0.0,True,False,75,226
765,0.008570640891218674,8.277984554058643,8.273944369728728,inf,inf,False,False,127,134
766,0.008561539845806581,8.277984554058643,8.273944369728728,8.277984554058643,0.0,True,False,26,55
767,0.00855244846466915,8.277984554058643,8.273944369728728,8.277984554058643,0.0,True,False,99,230
768,0.008543366737544019,8.278033486821332,8.273944369728728,8.278033486821332,4.8932762689801734e-05,True,False,54,41
769,0.008534294654179726,8.278033486821332,8.273944369728728,8.278033486821332,0.0,True,False,191,229
770,0.008525232204335693,8.278033486821332,8.273944369728728,8.278033486821332,0.0,True,False,129,236
771,0.008516179377782223,8.278033486821332,8.273944369728728,8.278033486821332,0.0,True,False,75,172
772,0.00850713616430047,8.278033486821332,8.273944369728728,8.278033486821332,0.0,True,False,229,58
773,0.00849810255368245,8.278033486821332,8.273944369728728,inf,inf,False,False,221,76
774,0.008489078535731012,8.278033486821332,8.273944369728728,inf,inf,False,False,101,79
775,0.008480064100259836,8.278033486821332,8.273944369728728,8.310848952886984,0.03281546606565122,False,False,111,67
776,0.008471059237093419,8.278033486821332,8.273944369728728,8.278033486821332,0.0,True,False,97,176
777,0.008462063936067061,8.278033486821332,8.273944369728728,8.284899488807321,0.0068660019859887456,False,False,161,94
778,0.00845307818702686,8.278033486821332,8.273944369728728,inf,inf,False,False,170,10
779,0.008444101979829692,8.278033486821332,8.273944369728728,8.278033486821332,0.0,True,False,220,5
780,0.008435135304343205,8.278033486821332,8.273944369728728,8.278033486821332,0.0,True,False,176,229
781,0.008426178150445808,8.278033486821332,8.273944369728728,8.278033486821332,0.0,True,False,87,144
782,0.008417230508026653,8.278033486821332,8.273944369728728,inf,inf,False,False,158,25
783,0.00840829236698564,8.278033486821332,8.273944369728728,8.278033486821332,0.0,True,False,232,75
784,0.008399363717233379,8.278033486821332,8.273944369728728,8.278033486821332,0.0,True,False,67,22
785,0.008390444548691206,8.278033486821332,8.273944369728728,inf,inf,False,False,32,165
786,0.008381534851291152,8.278033486821332,8.273944369728728,8.278033486821332,0.0,True,False,1,18
787,0.008372634614975942,8.278033486821332,8.273944369728728,8.278033486821332,0.0,True,False,216,239
788,0.008363743829698983,8.285482134819746,8.273944369728728,8.285482134819746,0.00744864799841416,True,False,194,142
789,0.008354862485424344,8.285482134819746,8.273944369728728,8.285482134819746,0.0,True,False,238,117
790,0.00834599057212676,8.285482134819746,8.273944369728728,inf,inf,False,False,62,220
791,0.0083371280797916,8.285482134819746,8.273944369728728,inf,inf,False,False,207,162
792,0.008328274998414879,8.285482134819746,8.273944369728728,inf,inf,False,False,40,8
793,0.008319431318003227,8.264081525589848,8.264081525589848,8.264081525589848,-0.021400609229898393,True,True,73,158
794,0.00831059702857389,8.264081525589848,8.264081525589848,8.264081525589848,0.0,True,False,205,125
795,0.008301772120154713,8.264081525589848,8.264081525589848,8.264081525589848,0.0,True,False,15,75
796,0.00829295658278413,8.264081525589848,8.264081525589848,8.26594382228996,0.001862296700112509,False,False,74,144
797,0.008284150406511157,8.264081525589848,8.264081525589848,inf,inf,False,False,174,217
798,0.00827535358139537,8.261071352514678,8.261071352514678,8.261071352514678,-0.0030101730751699307,True,True,126,105
799,0.008266566097506903,8.26218222419446,8.261071352514678,8.26218222419446,0.001110871679781411,True,False,36,171
800,0.008257787944926442,8.26218222419446,8.261071352514678,8.26218222419446,0.0,True,False,115,116
801,0.008249019113745192,8.26218222419446,8.261071352514678,8.28783592611513,0.025653701920671068,False,False,178,19
802,0.00824025959406489,8.26218222419446,8.261071352514678,inf,inf,False,False,48,169
803,0.008231509375997785,8.26218222419446,8.261071352514678,8.28577002535519,0.023587801160729782,False,False,107,97
804,0.00822276844966662,8.26218222419446,8.261071352514678,8.26218222419446,0.0,True,False,113,215
805,0.008214036805204626,8.26218222419446,8.261071352514678,8.332469017569414,0.07028679337495447,False,False,64,82
806,0.008205314432755517,8.26218222419446,8.261071352514678,inf,inf,False,False,157,10
807,0.00819660132247347,8.26218222419446,8.261071352514678,8.26218222419446,0.0,True,False,91,46
808,0.008187897464523117,8.26218222419446,8.261071352514678,8.26218222419446,0.0,True,False,44,48
809,0.008179202849079536,8.26218222419446,8.261071352514678,8.26218222419446,0.0,True,False,122,219
810,0.008170517466328233,8.259067309898054,8.259067309898054,8.259067309898054,-0.0031149142964057575,True,True,158,31
811,0.008161841306465143,8.259067309898054,8.259067309898054,8.259067309898054,0.0,True,False,95,203
812,0.008153174359696608,8.259067309898054,8.259067309898054,8.297566655573185,0.038499345675131025,False,False,3,89
813,0.008144516616239366,8.259067309898054,8.259067309898054,8.259067309898054,0.0,True,False,77,13
814,0.008135868066320552,8.260373874219272,8.259067309898054,8.260373874219272,0.0013065643212186728,True,False,158,33
815,0.008127228700177671,8.26039997414485,8.259067309898054,8.26039997414485,2.6099925577227623e-05,True,False,58,129
816,0.0081185985080586,8.26039997414485,8.259067309898054,8.26039997414485,0.0,True,False,231,193
817,0.00810997748022157,8.26042732768683,8.259067309898054,8.26042732768683,2.735354198080131e-05,True,False,15,193
818,0.008101365606935152,8.260459655819448,8.259067309898054,8.260459655819448,3.232813261710987e-05,True,False,123,190
819,0.008092762878478262,8.260190676468254,8.259067309898054,8.260190676468254,-0.00026897935119407634,True,False,70,58
820,0.008084169285140125,8.260190676468254,8.259067309898054,8.266590878057816,0.006400201589562116,False,False,147,224
821,0.00807558481722029,8.260190676468254,8.259067309898054,8.260190676468254,0.0,True,False,43,103
822,0.008067009465028597,8.260237988748045,8.259067309898054,8.260237988748045,4.7312279791711376e-05,True,False,238,30
823,0.00805844321888518,8.260237988748045,8.259067309898054,8.260237988748045,0.0,True,False,48,178
824,0.008049886069120453,8.26023489045389,8.259067309898054,8.26023489045389,-3.098294154568748e-06,True,False,100,175
825,0.008041338006075097,8.26048661585779,8.259067309898054,8.26048661585779,0.0002517254038991723,True,False,70,179
826,0.008032799020100052,8.26048661585779,8.259067309898054,8.26048661585779,0.0,True,False,204,74
827,0.008024269101556496,8.259915835070721,8.259067309898054,8.259915835070721,-0.0005707807870685144,True,False,216,57
828,0.008015748240815856,8.259915835070721,8.259067309898054,8.268732761187728,0.008816926117006574,False,False,236,1
829,0.008007236428259772,8.259915835070721,8.259067309898054,8.281419719008822,0.021503883938100543,False,False,186,30
830,0.007998733654280102,8.259915835070721,8.259067309898054,8.259915835070721,0.0,True,False,207,134
831,0.007990239909278905,8.259915835070721,8.259067309898054,8.27316909112605,0.013253256055328677,False,False,16,224
832,0.007981755183668435,8.259915835070721,8.259067309898054,8.259915835070721,0.0,True,False,42,125
833,0.007973279467871125,8.259915835070721,8.259067309898054,8.259915835070721,0.0,True,False,76,119
834,0.007964812752319578,8.25998801307171,8.259067309898054,8.25998801307171,7.217800098935356e-05,True,False,238,160
835,0.007956355027456558,8.260013422079101,8.259067309898054,8.260013422079101,2.5409007390564398e-05,True,False,36,55
836,0.007947906283734976,8.260017689725862,8.259067309898054,8.260017689725862,4.267646760425237e-06,True,False,52,135
837,0.007939466511617883,8.260017689725862,8.259067309898054,8.260017689725862,0.0,True,False,29,172
838,0.007931035701578455,8.263301328135883,8.259067309898054,8.263301328135883,0.003283638410021439,True,False,137,192
839,0.007922613844099983,8.269762367259418,8.259067309898054,8.269762367259418,0.006461039123534462,True,False,185,220
840,0.007914200929675869,8.269765139388092,8.259067309898054,8.269765139388092,2.7721286741666518e-06,True,False,191,223
841,0.007905796948809607,8.269765139388092,8.259067309898054,8.269765139388092,0.0,True,False,148,106
842,0.007897401892014773,8.265777311823168,8.259067309898054,8.265777311823168,-0.003987827564923663,True,False,116,109
843,0.007889015749815022,8.265681584771276,8.259067309898054,8.265681584771276,-9.57270518924247e-05,True,False,228,30
844,0.007880638512744063,8.267056819072328,8.259067309898054,8.267056819072328,0.0013752343010526857,True,False,210,115
845,0.007872270171345667,8.271931857638645,8.259067309898054,8.271931857638645,0.004875038566316547,True,False,155,84
846,0.00786391071617364,8.271931857638645,8.259067309898054,8.271931857638645,0.0,True,False,124,3
847,0.007855560137791822,8.271931857638645,8.259067309898054,8.271931857638645,0.0,True,False,123,157
848,0.00784721842677407,8.271931857638645,8.259067309898054,8.271931857638645,0.0,True,False,130,218
849,0.007838885573704255,8.271931857638645,8.259067309898054,inf,inf,False,False,165,134
850,0.00783056156917624,8.271931857638645,8.259067309898054,inf,inf,False,False,159,96
851,0.007822246403793885,8.271931857638645,8.259067309898054,8.271931857638645,0.0,True,False,195,119
852,0.007813940068171021,8.271931857638645,8.259067309898054,8.271931857638645,0.0,True,False,205,15
853,0.007805642552931448,8.271931857638645,8.259067309898054,8.271931857638645,0.0,True,False,30,3
854,0.0077973538487089225,8.271931857638645,8.259067309898054,8.271931857638645,0.0,True,False,113,132
855,0.007789073946147147,8.271931857638645,8.259067309898054,8.271931857638645,0.0,True,False,24,97
856,0.00778080283589976,8.272047055956994,8.259067309898054,8.272047055956994,0.00011519831834938543,True,False,41,104
857,0.007772540508630323,8.272047055956994,8.259067309898054,8.272047055956994,0.0,True,False,226,202
858,0.007764286955012314,8.270448006498702,8.259067309898054,8.270448006498702,-0.0015990494582922565,True,False,201,94
859,0.007756042165729112,8.270448006498702,8.259067309898054,8.270448006498702,0.0,True,False,181,22
860,0.0077478061314739935,8.270448006498702,8.259067309898054,8.270448006498702,0.0,True,False,141,130
861,0.00773957884295011,8.270448006498702,8.259067309898054,8.270448006498702,0.0,True,False,100,212
862,0.007731360290870496,8.236883993368378,8.236883993368378,8.236883993368378,-0.033564013130323644,True,True,8,228
863,0.007723150465958037,8.236867902181238,8.236867902181238,8.236867902181238,-1.6091187140077068e-05,True,True,129,110
864,0.007714949358945475,8.221632695393588,8.221632695393588,8.221632695393588,-0.015235206787650668,True,True,164,6
865,0.007706756960575397,8.221632695393588,8.221632695393588,inf,inf,False,False,227,217
866,0.00769857326160021,8.22158621633842,8.22158621633842,8.22158621633842,-4.647905516819151e-05,True,True,72,67
867,0.00769039825278215,8.22158621633842,8.22158621633842,8.22158621633842,0.0,True,False,220,239
868,0.007682231924893255,8.220631219244375,8.220631219244375,8.220631219244375,-0.0009549970940447849,True,True,40,208
869,0.00767407426871537,8.220631219244375,8.220631219244375,inf,inf,False,False,235,228
870,0.007665925275040124,8.220631219244375,8.220631219244375,inf,inf,False,False,135,10
871,0.007657784934668922,8.220631219244375,8.220631219244375,8.220631219244375,0.0,True,False,182,183
872,0.007649653238412944,8.220631219244375,8.220631219244375,8.220631219244375,0.0,True,False,145,51
873,0.007641530177093119,8.220631219244375,8.220631219244375,8.220631219244375,0.0,True,False,189,113
874,0.007633415741540131,8.220631219244375,8.220631219244375,8.220631219244375,0.0,True,False,23,203
875,0.007625309922594395,8.220631219244375,8.220631219244375,8.220631219244375,0.0,True,False,98,192
876,0.007617212711106055,8.220631219244375,8.220631219244375,8.220631219244375,0.0,True,False,202,229
877,0.00760912409793497,8.220345842564859,8.220345842564859,8.220345842564859,-0.00028537667951589185,True,True,209,158
878,0.007601044073950707,8.220345842564859,8.220345842564859,8.239784658513676,0.019438815948817023,False,False,35,99
879,0.007592972630032526,8.220345842564859,8.220345842564859,8.413677533890437,0.1933316913255787,False,False,190,161
880,0.007584909757069372,8.220345842564859,8.220345842564859,8.220345842564859,0.0,True,False,56,145
881,0.0075768554459598675,8.220345842564859,8.220345842564859,8.220345842564859,0.0,True,False,223,187
882,0.007568809687612298,8.220345842564859,8.220345842564859,8.220345842564859,0.0,True,False,190,237
883,0.007560772472944602,8.220109054745985,8.220109054745985,8.220109054745985,-0.00023678781887426226,True,True,66,163
884,0.007552743792884367,8.220109054745985,8.220109054745985,8.22038606398583,0.00027700923984497194,False,False,60,76
885,0.007544723638368808,8.220109054745985,8.220109054745985,8.220109054745985,0.0,True,False,155,9
886,0.007536712000344767,8.219329922023068,8.219329922023068,8.219329922023068,-0.0007791327229167422,True,True,94,136
887,0.007528708869768701,8.219329922023068,8.219329922023068,inf,inf,False,False,50,173
888,0.007520714237606664,8.219329922023068,8.219329922023068,8.219329922023068,0.0,True,False,176,149
889,0.007512728094834313,8.219329922023068,8.219329922023068,8.251508241364492,0.032178319341424455,False,False,72,107
890,0.007504750432436877,8.220151810080012,8.219329922023068,8.220151810080012,0.0008218880569437204,True,False,157,112
891,0.007496781241409167,8.220151810080012,8.219329922023068,8.220151810080012,0.0,True,False,237,33
892,0.007488820512755549,8.220151810080012,8.219329922023068,8.220151810080012,0.0,True,False,44,111
893,0.007480868237489947,8.220151810080012,8.219329922023068,inf,inf,False,False,86,45
894,0.007472924406635823,8.220151810080012,8.219329922023068,inf,inf,False,False,238,25
895,0.007464989011226173,8.220151810080012,8.219329922023068,8.220151810080012,0.0,True,False,226,123
896,0.007457062042303516,8.220151810080012,8.219329922023068,8.220151810080012,0.0,True,False,188,155
897,0.007449143490919881,8.22012522357772,8.219329922023068,8.22012522357772,-2.658650229214743e-05,True,False,30,97
898,0.007441233348136799,8.22012522357772,8.219329922023068,8.23587904162288,0.015753818045160628,False,False,127,62
899,0.007433331605025294,8.22012522357772,8.219329922023068,8.22012522357772,0.0,True,False,132,26
900,0.0074254382526658695,8.213245125749195,8.213245125749195,8.213245125749195,-0.006880097828524612,True,True,201,170
901,0.007417553282148503,8.213245125749195,8.213245125749195,8.213245125749195,0.0,True,False,239,72
902,0.007409676684572628,8.215456820512717,8.213245125749195,8.215456820512717,0.0022116947635222317,True,False,19,129
903,0.00740180845104714,8.215456820512717,8.213245125749195,8.215456820512717,0.0,True,False,53,223
904,0.007393948572690363,8.215456820512717,8.213245125749195,8.216084090992071,0.0006272704793541806,False,False,21,144
905,0.007386097040630061,8.215456820512717,8.213245125749195,8.215456820512717,0.0,True,False,203,73
906,0.007378253846003418,8.215456820512717,8.213245125749195,8.215456820512717,0.0,True,False,75,68
907,0.007370418979957025,8.215456820512717,8.213245125749195,8.215456820512717,0.0,True,False,57,50
908,0.007362592433646882,8.215456820512717,8.213245125749195,inf,inf,False,False,215,10
909,0.007354774198238371,8.215456820512717,8.213245125749195,8.215456820512717,0.0,True,False,8,119
910,0.007346964264906263,8.215456820512717,8.213245125749195,8.215456820512717,0.0,True,False,236,86
911,0.007339162624834698,8.215456820512717,8.213245125749195,8.215456820512717,0.0,True,False,134,225
912,0.007331369269217173,8.215456820512717,8.213245125749195,8.215456820512717,0.0,True,False,113,125
913,0.007323584189256545,8.215456820512717,8.213245125749195,inf,inf,False,False,162,43
914,0.007315807376165005,8.215456820512717,8.213245125749195,8.215456820512717,0.0,True,False,134,24
915,0.007308038821164081,8.216717195830585,8.213245125749195,8.216717195830585,0.0012603753178677124,True,False,143,230
916,0.00730027851548462,8.216548719240011,8.213245125749195,8.216548719240011,-0.00016847659057361852,True,False,31,63
917,0.00729252645036678,8.215186257241424,8.213245125749195,8.215186257241424,-0.00136246199858725,True,False,2,48
918,0.007284782617060023,8.215186257241424,8.213245125749195,inf,inf,False,False,62,151
919,0.007277047006823101,8.21507740207705,8.213245125749195,8.21507740207705,-0.00010885516437397769,True,False,211,192
920,0.007269319610924052,8.21507740207705,8.213245125749195,8.2309062285676,0.01582882649054973,False,False,29,107
921,0.007261600420640181,8.21507740207705,8.213245125749195,8.21507740207705,0.0,True,False,101,104
922,0.00725388942725806,8.21507740207705,8.213245125749195,8.21507740207705,0.0,True,False,150,220
923,0.0072461866220735124,8.21507740207705,8.213245125749195,8.21507740207705,0.0,True,False,27,193
924,0.007238491996391603,8.21507740207705,8.213245125749195,inf,inf,False,False,70,173
925,0.0072308055415266324,8.21507740207705,8.213245125749195,inf,inf,False,False,173,207
926,0.00722312724880212,8.218243396413381,8.213245125749195,8.218243396413381,0.003165994336331579,True,False,170,205
927,0.007215457109550803,8.218243396413381,8.213245125749195,8.218243396413381,0.0,True,False,35,78
928,0.007207795115114622,8.218202534839405,8.213245125749195,8.218202534839405,-4.086157397686918e-05,True,False,60,95
929,0.007200141256844707,8.218202534839405,8.213245125749195,8.218202534839405,0.0,True,False,190,193
930,0.007192495526101379,8.218202534839405,8.213245125749195,8.218202534839405,0.0,True,False,21,225
931,0.007184857914254125,8.22897756557538,8.213245125749195,8.22897756557538,0.010775030735976188,True,False,27,20
932,0.007177228412681605,8.22897756557538,8.213245125749195,8.22897756557538,0.0,True,False,37,72
933,0.007169607012771628,8.228936274669504,8.213245125749195,8.228936274669504,-4.129090587667861e-05,True,False,73,152
934,0.00716199370592115,8.2286662071902,8.213245125749195,8.2286662071902,-0.0002700674793043589,True,False,130,85
935,0.007154388483536266,8.222954194476083,8.213245125749195,8.222954194476083,-0.00571201271411681,True,False,192,184
936,0.007146791337032188,8.222954194476083,8.213245125749195,8.222954194476083,0.0,True,False,130,15
937,0.007139202257833254,8.222954194476083,8.213245125749195,8.251314689371718,0.028360494895634858,False,False,153,224
938,0.007131621237372902,8.222954194476083,8.213245125749195,8.229572412160737,0.006618217684653871,False,False,48,60
939,0.007124048267093669,8.222954194476083,8.213245125749195,8.25155732960548,0.028603135129397828,False,False,28,84
940,0.007116483338447179,8.222954194476083,8.213245125749195,8.222954194476083,0.0,True,False,208,188
941,0.007108926442894133,8.222954194476083,8.213245125749195,8.222954194476083,0.0,True,False,23,3
942,0.007101377571904299,8.222954194476083,8.213245125749195,8.222954194476083,0.0,True,False,94,178
943,0.007093836716956504,8.222954194476083,8.213245125749195,inf,inf,False,False,92,217
944,0.007086303869538623,8.222954194476083,8.213245125749195,8.222954194476083,0.0,True,False,78,88
945,0.007078779021147573,8.222954194476083,8.213245125749195,8.222954194476083,0.0,True,False,122,57
946,0.0070712621632892944,8.222954194476083,8.213245125749195,8.222954194476083,0.0,True,False,102,121
947,0.007063753287478754,8.221026273987384,8.213245125749195,8.221026273987384,-0.001927920488698831,True,False,22,171
948,0.007056252385239921,8.221026273987384,8.213245125749195,8.225530050773616,0.004503776786231484,False,False,40,118
949,0.007048759448105774,8.221026273987384,8.213245125749195,inf,inf,False,False,7,201
950,0.007041274467618276,8.221026273987384,8.213245125749195,8.221026273987384,0.0,True,False,103,102
951,0.007033797435328372,8.221026273987384,8.213245125749195,8.222584460852959,0.00155818686557474,False,False,144,98
952,0.0070263283427959835,8.221026273987384,8.213245125749195,8.426542471553425,0.20551619756604111,False,False,110,161
953,0.00701886718158999,8.221574020476014,8.213245125749195,8.221574020476014,0.0005477464886300965,True,False,203,107
954,0.007011413943288226,8.221574020476014,8.213245125749195,inf,inf,False,False,172,10
955,0.007003968619477468,8.221574020476014,8.213245125749195,8.221574020476014,0.0,True,False,23,103
956,0.006996531201753427,8.221574020476014,8.213245125749195,8.221574020476014,0.0,True,False,233,109
957,0.006989101681720739,8.221574020476014,8.213245125749195,inf,inf,False,False,228,46
958,0.006981680050992955,8.221574020476014,8.213245125749195,8.221574020476014,0.0,True,False,110,11
959,0.00697426630119253,8.221574020476014,8.213245125749195,8.241619592490258,0.020045572014243618,False,False,140,184
960,0.006966860423950815,8.221574020476014,8.213245125749195,8.221574020476014,0.0,True,False,183,40
961,0.006959462410908051,8.221778878777666,8.213245125749195,8.221778878777666,0.00020485830165206664,True,False,152,206
962,0.006952072253713351,8.221778878777666,8.213245125749195,8.221778878777666,0.0,True,False,68,190
963,0.006944689944024698,8.221778878777666,8.213245125749195,8.221778878777666,0.0,True,False,54,33
964,0.006937315473508937,8.221778878777666,8.213245125749195,8.221778878777666,0.0,True,False,72,123
965,0.006929948833841756,8.221778878777666,8.213245125749195,8.221778878777666,0.0,True,False,166,193
966,0.006922590016707685,8.23138715918478,8.213245125749195,8.23138715918478,0.009608280407114478,True,False,194,155
967,0.006915239013800083,8.23138715918478,8.213245125749195,8.23138715918478,0.0,True,False,35,135
968,0.006907895816821131,8.23138715918478,8.213245125749195,8.265216627878859,0.0338294686940781,False,False,157,3
969,0.0069005604174818234,8.231332457585484,8.213245125749195,8.231332457585484,-5.470159929643614e-05,True,False,188,67
970,0.006893232807501951,8.237345606716243,8.213245125749195,8.237345606716243,0.006013149130758677,True,False,118,43
971,0.006885912978610102,8.232936812685585,8.213245125749195,8.232936812685585,-0.004408794030657859,True,False,65,143
972,0.006878600922543646,8.232936812685585,8.213245125749195,8.232936812685585,0.0,True,False,2,126
973,0.006871296631048727,8.232936812685585,8.213245125749195,8.248832556407152,0.015895743721566546,False,False,77,120
974,0.006864000095880254,8.232936812685585,8.213245125749195,8.242147730940305,0.009210918254719758,False,False,63,55
975,0.006856711308801889,8.232936812685585,8.213245125749195,8.232936812685585,0.0,True,False,75,154
976,0.006849430261586045,8.232936812685585,8.213245125749195,8.252511721703918,0.01957490901833303,False,False,169,155
977,0.006842156946013866,8.232936812685585,8.213245125749195,8.237488979292078,0.0045521666064924915,False,False,230,63
978,0.006834891353875227,8.232936812685585,8.213245125749195,inf,inf,False,False,164,69
979,0.006827633476968719,8.232938960428518,8.213245125749195,8.232938960428518,2.1477429328342623e-06,True,False,87,122
980,0.0068203833071016455,8.232587967056912,8.213245125749195,8.232587967056912,-0.00035099337160637845,True,False,184,42
981,0.006813140836090008,8.232587967056912,8.213245125749195,8.232587967056912,0.0,True,False,193,227
982,0.006805906055758495,8.232587967056912,8.213245125749195,inf,inf,False,False,99,162
983,0.006798678957940484,8.223086631240166,8.213245125749195,8.223086631240166,-0.009501335816745282,True,False,222,204
984,0.0067914595344780145,8.220477859080543,8.213245125749195,8.220477859080543,-0.00260877215962374,True,False,22,204
985,0.0067842477772217975,8.220481997066102,8.213245125749195,8.220481997066102,4.137985559538038e-06,True,False,134,4
986,0.006777043678031194,8.220481997066102,8.213245125749195,8.242516292641007,0.02203429557490466,False,False,19,18
987,0.006769847228774208,8.220481997066102,8.213245125749195,inf,inf,False,False,164,1
988,0.006762658421327483,8.220481997066102,8.213245125749195,8.220481997066102,0.0,True,False,177,151
989,0.0067554772475762834,8.220391566846184,8.213245125749195,8.220391566846184,-9.043021991850253e-05,True,False,71,128
990,0.006748303699414496,8.224657979630713,8.213245125749195,8.224657979630713,0.00426641278452955,True,False,146,155
991,0.006741137768744609,8.223957235683624,8.213245125749195,8.223957235683624,-0.0007007439470889665,True,False,204,208
992,0.006733979447477715,8.223957235683624,8.213245125749195,8.223957235683624,0.0,True,False,16,176
993,0.006726828727533493,8.223957235683624,8.213245125749195,8.223957235683624,0.0,True,False,232,34
994,0.006719685600840204,8.224101796063072,8.213245125749195,8.224101796063072,0.0001445603794483219,True,False,216,154
995,0.0067125500593346816,8.224101796063072,8.213245125749195,8.224101796063072,0.0,True,False,21,94
996,0.006705422094962315,8.224101796063072,8.213245125749195,8.335899713086107,0.11179791702303454,False,False,51,161
997,0.0066983016996770535,8.224101796063072,8.213245125749195,8.224101796063072,0.0,True,False,220,80
998,0.006691188865441388,8.224101796063072,8.213245125749195,8.224101796063072,0.0,True,False,166,56
999,0.006684083584226342,8.224101796063072,8.213245125749195,8.224101796063072,0.0,True,False,61,233
1000,0.00667698584801147,8.224101796063072,8.213245125749195,8.224101796063072,0.0,True,False,24,190
1001,0.006669895648784839,8.224101796063072,8.213245125749195,8.224101796063072,0.0,True,False,26,88
1002,0.006662812978543024,8.224101796063072,8.213245125749195,8.224101796063072,0.0,True,False,91,3
1003,0.006655737829291101,8.222208748571887,8.213245125749195,8.222208748571887,-0.0018930474911851292,True,False,38,224
1004,0.0066486701930426354,8.222208748571887,8.213245125749195,8.222208748571887,0.0,True,False,113,200
1005,0.006641610061819671,8.223655255224577,8.213245125749195,8.223655255224577,0.0014465066526891945,True,False,157,156
1006,0.006634557427652725,8.223655255224577,8.213245125749195,8.223655255224577,0.0,True,False,160,121
1007,0.006627512282580778,8.223655255224577,8.213245125749195,inf,inf,False,False,79,42
1008,0.006620474618651261,8.223655255224577,8.213245125749195,8.223655255224577,0.0,True,False,46,28
1009,0.006613444427920051,8.223346124904038,8.213245125749195,8.223346124904038,-0.00030913032053803136,True,False,146,74
1010,0.006606421702451468,8.223346124904038,8.213245125749195,8.223346124904038,0.0,True,False,171,92
1011,0.006599406434318247,8.223346124904038,8.213245125749195,8.242029467839174,0.018683342935135627,False,False,96,211
1012,0.006592398615601548,8.225273469370025,8.213245125749195,8.225273469370025,0.0019273444659866357,True,False,115,92
1013,0.006585398238390938,8.225273469370025,8.213245125749195,8.225273469370025,0.0,True,False,4,171
1014,0.006578405294784384,8.225143287186212,8.213245125749195,8.225143287186212,-0.00013018218381333213,True,False,75,218
1015,0.006571419776888247,8.225143287186212,8.213245125749195,8.24651352398698,0.02137023680076844,False,False,36,205
1016,0.006564441676817263,8.22613828861645,8.213245125749195,8.22613828861645,0.0009950014302386734,True,False,186,104
1017,0.006557470986694548,8.22613828861645,8.213245125749195,inf,inf,False,False,67,7
1018,0.006550507698651582,8.22613828861645,8.213245125749195,8.22613828861645,0.0,True,False,231,55
1019,0.006543551804828195,8.22613828861645,8.213245125749195,8.22613828861645,0.0,True,False,216,143
1020,0.0065366032973725695,8.226308866581785,8.213245125749195,8.226308866581785,0.0001705779653349282,True,False,199,128
1021,0.006529662168441221,8.226308866581785,8.213245125749195,8.226308866581785,0.0,True,False,56,204
1022,0.006522728410199001,8.226308866581785,8.213245125749195,8.226308866581785,0.0,True,False,109,102
1023,0.0065158020148190715,8.226308866581785,8.213245125749195,8.226308866581785,0.0,True,False,4,196
1024,0.0065088829744829125,8.226308866581785,8.213245125749195,8.226308866581785,0.0,True,False,200,8
1025,0.006501971281380304,8.226308866581785,8.213245125749195,8.274500899405382,0.04819203282359652,False,False,167,140
1026,0.00649506692770932,8.226308866581785,8.213245125749195,8.24158823003528,0.015279363453494454,False,False,142,225
1027,0.0064881699056763215,8.226187438488946,8.213245125749195,8.226187438488946,-0.00012142809283943734,True,False,27,161
1028,0.0064812802074959396,8.226187438488946,8.213245125749195,8.226187438488946,0.0,True,False,171,180
1029,0.006474397825391078,8.226187438488946,8.213245125749195,8.226187438488946,0.0,True,False,99,123
1030,0.006467522751592895,8.22527706642647,8.213245125749195,8.22527706642647,-0.000910372062476128,True,False,177,158
1031,0.006460654978340806,8.22527706642647,8.213245125749195,8.22527706642647,0.0,True,False,140,98
1032,0.0064537944978824546,8.223223751933093,8.213245125749195,8.223223751933093,-0.0020533144933772007,True,False,65,33
1033,0.006446941302473728,8.223223751933093,8.213245125749195,8.223223751933093,0.0,True,False,110,145
1034,0.006440095384378732,8.223223751933093,8.213245125749195,8.223223751933093,0.0,True,False,94,67
1035,0.006433256735869786,8.223177186852466,8.213245125749195,8.223177186852466,-4.6565080626947974e-05,True,False,186,177
1036,0.006426425349227418,8.217767373777106,8.213245125749195,8.217767373777106,-0.005409813075360148,True,False,179,205
1037,0.006419601216740353,8.217767373777106,8.213245125749195,inf,inf,False,False,176,79
1038,0.0064127843307055,8.217767373777106,8.213245125749195,8.217767373777106,0.0,True,False,197,227
1039,0.006405974683427955,8.21733335699856,8.213245125749195,8.21733335699856,-0.0004340167785450433,True,False,170,113
1040,0.006399172267220978,8.21733335699856,8.213245125749195,8.21733335699856,0.0,True,False,44,157
1041,0.006392377074405999,8.21733335699856,8.213245125749195,8.21733335699856,0.0,True,False,140,36
1042,0.006385589097312593,8.21733335699856,8.213245125749195,inf,inf,False,False,236,159
1043,0.006378808328278488,8.21733335699856,8.213245125749195,8.21733335699856,0.0,True,False,8,103
1044,0.006372034759649546,8.21733335699856,8.213245125749195,inf,inf,False,False,111,228
1045,0.006365268383779752,8.21733335699856,8.213245125749195,8.21733335699856,0.0,True,False,183,202
1046,0.006358509193031218,8.217343312534629,8.213245125749195,8.217343312534629,9.955536068417814e-06,True,False,206,101
1047,0.00635175717977416,8.217343312534629,8.213245125749195,8.248171512545033,0.030828200010404316,False,False,27,90
1048,0.006345012336386901,8.217262439741921,8.213245125749195,8.217262439741921,-8.087279270796444e-05,True,False,100,85
1049,0.006338274655255853,8.217262439741921,8.213245125749195,inf,inf,False,False,195,228
1050,0.006331544128775517,8.217262439741921,8.213245125749195,8.217262439741921,0.0,True,False,52,68
1051,0.006324820749348466,8.217262439741921,8.213245125749195,8.236004264281249,0.018741824539327823,False,False,129,116
1052,0.006318104509385344,8.21694554783419,8.213245125749195,8.21694554783419,-0.0003168919077314314,True,False,152,50
1053,0.006311395401304854,8.21645852009511,8.213245125749195,8.21645852009511,-0.00048702773908004815,True,False,239,92
1054,0.006304693417533744,8.216470649843789,8.213245125749195,8.216470649843789,1.212974867925709e-05,True,False,223,13
1055,0.006297998550506812,8.217099812500146,8.213245125749195,8.217099812500146,0.0006291626563577069,True,False,38,20
1056,0.006291310792666884,8.217099812500146,8.213245125749195,inf,inf,False,False,79,22
1057,0.006284630136464812,8.217099812500146,8.213245125749195,8.217099812500146,0.0,True,False,61,182
1058,0.006277956574359466,8.216487370562337,8.213245125749195,8.216487370562337,-0.0006124419378092938,True,False,31,15
1059,0.006271290098817719,8.216487370562337,8.213245125749195,8.254832812103919,0.03834544154158159,False,False,125,33
1060,0.006264630702314452,8.216487370562337,8.213245125749195,8.216487370562337,0.0,True,False,99,115
1061,0.006257978377332528,8.216487370562337,8.213245125749195,8.216487370562337,0.0,True,False,187,92
1062,0.006251333116362796,8.216487370562337,8.213245125749195,8.239829354211876,0.02334198364953899,False,False,42,167
1063,0.00624469491190408,8.216498881195625,8.213245125749195,8.216498881195625,1.1510633287414862e-05,True,False,176,95
1064,0.006238063756463169,8.216498881195625,8.213245125749195,8.216498881195625,0.0,True,False,179,190
1065,0.006231439642554807,8.216498881195625,8.213245125749195,8.216498881195625,0.0,True,False,232,34
1066,0.006224822562701686,8.2163248318703,8.213245125749195,8.2163248318703,-0.00017404932532372186,True,False,30,56
1067,0.006218212509434443,8.2163248318703,8.213245125749195,inf,inf,False,False,16,7
1068,0.006211609475291642,8.2163248318703,8.213245125749195,8.2163248318703,0.0,True,False,233,226
1069,0.006205013452819771,8.217353159336335,8.213245125749195,8.217353159336335,0.0010283274660345398,True,False,156,182
1070,0.006198424434573233,8.217353159336335,8.213245125749195,inf,inf,False,False,2,62
1071,0.006191842413114339,8.217353159336335,8.213245125749195,8.26557112458089,0.048217965244553795,False,False,80,1
1072,0.006185267381013295,8.217353159336335,8.213245125749195,inf,inf,False,False,105,10
1073,0.006178699330848201,8.217353159336335,8.213245125749195,8.217353159336335,0.0,True,False,70,233
1074,0.006172138255205032,8.217337115238672,8.213245125749195,8.217337115238672,-1.6044097662870627e-05,True,False,99,144
1075,0.006165584146677642,8.217337115238672,8.213245125749195,8.217337115238672,0.0,True,False,155,189
1076,0.006159036997867745,8.217337115238672,8.213245125749195,8.217337115238672,0.0,True,False,41,122
1077,0.006152496801384915,8.217337115238672,8.213245125749195,8.217337115238672,0.0,True,False,226,198
1078,0.006145963549846569,8.217337115238672,8.213245125749195,8.233785608259238,0.01644849302056528,False,False,36,143
1079,0.006139437235877968,8.217337115238672,8.213245125749195,8.217337115238672,0.0,True,False,77,196
1080,0.006132917852112203,8.217337115238672,8.213245125749195,8.239884295569924,0.02254718033125158,False,False,138,89
1081,0.006126405391190185,8.217337115238672,8.213245125749195,8.217337115238672,0.0,True,False,61,97
1082,0.006119899845760644,8.217337115238672,8.213245125749195,8.247768574542498,0.030431459303825292,False,False,207,239
1083,0.006113401208480111,8.21824325086792,8.213245125749195,8.21824325086792,0.000906135629247018,True,False,60,158
1084,0.00610690947201292,8.21824325086792,8.213245125749195,8.21824325086792,0.0,True,False,142,23
1085,0.006100424629031192,8.21824325086792,8.213245125749195,8.21824325086792,0.0,True,False,80,90
1086,0.00609394667221483,8.21824325086792,8.213245125749195,8.21824325086792,0.0,True,False,26,18
1087,0.006087475594251509,8.21824325086792,8.213245125749195,inf,inf,False,False,198,6
1088,0.006081011387836671,8.21824325086792,8.213245125749195,8.21824325086792,0.0,True,False,16,219
1089,0.006074554045673514,8.21824325086792,8.213245125749195,inf,inf,False,False,10,138
1090,0.00606810356047298,8.218317433192713,8.213245125749195,8.218317433192713,7.418232479317055e-05,True,False,9,142
1091,0.006061659924953758,8.218317433192713,8.213245125749195,8.218317433192713,0.0,True,False,122,85
1092,0.006055223131842267,8.218317433192713,8.213245125749195,8.218317433192713,0.0,True,False,236,190
1093,0.006048793173872645,8.218317433192713,8.213245125749195,8.218317433192713,0.0,True,False,114,113
1094,0.006042370043786753,8.218317433192713,8.213245125749195,inf,inf,False,False,45,40
1095,0.006035953734334152,8.218317433192713,8.213245125749195,8.218317433192713,0.0,True,False,153,22
1096,0.0060295442382721064,8.218317433192713,8.213245125749195,8.218317433192713,0.0,True,False,56,211
1097,0.006023141548365573,8.218317433192713,8.213245125749195,inf,inf,False,False,105,165
1098,0.006016745657387186,8.218317433192713,8.213245125749195,8.27630938468028,0.057991951487567306,False,False,32,23
1099,0.006010356558117259,8.218317433192713,8.213245125749195,8.220675930051595,0.00235849685888212,False,False,203,218
1100,0.006003974243343769,8.218317433192713,8.213245125749195,8.218317433192713,0.0,True,False,73,66
1101,0.0059975987058623545,8.21940826615741,8.213245125749195,8.21940826615741,0.0010908329646976966,True,False,49,107
1102,0.005991229938476302,8.21940826615741,8.213245125749195,8.21940826615741,0.0,True,False,69,67
1103,0.00598486793399654,8.231709505138147,8.213245125749195,8.231709505138147,0.012301238980736429,True,False,194,14
1104,0.0059785126852416335,8.231709505138147,8.213245125749195,8.231709505138147,0.0,True,False,202,86
1105,0.0059721641850377675,8.217656076144676,8.213245125749195,8.217656076144676,-0.014053428993470618,True,False,108,129
1106,0.005965822426218752,8.217656076144676,8.213245125749195,8.281940482068181,0.06428440592350526,False,False,14,15
1107,0.005959487401626002,8.217656076144676,8.213245125749195,8.217656076144676,0.0,True,False,215,4
1108,0.005953159104108535,8.217168404362303,8.213245125749195,8.217168404362303,-0.00048767178237341113,True,False,124,158
1109,0.005946837526522964,8.217168404362303,8.213245125749195,8.217168404362303,0.0,True,False,112,187
1110,0.005940522661733486,8.219616109455483,8.213245125749195,8.219616109455483,0.0024477050931803745,True,False,29,129
1111,0.005934214502611873,8.219616109455483,8.213245125749195,8.267202949843387,0.04758684038790406,False,False,189,40
1112,0.005927913042037471,8.219611152630401,8.213245125749195,8.219611152630401,-4.956825081947613e-06,True,False,212,150
1113,0.005921618272897185,8.219611152630401,8.213245125749195,8.223683428152064,0.004072275521663116,False,False,199,42
1114,0.0059153301880854724,8.218958248259598,8.213245125749195,8.218958248259598,-0.0006529043708027871,True,False,231,76
1115,0.005909048780504337,8.218958248259598,8.213245125749195,inf,inf,False,False,97,6
1116,0.005902774043063321,8.215839344379157,8.213245125749195,8.215839344379157,-0.003118903880441337,True,False,140,20
1117,0.005896505968679491,8.21560955359767,8.213245125749195,8.21560955359767,-0.0002297907814874378,True,False,44,148
1118,0.005890244550277443,8.21560955359767,8.213245125749195,8.21560955359767,0.0,True,False,177,200
1119,0.005883989780789278,8.21560955359767,8.213245125749195,8.21560955359767,0.0,True,False,216,71
1120,0.005877741653154607,8.21560955359767,8.213245125749195,8.220251533280207,0.004641979682537212,False,False,34,108
1121,0.005871500160320541,8.21560955359767,8.213245125749195,8.21560955359767,0.0,True,False,183,86
1122,0.00586526529524167,8.21552829882241,8.213245125749195,8.21552829882241,-8.125477526021996e-05,True,False,5,215
1123,0.005859037050880079,8.21552829882241,8.213245125749195,8.21552829882241,0.0,True,False,92,13
1124,0.005852815420205314,8.21552829882241,8.213245125749195,inf,inf,False,False,78,228
1125,0.0058466003961943945,8.21552829882241,8.213245125749195,8.21552829882241,0.0,True,False,9,176
1126,0.005840391971831798,8.222547352942994,8.213245125749195,8.222547352942994,0.007019054120585011,True,False,109,104
1127,0.0058341901401094435,8.222547352942994,8.213245125749195,8.222547352942994,0.0,True,False,210,146
1128,0.0058279948940267,8.222547352942994,8.213245125749195,8.222547352942994,0.0,True,False,102,211
1129,0.005821806226590367,8.22260858319161,8.213245125749195,8.22260858319161,6.123024861537374e-05,True,False,99,144
1130,0.005815624130814672,8.22260858319161,8.213245125749195,inf,inf,False,False,235,217
1131,0.005809448599721258,8.22260858319161,8.213245125749195,8.22260858319161,0.0,True,False,112,226
1132,0.00580327962633918,8.22260858319161,8.213245125749195,8.22260858319161,0.0,True,False,225,24
1133,0.005797117203704893,8.222394218943988,8.213245125749195,8.222394218943988,-0.0002143642476220009,True,False,224,237
1134,0.00579096132486225,8.222394218943988,8.213245125749195,8.222394218943988,0.0,True,False,36,175
1135,0.005784811982862489,8.222394218943988,8.213245125749195,8.222394218943988,0.0,True,False,86,90
1136,0.005778669170764225,8.222394218943988,8.213245125749195,8.222394218943988,0.0,True,False,90,235
1137,0.005772532881633447,8.222394218943988,8.213245125749195,8.222394218943988,0.0,True,False,219,153
1138,0.005766403108543506,8.222394218943988,8.213245125749195,8.241187129049113,0.01879291010512496,False,False,159,164
1139,0.005760279844575107,8.220328261866559,8.213245125749195,8.220328261866559,-0.0020659570774288483,True,False,87,229
1140,0.005754163082816303,8.220344336550514,8.213245125749195,8.220344336550514,1.6074683955480396e-05,True,False,227,204
1141,0.00574805281636249,8.220344336550514,8.213245125749195,8.220344336550514,0.0,True,False,218,103
1142,0.00574194903831639,8.220344336550514,8.213245125749195,8.220344336550514,0.0,True,False,49,230
1143,0.005735851741788054,8.211194416964489,8.211194416964489,8.211194416964489,-0.009149919586025845,True,True,164,219
1144,0.005729760919894847,8.211194416964489,8.211194416964489,8.211194416964489,0.0,True,False,29,113
1145,0.005723676565761445,8.211194416964489,8.211194416964489,8.211194416964489,0.0,True,False,76,100
1146,0.00571759867251982,8.211194416964489,8.211194416964489,8.211691459320667,0.0004970423561783122,False,False,209,143
1147,0.005711527233309243,8.200065447886582,8.200065447886582,8.200065447886582,-0.011128969077907058,True,True,196,17
1148,0.005705462241276265,8.200065447886582,8.200065447886582,8.207520410203777,0.007454962317195779,False,False,24,74
1149,0.005699403689574718,8.200065447886582,8.200065447886582,8.20556022234891,0.005494774462327712,False,False,163,203
1150,0.005693351571365704,8.200065447886582,8.200065447886582,8.200065447886582,0.0,True,False,37,148
1151,0.005687305879817584,8.200065447886582,8.200065447886582,8.207235225218323,0.0071697773317414,False,False,203,124
1152,0.005681266608105977,8.200065447886582,8.200065447886582,8.200065447886582,0.0,True,False,43,67
1153,0.005675233749413746,8.200065447886582,8.200065447886582,8.200065447886582,0.0,True,False,148,116
1154,0.0056692072969309944,8.200065447886582,8.200065447886582,8.200065447886582,0.0,True,False,237,178
1155,0.005663187243855057,8.200065447886582,8.200065447886582,8.200065447886582,0.0,True,False,30,36
1156,0.005657173583390492,8.200065447886582,8.200065447886582,8.200065447886582,0.0,True,False,227,21
1157,0.005651166308749072,8.200065447886582,8.200065447886582,8.228200649025972,0.028135201139390276,False,False,196,66
1158,0.0056451654131497815,8.200065447886582,8.200065447886582,8.200065447886582,0.0,True,False,51,28
1159,0.005639170889818803,8.200065447886582,8.200065447886582,8.200065447886582,0.0,True,False,207,28
1160,0.005633182731989511,8.200065447886582,8.200065447886582,8.200655520938907,0.0005900730523258346,False,False,118,144
1161,0.005627200932902469,8.200065447886582,8.200065447886582,inf,inf,False,False,219,178
1162,0.005621225485805417,8.200065447886582,8.200065447886582,8.204650291453152,0.00458484356657074,False,False,42,66
1163,0.0056152563839532614,8.200065447886582,8.200065447886582,8.214076316480448,0.014010868593866022,False,False,108,70
1164,0.005609293620608077,8.200065447886582,8.200065447886582,8.211802322992705,0.011736875106123534,False,False,173,124
1165,0.005603337189039088,8.200065447886582,8.200065447886582,inf,inf,False,False,90,62
1166,0.005597387082522671,8.200065447886582,8.200065447886582,8.221466852046145,0.021401404159563597,False,False,1,195
1167,0.005591443294342338,8.200065447886582,8.200065447886582,inf,inf,False,False,162,73
1168,0.005585505817788736,8.200065447886582,8.200065447886582,8.200065447886582,0.0,True,False,50,48
1169,0.005579574646159636,8.200065447886582,8.200065447886582,8.200065447886582,0.0,True,False,134,16
1170,0.005573649772759925,8.200065447886582,8.200065447886582,8.200065447886582,0.0,True,False,11,237
1171,0.005567731190901598,8.200065447886582,8.200065447886582,8.200065447886582,0.0,True,False,19,133
1172,0.005561818893903758,8.200065447886582,8.200065447886582,8.200065447886582,0.0,True,False,199,43
1173,0.005555912875092596,8.200065447886582,8.200065447886582,8.200065447886582,0.0,True,False,182,29
1174,0.005550013127801392,8.200065447886582,8.200065447886582,8.200065447886582,0.0,True,False,47,93
1175,0.005544119645370505,8.200054041649304,8.200054041649304,8.200054041649304,-1.1406237277356013e-05,True,True,21,69
1176,0.005538232421147368,8.200054041649304,8.200054041649304,8.209534479884926,0.009480438235621946,False,False,140,17
1177,0.005532351448486476,8.200054041649304,8.200054041649304,8.200054041649304,0.0,True,False,123,209
1178,0.005526476720749379,8.200054041649304,8.200054041649304,8.200054041649304,0.0,True,False,216,116
1179,0.005520608231304681,8.200054041649304,8.200054041649304,8.200054041649304,0.0,True,False,212,91
1180,0.005514745973528025,8.200054041649304,8.200054041649304,inf,inf,False,False,185,228
1181,0.005508889940802088,8.204839558432795,8.200054041649304,8.204839558432795,0.004785516783490706,True,False,189,63
1182,0.005503040126516574,8.204839558432795,8.200054041649304,inf,inf,False,False,230,6
1183,0.005497196524068206,8.204839558432795,8.200054041649304,8.204839558432795,0.0,True,False,131,163
1184,0.005491359126860724,8.204839558432795,8.200054041649304,8.204839558432795,0.0,True,False,69,227
1185,0.005485527928304862,8.21289939976527,8.200054041649304,8.21289939976527,0.00805984133247506,True,False,183,36
1186,0.005479702921818364,8.204841889679521,8.200054041649304,8.204841889679521,-0.008057510085748731,True,False,137,128
1187,0.005473884100825952,8.204841889679521,8.200054041649304,8.204841889679521,0.0,True,False,176,218
1188,0.0054680714587593375,8.204841889679521,8.200054041649304,inf,inf,False,False,168,149
1189,0.005462264989057202,8.204841889679521,8.200054041649304,inf,inf,False,False,81,95
1190,0.005456464685165198,8.197766699933158,8.197766699933158,8.197766699933158,-0.007075189746363009,True,True,216,1
1191,0.005450670540535939,8.197766699933158,8.197766699933158,8.197766699933158,0.0,True,False,19,38
1192,0.005444882548628986,8.202861182740573,8.197766699933158,8.202861182740573,0.0050944828074150905,True,False,55,83
1193,0.005439100702910849,8.202861182740573,8.197766699933158,8.202861182740573,0.0,True,False,156,129
1194,0.005433324996854974,8.202861182740573,8.197766699933158,8.202861182740573,0.0,True,False,225,211
1195,0.005427555423941739,8.202861182740573,8.197766699933158,8.202861182740573,0.0,True,False,112,75
1196,0.005421791977658445,8.19999007885917,8.197766699933158,8.19999007885917,-0.0028711038814037693,True,False,108,110
1197,0.005416034651499307,8.204187502946898,8.197766699933158,8.204187502946898,0.004197424087728052,True,False,178,136
1198,0.005410283438965451,8.20196983891487,8.197766699933158,8.20196983891487,-0.0022176640320275,True,False,239,58
1199,0.0054045383335649,8.20196983891487,8.197766699933158,8.20196983891487,0.0,True,False,187,177
1200,0.005398799328812575,8.20196983891487,8.197766699933158,8.20196983891487,0.0,True,False,51,163
1201,0.005393066418230282,8.20196983891487,8.197766699933158,8.221851797129665,0.019881958214794437,False,False,105,163
1202,0.005387339595346706,8.20196983891487,8.197766699933158,8.20196983891487,0.0,True,False,88,133
1203,0.005381618853697403,8.20196983891487,8.197766699933158,inf,inf,False,False,11,219
1204,0.005375904186824793,8.20196983891487,8.197766699933158,8.20196983891487,0.0,True,False,9,15
1205,0.0053701955882781574,8.20196983891487,8.197766699933158,8.20196983891487,0.0,True,False,11,70
1206,0.005364493051613622,8.20196983891487,8.197766699933158,8.216043449297109,0.014073610382238755,False,False,119,109
1207,0.005358796570394159,8.20196983891487,8.197766699933158,8.240347089511848,0.038377250596978385,False,False,222,120
1208,0.005353106138189573,8.20196983891487,8.197766699933158,inf,inf,False,False,168,191
1209,0.005347421748576502,8.20196983891487,8.197766699933158,inf,inf,False,False,38,169
1210,0.005341743395138397,8.201907081262531,8.197766699933158,8.201907081262531,-6.275765233887398e-05,True,False,180,3
1211,0.005336071071465529,8.193392413354143,8.193392413354143,8.193392413354143,-0.008514667908388063,True,True,27,155
1212,0.005330404771154975,8.19529679311953,8.193392413354143,8.19529679311953,0.001904379765386821,True,False,4,21
1213,0.005324744487810609,8.19529679311953,8.193392413354143,8.19529679311953,0.0,True,False,35,122
1214,0.005319090215043095,8.19529679311953,8.193392413354143,8.200013323866731,0.00471653074720102,False,False,54,185
1215,0.005313441946469887,8.19529679311953,8.193392413354143,8.252503072170558,0.057206279051028375,False,False,33,50
1216,0.005307799675715211,8.19529679311953,8.193392413354143,8.279095530636935,0.08379873751740519,False,False,161,208
1217,0.00530216339641007,8.19529679311953,8.193392413354143,8.205792916576137,0.010496123456606554,False,False,37,203
1218,0.005296533102192223,8.19529679311953,8.193392413354143,8.19529679311953,0.0,True,False,192,85
1219,0.005290908786706191,8.19529679311953,8.193392413354143,8.19529679311953,0.0,True,False,201,111
1220,0.00528529044360324,8.19529679311953,8.193392413354143,8.312214075814332,0.11691728269480173,False,False,186,161
1221,0.005279678066541377,8.19529679311953,8.193392413354143,8.19529679311953,0.0,True,False,195,93
1222,0.005274071649185349,8.19529679311953,8.193392413354143,8.19529679311953,0.0,True,False,233,234
1223,0.005268471185206622,8.19529679311953,8.193392413354143,8.207740050295955,0.012443257176425249,False,False,189,57
1224,0.00526287666828339,8.194658202429228,8.193392413354143,8.194658202429228,-0.0006385906903023653,True,False,209,51
1225,0.005257288092100555,8.194658202429228,8.193392413354143,inf,inf,False,False,168,46
1226,0.005251705450349729,8.194658202429228,8.193392413354143,8.194658202429228,0.0,True,False,39,223
1227,0.005246128736729217,8.194658202429228,8.193392413354143,8.194658202429228,0.0,True,False,78,11
1228,0.005240557944944022,8.194658202429228,8.193392413354143,inf,inf,False,False,228,20
1229,0.005234993068705828,8.194658202429228,8.193392413354143,inf,inf,False,False,221,139
1230,0.005229434101732996,8.194658202429228,8.193392413354143,8.217969080809901,0.023310878380673472,False,False,4,130
1231,0.005223881037750559,8.195008401617574,8.193392413354143,8.195008401617574,0.0003501991883467781,True,False,91,108
1232,0.005218333870490216,8.195008401617574,8.193392413354143,8.195008401617574,0.0,True,False,131,214
1233,0.005212792593690315,8.195008401617574,8.193392413354143,8.195008401617574,0.0,True,False,118,138
1234,0.0052072572010958594,8.19488217382159,8.193392413354143,8.19488217382159,-0.00012622779598459033,True,False,235,108
1235,0.0052017276864584905,8.199459132305263,8.193392413354143,8.199459132305263,0.00457695848367301,True,False,58,155
1236,0.005196204043536488,8.199459132305263,8.193392413354143,inf,inf,False,False,162,73
1237,0.005190686266094759,8.199459132305263,8.193392413354143,inf,inf,False,False,59,6
1238,0.00518517434790483,8.199459132305263,8.193392413354143,8.23412884069547,0.03466970839020789,False,False,2,125
1239,0.005179668282744843,8.199703113145258,8.193392413354143,8.199703113145258,0.00024398083999521702,True,False,67,196
1240,0.005174168064399545,8.199703113145258,8.193392413354143,inf,inf,False,False,73,127
1241,0.005168673686660286,8.204855569077852,8.193392413354143,8.204855569077852,0.005152455932593725,True,False,16,120
1242,0.005163185143325005,8.204905753769971,8.193392413354143,8.204905753769971,5.0184692119259466e-05,True,False,128,185
1243,0.005157702428198229,8.204706716008541,8.193392413354143,8.204706716008541,-0.0001990377614298211,True,False,237,61
1244,0.005152225535091066,8.204706716008541,8.193392413354143,8.204706716008541,0.0,True,False,223,239
1245,0.005146754457821191,8.204738453822385,8.193392413354143,8.204738453822385,3.173781384369079e-05,True,False,174,56
1246,0.005141289190212847,8.204738453822385,8.193392413354143,8.21312632208915,0.008387868266765963,False,False,226,50
1247,0.005135829726096835,8.204738453822385,8.193392413354143,8.204738453822385,0.0,True,False,75,85
1248,0.005130376059310507,8.204738453822385,8.193392413354143,8.204738453822385,0.0,True,False,218,94
1249,0.005124928183697758,8.203953702099854,8.193392413354143,8.203953702099854,-0.0007847517225307854,True,False,192,84
1250,0.005119486093109022,8.203953702099854,8.193392413354143,8.203953702099854,0.0,True,False,226,37
1251,0.005114049781401259,8.203953702099854,8.193392413354143,inf,inf,False,False,212,45
1252,0.005108619242437956,8.203953702099854,8.193392413354143,inf,inf,False,False,79,71
1253,0.005103194470089115,8.203953702099854,8.193392413354143,8.207177886612847,0.003224184512992778,False,False,125,120
1254,0.0050977754582312495,8.203953702099854,8.193392413354143,inf,inf,False,False,45,31
1255,0.005092362200747373,8.203953702099854,8.193392413354143,8.239304888005295,0.03535118590544073,False,False,97,215
1256,0.005086954691526993,8.203953702099854,8.193392413354143,inf,inf,False,False,25,13
1257,0.005081552924466109,8.203953702099854,8.193392413354143,inf,inf,False,False,4,221
1258,0.005076156893467202,8.203953702099854,8.193392413354143,inf,inf,False,False,82,165
1259,0.005070766592439225,8.203953702099854,8.193392413354143,8.203953702099854,0.0,True,False,188,134
1260,0.005065382015297604,8.203953702099854,8.193392413354143,8.203953702099854,0.0,True,False,152,188
1261,0.005060003155964218,8.204570021283732,8.193392413354143,8.204570021283732,0.0006163191838783888,True,False,63,77
1262,0.005054630008367408,8.204570021283732,8.193392413354143,inf,inf,False,False,62,70
1263,0.005049262566441962,8.204515738659397,8.193392413354143,8.204515738659397,-5.4282624335044716e-05,True,False,191,44
1264,0.005043900824129102,8.204515738659397,8.193392413354143,8.204515738659397,0.0,True,False,166,122
1265,0.005038544775376492,8.204515738659397,8.193392413354143,inf,inf,False,False,45,178
1266,0.005033194414138215,8.204515738659397,8.193392413354143,8.211120947498909,0.006605208839511434,False,False,18,167
1267,0.005027849734374781,8.20455763186097,8.193392413354143,8.20455763186097,4.189320157266252e-05,True,False,86,172
1268,0.005022510730053106,8.20455763186097,8.193392413354143,8.205757599912223,0.0011999680512531086,False,False,150,69
1269,0.005017177395146523,8.20455763186097,8.193392413354143,8.20455763186097,0.0,True,False,91,133
1270,0.005011849723634753,8.204488916543832,8.193392413354143,8.204488916543832,-6.871531713770196e-05,True,False,28,40
1271,0.005006527709503917,8.204488916543832,8.193392413354143,8.204488916543832,0.0,True,False,84,181
1272,0.005001211346746521,8.20448365671599,8.193392413354143,8.20448365671599,-5.2598278426074785e-06,True,False,56,138
1273,0.004995900629361446,8.204436424055363,8.193392413354143,8.204436424055363,-4.723266062711673e-05,True,False,181,86
1274,0.004990595551353955,8.204436424055363,8.193392413354143,8.256129140949,0.05169271689363697,False,False,60,93
1275,0.004985296106735665,8.204436424055363,8.193392413354143,8.204436424055363,0.0,True,False,120,30
1276,0.0049800022895245604,8.204436424055363,8.193392413354143,8.204436424055363,0.0,True,False,139,124
1277,0.0049747140937449735,8.204436424055363,8.193392413354143,inf,inf,False,False,121,25
1278,0.004969431513427586,8.204436424055363,8.193392413354143,inf,inf,False,False,173,212
1279,0.004964154542609415,8.209442695443267,8.193392413354143,8.209442695443267,0.005006271387903993,True,False,5,194
1280,0.004958883175333809,8.209442695443267,8.193392413354143,8.209442695443267,0.0,True,False,187,93
1281,0.004953617405650445,8.209442695443267,8.193392413354143,8.209442695443267,0.0,True,False,121,239
1282,0.004948357227615317,8.209096955397728,8.193392413354143,8.209096955397728,-0.00034574004553888926,True,False,72,20
1283,0.00494310263529073,8.209096955397728,8.193392413354143,inf,inf,False,False,116,127
1284,0.004937853622745297,8.209096955397728,8.193392413354143,8.209096955397728,0.0,True,False,90,206
1285,0.0049326101840539245,8.209096955397728,8.193392413354143,8.223499126334028,0.014402170936300251,False,False,22,128
1286,0.004927372313297816,8.209140111028793,8.193392413354143,8.209140111028793,4.3155631065161515e-05,True,False,154,28
1287,0.004922140004564455,8.209140111028793,8.193392413354143,8.209140111028793,0.0,True,False,52,215
1288,0.00491691325194761,8.209260783144751,8.193392413354143,8.209260783144751,0.00012067211595834237,True,False,31,156
1289,0.004911692049547316,8.209426651457141,8.193392413354143,8.209426651457141,0.0001658683123899607,True,False,141,179
1290,0.004906476391469874,8.20945247800096,8.193392413354143,8.20945247800096,2.5826543819107428e-05,True,False,88,239
1291,0.004901266271827842,8.20945247800096,8.193392413354143,8.20945247800096,0.0,True,False,233,193
1292,0.004896061684740035,8.209452532893373,8.193392413354143,8.209452532893373,5.489241239331477e-08,True,False,91,226
1293,0.004890862624331509,8.21068342654199,8.193392413354143,8.21068342654199,0.0012308936486178368,True,False,118,33
1294,0.004885669084733561,8.210295037117854,8.193392413354143,8.210295037117854,-0.0003883894241365482,True,False,61,57
1295,0.004880481060083714,8.210295037117854,8.193392413354143,8.210295037117854,0.0,True,False,176,119
1296,0.004875298544525725,8.213009684178378,8.193392413354143,8.213009684178378,0.0027146470605234896,True,False,192,227
1297,0.004870121532209563,8.213009684178378,8.193392413354143,8.213009684178378,0.0,True,False,170,94
1298,0.004864950017291413,8.213009684178378,8.193392413354143,inf,inf,False,False,81,123
1299,0.004859783993933662,8.213009684178378,8.193392413354143,inf,inf,False,False,228,121
1300,0.004854623456304898,8.213451820642506,8.193392413354143,8.213451820642506,0.0004421364641284953,True,False,180,115
1301,0.004849468398579902,8.213451820642506,8.193392413354143,8.230609663537889,0.017157842895382913,False,False,92,3
1302,0.0048443188149396394,8.213451820642506,8.193392413354143,8.213451820642506,0.0,True,False,40,148
1303,0.004839174699571255,8.213451820642506,8.193392413354143,8.213451820642506,0.0,True,False,170,212
1304,0.004834036046668067,8.213451820642506,8.193392413354143,8.213451820642506,0.0,True,False,163,2
1305,0.004828902850429557,8.213451820642506,8.193392413354143,inf,inf,False,False,221,140
1306,0.004823775105061369,8.213451820642506,8.193392413354143,8.246408274789996,0.03295645414748982,False,False,44,0
1307,0.0048186528047753,8.213451820642506,8.193392413354143,8.213451820642506,0.0,True,False,155,71
1308,0.004813535943789292,8.213451820642506,8.193392413354143,8.213451820642506,0.0,True,False,129,18
1309,0.004808424516327426,8.21205139285218,8.193392413354143,8.21205139285218,-0.0014004277903261197,True,False,124,144
1310,0.004803318516619917,8.21205139285218,8.193392413354143,inf,inf,False,False,26,159
1311,0.00479821793890311,8.212056953585494,8.193392413354143,8.212056953585494,5.560733313814126e-06,True,False,175,224
1312,0.004793122777419467,8.212056953585494,8.193392413354143,8.212056953585494,0.0,True,False,39,11
1313,0.004788033026417565,8.212056953585494,8.193392413354143,8.212056953585494,0.0,True,False,84,67
1314,0.004782948680152085,8.212056953585494,8.193392413354143,8.227868785626379,0.01581183204088532,False,False,90,139
1315,0.004777869732883816,8.212056953585494,8.193392413354143,8.212056953585494,0.0,True,False,34,238
1316,0.004772796178879634,8.212056953585494,8.193392413354143,8.212056953585494,0.0,True,False,186,119
1317,0.004767728012412509,8.211999313956646,8.193392413354143,8.211999313956646,-5.7639628847638846e-05,True,False,146,147
1318,0.0047626652277614895,8.211999313956646,8.193392413354143,inf,inf,False,False,217,117
1319,0.004757607819211696,8.211999313956646,8.193392413354143,inf,inf,False,False,169,70
1320,0.004752555781054323,8.211999313956646,8.193392413354143,8.211999313956646,0.0,True,False,11,31
1321,0.004747509107586625,8.211999313956646,8.193392413354143,8.211999313956646,0.0,True,False,1,205
1322,0.004742467793111913,8.211999313956646,8.193392413354143,8.217365683691698,0.00536636973505189,False,False,128,218
1323,0.004737431831939544,8.211999313956646,8.193392413354143,inf,inf,False,False,45,152
1324,0.004732401218384919,8.211999313956646,8.193392413354143,8.216680182761069,0.004680868804422644,False,False,158,137
1325,0.0047273759467694795,8.211999313956646,8.193392413354143,8.211999313956646,0.0,True,False,133,69
1326,0.004722356011420693,8.211999313956646,8.193392413354143,inf,inf,False,False,28,81
1327,0.004717341406672053,8.211999313956646,8.193392413354143,8.211999313956646,0.0,True,False,33,112
1328,0.004712332126863064,8.211999313956646,8.193392413354143,8.211999313956646,0.0,True,False,37,134
1329,0.00470732816633925,8.211999313956646,8.193392413354143,8.211999313956646,0.0,True,False,86,66
1330,0.004702329519452133,8.210060083715637,8.193392413354143,8.210060083715637,-0.001939230241008616,True,False,170,216
1331,0.004697336180559238,8.210060083715637,8.193392413354143,8.210060083715637,0.0,True,False,83,199
1332,0.004692348144024079,8.210060083715637,8.193392413354143,inf,inf,False,False,163,10
1333,0.0046873654042161525,8.209808396427494,8.193392413354143,8.209808396427494,-0.00025168728814328745,True,False,141,130
1334,0.004682387955510939,8.209808396427494,8.193392413354143,inf,inf,False,False,173,119
1335,0.004677415792289889,8.209808396427494,8.193392413354143,8.209808396427494,0.0,True,False,129,172
1336,0.00467244890894042,8.20471476638722,8.193392413354143,8.20471476638722,-0.005093630040274633,True,False,197,114
1337,0.004667487299855911,8.20471476638722,8.193392413354143,8.20471476638722,0.0,True,False,210,100
1338,0.004662530959435688,8.20471476638722,8.193392413354143,8.20471476638722,0.0,True,False,14,135
1339,0.004657579882085032,8.20471476638722,8.193392413354143,8.20471476638722,0.0,True,False,70,192
1340,0.004652634062215162,8.205151862321989,8.193392413354143,8.205151862321989,0.00043709593476926045,True,False,130,204
1341,0.004647693494243232,8.205151862321989,8.193392413354143,8.216732803053056,0.011580940731066747,False,False,161,51
1342,0.004642758172592324,8.205151862321989,8.193392413354143,8.205151862321989,0.0,True,False,197,211
1343,0.004637828091691441,8.205210815943273,8.193392413354143,8.205210815943273,5.8953621284274504e-05,True,False,212,154
1344,0.004632903245975502,8.205210815943273,8.193392413354143,inf,inf,False,False,169,146
1345,0.004627983629885338,8.205210815943273,8.193392413354143,8.205210815943273,0.0,True,False,75,116
1346,0.00462306923786768,8.205206766818735,8.193392413354143,8.205206766818735,-4.049124537885973e-06,True,False,224,204
1347,0.004618160064375161,8.205206766818735,8.193392413354143,8.205206766818735,0.0,True,False,109,36
1348,0.004613256103866296,8.204147338542105,8.193392413354143,8.204147338542105,-0.001059428276629859,True,False,211,80
1349,0.004608357350805494,8.204147338542105,8.193392413354143,inf,inf,False,False,89,173
1350,0.004603463799663033,8.205627413410467,8.193392413354143,8.205627413410467,0.0014800748683612142,True,False,128,86
1351,0.004598575444915073,8.205627413410467,8.193392413354143,inf,inf,False,False,130,127
1352,0.00459369228104363,8.205627413410467,8.193392413354143,8.205627413410467,0.0,True,False,48,138
1353,0.004588814302536586,8.205627413410467,8.193392413354143,8.205627413410467,0.0,True,False,135,134
1354,0.004583941503887673,8.205627413410467,8.193392413354143,8.205627413410467,0.0,True,False,191,40
1355,0.0045790738795964715,8.205627413410467,8.193392413354143,8.329605291295575,0.12397787788510861,False,False,0,82
1356,0.004574211424168403,8.205627413410467,8.193392413354143,8.205627413410467,0.0,True,False,44,186
1357,0.004569354132114722,8.205627413410467,8.193392413354143,inf,inf,False,False,173,190
1358,0.004564501997952513,8.205627413410467,8.193392413354143,8.205627413410467,0.0,True,False,3,41
1359,0.004559655016204681,8.205627413410467,8.193392413354143,8.205627413410467,0.0,True,False,39,218
1360,0.004554813181399949,8.205627413410467,8.193392413354143,inf,inf,False,False,123,162
1361,0.004549976488072851,8.205627413410467,8.193392413354143,inf,inf,False,False,159,105
1362,0.00454514493076372,8.200106785340877,8.193392413354143,8.200106785340877,-0.005520628069589861,True,False,213,53
1363,0.00454031850401869,8.200106785340877,8.193392413354143,8.200106785340877,0.0,True,False,128,222
1364,0.004535497202389686,8.200106785340877,8.193392413354143,8.200106785340877,0.0,True,False,26,44
1365,0.004530681020434417,8.200106785340877,8.193392413354143,inf,inf,False,False,173,112
1366,0.0045258699527163755,8.200104290452837,8.193392413354143,8.200104290452837,-2.4948880401609586e-06,True,False,230,213
1367,0.004521063993804819,8.200100142076368,8.193392413354143,8.200100142076368,-4.1483764690042335e-06,True,False,174,202
1368,0.004516263138274778,8.200100142076368,8.193392413354143,8.200100142076368,0.0,True,False,131,133
1369,0.004511467380707044,8.202530720931867,8.193392413354143,8.202530720931867,0.0024305788554990215,True,False,178,206
1370,0.004506676715688157,8.2024351463747,8.193392413354143,8.2024351463747,-9.557455716624474e-05,True,False,12,52
1371,0.004501891137810415,8.206062413954646,8.193392413354143,8.206062413954646,0.003627267579945581,True,False,53,147
1372,0.004497110641671849,8.206062413954646,8.193392413354143,8.21026627377504,0.00420385982039484,False,False,22,227
1373,0.00449233522187623,8.206091834254844,8.193392413354143,8.206091834254844,2.9420300197813276e-05,True,False,196,143
1374,0.004487564873033061,8.206091834254844,8.193392413354143,inf,inf,False,False,219,233
1375,0.004482799589757567,8.206091834254844,8.193392413354143,8.206091834254844,0.0,True,False,172,166
1376,0.004478039366670693,8.204703524758207,8.193392413354143,8.204703524758207,-0.0013883094966367082,True,False,150,138
1377,0.0044732841983990915,8.204703524758207,8.193392413354143,inf,inf,False,False,140,219
1378,0.004468534079575126,8.204703524758207,8.193392413354143,inf,inf,False,False,231,62
1379,0.004463789004836857,8.204703248766004,8.193392413354143,8.204703248766004,-2.7599220331353536e-07,True,False,180,187
1380,0.00445904896882804,8.204703248766004,8.193392413354143,8.204703248766004,0.0,True,False,139,153
1381,0.004454313966198116,8.204703248766004,8.193392413354143,inf,inf,False,False,173,194
1382,0.004449583991602211,8.20506171796805,8.193392413354143,8.20506171796805,0.00035846920204640753,True,False,129,231
1383,0.004444859039701124,8.20506171796805,8.193392413354143,8.206901228544798,0.0018395105767474718,False,False,226,41
1384,0.004440139105161325,8.20506171796805,8.193392413354143,8.21155953621391,0.006497818245859932,False,False,105,232
1385,0.00443542418265495,8.204888759319044,8.193392413354143,8.204888759319044,-0.00017295864900646052,True,False,171,232
1386,0.004430714266859784,8.204689762489867,8.193392413354143,8.204689762489867,-0.0001989968291766786,True,False,190,20
1387,0.004426009352459273,8.204689762489867,8.193392413354143,8.209050964907853,0.004361202417985766,False,False,181,27
1388,0.004421309434142505,8.204689762489867,8.193392413354143,8.204689762489867,0.0,True,False,157,164
1389,0.004416614506604207,8.204689762489867,8.193392413354143,8.26241944238098,0.05772967989111244,False,False,82,19
1390,0.004411924564544741,8.204689762489867,8.193392413354143,8.204689762489867,0.0,True,False,201,174
1391,0.004407239602670093,8.204689762489867,8.193392413354143,inf,inf,False,False,9,25
1392,0.004402559615691877,8.204682129290566,8.193392413354143,8.204682129290566,-7.633199301082527e-06,True,False,199,194
1393,0.004397884598327316,8.204682129290566,8.193392413354143,8.204682129290566,0.0,True,False,71,43
1394,0.004393214545299248,8.204682129290566,8.193392413354143,inf,inf,False,False,228,22
1395,0.004388549451336112,8.211706308277419,8.193392413354143,8.211706308277419,0.007024178986853258,True,False,170,129
1396,0.004383889311171944,8.211706308277419,8.193392413354143,8.211706308277419,0.0,True,False,51,33
1397,0.004379234119546375,8.205900000663828,8.193392413354143,8.205900000663828,-0.005806307613591244,True,False,147,232
1398,0.004374583871204618,8.205900000663828,8.193392413354143,8.22976045695041,0.023860456286582732,False,False,235,185
1399,0.004369938560897469,8.205921463180852,8.193392413354143,8.205921463180852,2.1462517024062322e-05,True,False,101,108
1400,0.0043652981833813,8.205921463180852,8.193392413354143,8.214266382814435,0.008344919633582748,False,False,129,52
1401,0.004360662733418044,8.205921463180852,8.193392413354143,inf,inf,False,False,81,183
1402,0.004356032205775202,8.205921463180852,8.193392413354143,8.205921463180852,0.0,True,False,213,239
1403,0.00435140659522583,8.205921463180852,8.193392413354143,8.225586367881167,0.019664904700315233,False,False,68,139
1404,0.004346785896548533,8.21339473617733,8.193392413354143,8.21339473617733,0.007473272996477931,True,False,59,189
1405,0.004342170104527466,8.21339473617733,8.193392413354143,inf,inf,False,False,219,233
1406,0.004337559213952313,8.21339473617733,8.193392413354143,8.222490163812028,0.009095427634697728,False,False,43,146
1407,0.004332953219618299,8.21339473617733,8.193392413354143,8.21339473617733,0.0,True,False,1,14
1408,0.004328352116326172,8.204049876182054,8.193392413354143,8.204049876182054,-0.009344859995275456,True,False,208,143
1409,0.004323755898882204,8.204049876182054,8.193392413354143,8.204049876182054,0.0,True,False,180,55
1410,0.004319164562098177,8.204049876182054,8.193392413354143,8.204049876182054,0.0,True,False,54,43
1411,0.004314578100791389,8.204049876182054,8.193392413354143,8.204049876182054,0.0,True,False,180,113
1412,0.004309996509784634,8.204049876182054,8.193392413354143,8.280442170416514,0.07639229423445926,False,False,82,213
1413,0.004305419783906211,8.204049876182054,8.193392413354143,8.204049876182054,0.0,True,False,90,153
1414,0.004300847917989907,8.203974556335158,8.193392413354143,8.203974556335158,-7.531984689634896e-05,True,False,207,146
1415,0.004296280906874993,8.203974556335158,8.193392413354143,inf,inf,False,False,7,68
1416,0.004291718745406223,8.203974556335158,8.193392413354143,8.203974556335158,0.0,True,False,9,85
1417,0.004287161428433825,8.20928297178879,8.193392413354143,8.20928297178879,0.0053084154536318096,True,False,2,132
1418,0.004282608950813496,8.20928297178879,8.193392413354143,8.20928297178879,0.0,True,False,126,229
1419,0.004278061307406395,8.20928297178879,8.193392413354143,8.20928297178879,0.0,True,False,230,116
1420,0.004273518493079135,8.20928297178879,8.193392413354143,8.20928297178879,0.0,True,False,186,104
1421,0.004268980502703785,8.20928297178879,8.193392413354143,8.222063514001169,0.012780542212379231,False,False,199,109
1422,0.004264447331157856,8.20844311376882,8.193392413354143,8.20844311376882,-0.0008398580199706629,True,False,89,88
1423,0.004259918973324299,8.20844311376882,8.193392413354143,8.231072169184404,0.022629055415585242,False,False,17,193
1424,0.004255395424091503,8.20844311376882,8.193392413354143,8.20844311376882,0.0,True,False,80,171
1425,0.004250876678353275,8.207495835092038,8.193392413354143,8.207495835092038,-0.000947278676781238,True,False,49,190
1426,0.004246362731008855,8.207495835092038,8.193392413354143,inf,inf,False,False,177,159
1427,0.004241853576962892,8.207495835092038,8.193392413354143,8.261415239164167,0.05391940407212914,False,False,128,108
1428,0.00423734921112545,8.207495835092038,8.193392413354143,inf,inf,False,False,219,192
1429,0.004232849628411996,8.20640098623677,8.193392413354143,8.20640098623677,-0.0010948488552671165,True,False,2,137
1430,0.0042283548237433966,8.206539677431556,8.193392413354143,8.206539677431556,0.00013869119478471248,True,False,63,125
1431,0.004223864792045912,8.206539677431556,8.193392413354143,8.222784966987478,0.01624528955592197,False,False,82,27
1432,0.00421937952825119,8.144281234959356,8.144281234959356,8.144281234959356,-0.06225844247219925,True,True,161,81
1433,0.004214899027296259,8.144281234959356,8.144281234959356,inf,inf,False,False,126,6
1434,0.004210423284123528,8.144281234959356,8.144281234959356,8.158379500261736,0.014098265302379787,False,False,183,50
1435,0.0042059522936807705,8.144281234959356,8.144281234959356,8.155033120244015,0.010751885284658869,False,False,158,3
1436,0.00420148605092113,8.144281234959356,8.144281234959356,8.144281234959356,0.0,True,False,216,53
1437,0.004197024550803106,8.144281234959356,8.144281234959356,8.144281234959356,0.0,True,False,222,103
1438,0.004192567788290556,8.144281234959356,8.144281234959356,8.206318073951266,0.062036838991909704,False,False,166,27
1439,0.004188115758352677,8.144281234959356,8.144281234959356,8.1536625547707,0.009381319811343047,False,False,83,138
1440,0.0041836684559640154,8.144281234959356,8.144281234959356,8.145773729882315,0.0014924949229584428,False,False,172,89
1441,0.004179225876104453,8.144281234959356,8.144281234959356,inf,inf,False,False,25,30
1442,0.0041747880137592,8.144281234959356,8.144281234959356,inf,inf,False,False,107,217
1443,0.004170354863918795,8.144281234959356,8.144281234959356,8.144281234959356,0.0,True,False,200,239
1444,0.004165926421579091,8.143433312087796,8.143433312087796,8.143433312087796,-0.000847922871560769,True,True,39,184
1445,0.004161502681741261,8.143433312087796,8.143433312087796,8.143433312087796,0.0,True,False,163,177
1446,0.004157083639411779,8.144137697308475,8.143433312087796,8.144137697308475,0.0007043852206791712,True,False,118,146
1447,0.004152669289602429,8.144137697308475,8.143433312087796,8.144137697308475,0.0,True,False,132,76
1448,0.004148259627330289,8.144137697308475,8.143433312087796,8.166876453976686,0.022738756668211124,False,False,222,105
1449,0.004143854647617726,8.144137697308475,8.143433312087796,8.144137697308475,0.0,True,False,179,184
1450,0.004139454345492394,8.144137697308475,8.143433312087796,8.217741527679976,0.07360383037150164,False,False,140,231
1451,0.004135058715987229,8.144137697308475,8.143433312087796,8.144137697308475,0.0,True,False,126,183
1452,0.00413066775414044,8.144137697308475,8.143433312087796,8.144137697308475,0.0,True,False,35,99
1453,0.0041262814549955056,8.144137697308475,8.143433312087796,8.144137697308475,0.0,True,False,169,155
1454,0.004121899813601166,8.144137697308475,8.143433312087796,8.144137697308475,0.0,True,False,126,120
1455,0.004117522825011418,8.144137697308475,8.143433312087796,8.228679761559405,0.08454206425093069,False,False,82,201
1456,0.004113150484285516,8.144137697308475,8.143433312087796,inf,inf,False,False,92,127
1457,0.004108782786487955,8.144137697308475,8.143433312087796,8.16622478693187,0.022087089623395784,False,False,89,191
1458,0.0041044197266884765,8.144137697308475,8.143433312087796,8.144137697308475,0.0,True,False,116,189
1459,0.00410006129996205,8.144137697308475,8.143433312087796,8.20859230654186,0.06445460923338509,False,False,148,40
1460,0.004095707501388883,8.144137697308475,8.143433312087796,inf,inf,False,False,7,142
1461,0.004091358326054401,8.144137697308475,8.143433312087796,8.144137697308475,0.0,True,False,153,222
1462,0.004087013769049251,8.144137697308475,8.143433312087796,8.171078231260001,0.02694053395152629,False,False,109,225
1463,0.004082673825469295,8.144193519076012,8.143433312087796,8.144193519076012,5.582176753726742e-05,True,False,138,227
1464,0.004078338490415596,8.141490630488251,8.141490630488251,8.141490630488251,-0.00270288858776091,True,True,97,108
1465,0.0040740077589944265,8.14149123593499,8.141490630488251,8.14149123593499,6.054467380778306e-07,True,False,138,59
1466,0.004069681626317252,8.149001979329768,8.141490630488251,8.149001979329768,0.00751074339477853,True,False,109,38
1467,0.004065360087500731,8.149001979329768,8.141490630488251,8.149001979329768,0.0,True,False,191,88
1468,0.004061043137666704,8.146897554850593,8.141490630488251,8.146897554850593,-0.0021044244791745825,True,False,53,220
1469,0.004056730771942194,8.146897554850593,8.141490630488251,8.146897554850593,0.0,True,False,122,151
1470,0.004052422985459398,8.146897554850593,8.141490630488251,inf,inf,False,False,149,161
1471,0.004048119773355684,8.146897554850593,8.141490630488251,8.167030087690714,0.02013253284012073,False,False,134,196
1472,0.004043821130773583,8.146249582052203,8.141490630488251,8.146249582052203,-0.0006479727983901284,True,False,156,28
1473,0.004039527052860779,8.146249582052203,8.141490630488251,8.146249582052203,0.0,True,False,95,218
1474,0.004035237534770115,8.146249582052203,8.141490630488251,8.146249582052203,0.0,True,False,121,183
1475,0.004030952571659579,8.146249582052203,8.141490630488251,inf,inf,False,False,68,221
1476,0.0040266721586923,8.14625265940663,8.141490630488251,8.14625265940663,3.077354426395118e-06,True,False,120,29
1477,0.004022396291036544,8.14625265940663,8.141490630488251,8.14625265940663,0.0,True,False,184,134
1478,0.004018124963865706,8.14625265940663,8.141490630488251,8.14625265940663,0.0,True,False,166,77
1479,0.004013858172358308,8.146619967891052,8.141490630488251,8.146619967891052,0.00036730848442267927,True,False,137,104
1480,0.004009595911697992,8.146619967891052,8.141490630488251,8.146619967891052,0.0,True,False,13,23
1481,0.0040053381770735145,8.146619967891052,8.141490630488251,8.146619967891052,0.0,True,False,169,22
1482,0.00400108496367874,8.146385547256402,8.141490630488251,8.146385547256402,-0.0002344206346496236,True,False,33,59
1483,0.0039968362667126365,8.146385547256402,8.141490630488251,8.146385547256402,0.0,True,False,67,15
1484,0.003992592081379271,8.146385547256402,8.141490630488251,8.146385547256402,0.0,True,False,83,234
1485,0.003988352402887803,8.14620757795967,8.141490630488251,8.14620757795967,-0.00017796929673252748,True,False,235,37
1486,0.003984117226452479,8.14620757795967,8.141490630488251,8.202726681042535,0.056519103082864675,False,False,97,222
1487,0.003979886547292629,8.14620757795967,8.141490630488251,8.14620757795967,0.0,True,False,236,100
1488,0.0039756603606326555,8.14620757795967,8.141490630488251,8.14620757795967,0.0,True,False,182,78
1489,0.003971438661702037,8.14620757795967,8.141490630488251,8.196961305482853,0.0507537275231833,False,False,167,231
1490,0.003967221445735314,8.14620757795967,8.141490630488251,8.14620757795967,0.0,True,False,32,169
1491,0.00396300870797209,8.145479876801282,8.141490630488251,8.145479876801282,-0.0007277011583877169,True,False,38,180
1492,0.003958800443657024,8.145479876801282,8.141490630488251,8.178141700991842,0.032661824190560296,False,False,155,8
1493,0.003954596648039819,8.145479876801282,8.141490630488251,8.145479876801282,0.0,True,False,118,139
1494,0.003950397316375229,8.139246463780994,8.139246463780994,8.139246463780994,-0.0062334130202881255,True,True,68,74
1495,0.003946202443923044,8.139246463780994,8.139246463780994,8.139246463780994,0.0,True,False,68,12
1496,0.003942012025948089,8.139246463780994,8.139246463780994,8.139246463780994,0.0,True,False,23,93
1497,0.003937826057720213,8.139053696552525,8.139053696552525,8.139053696552525,-0.00019276722846939265,True,True,91,230
1498,0.003933644534514294,8.139053696552525,8.139053696552525,8.139053696552525,0.0,True,False,225,196
1499,0.003929467451610222,8.139053696552525,8.139053696552525,8.139053696552525,0.0,True,False,177,96
1500,0.003925294804292903,8.139053696552525,8.139053696552525,8.139053696552525,0.0,True,False,147,135
1501,0.00392112658785225,8.139053696552525,8.139053696552525,8.139053696552525,0.0,True,False,11,93
1502,0.003916962797583173,8.139053696552525,8.139053696552525,8.216531532844192,0.07747783629166705,False,False,27,122
1503,0.003912803428785583,8.139053696552525,8.139053696552525,8.157758665593558,0.018704969041033692,False,False,48,189
1504,0.0039086484767643795,8.139053696552525,8.139053696552525,8.139053696552525,0.0,True,False,68,195
1505,0.00390449793682945,8.139053696552525,8.139053696552525,8.195542282139527,0.05648858558700276,False,False,72,184
1506,0.0039003518042956616,8.139053696552525,8.139053696552525,8.139053696552525,0.0,True,False,18,90
1507,0.0038962100744828537,8.139053696552525,8.139053696552525,8.143588468826147,0.004534772273622423,False,False,208,231
1508,0.0038920727427158375,8.139053696552525,8.139053696552525,8.139053696552525,0.0,True,False,76,68
1509,0.00388793980432439,8.139053696552525,8.139053696552525,8.139053696552525,0.0,True,False,99,101
1510,0.0038838112546432458,8.139053696552525,8.139053696552525,inf,inf,False,False,7,238
1511,0.003879687089012095,8.139053696552525,8.139053696552525,8.139053696552525,0.0,True,False,84,131
1512,0.0038755673027755736,8.139182919762806,8.139053696552525,8.139182919762806,0.00012922321028163708,True,False,130,94
1513,0.0038714518912832635,8.139182919762806,8.139053696552525,8.139182919762806,0.0,True,False,233,70
1514,0.003867340849889684,8.139182919762806,8.139053696552525,8.139182919762806,0.0,True,False,224,18
1515,0.003863234173954288,8.139182919762806,8.139053696552525,inf,inf,False,False,217,156
1516,0.003859131858841456,8.139182919762806,8.139053696552525,inf,inf,False,False,190,161
1517,0.0038550338999204896,8.139182919762806,8.139053696552525,8.142095084718767,0.0029121649559602503,False,False,230,58
1518,0.003850940292565608,8.139182919762806,8.139053696552525,8.140759804826708,0.001576885063901301,False,False,125,202
1519,0.0038468510321559455,8.123870700516482,8.123870700516482,8.123870700516482,-0.015312219246323977,True,True,208,158
1520,0.003842766114075539,8.123870700516482,8.123870700516482,8.123870700516482,0.0,True,False,63,163
1521,0.003838685533713331,8.123870700516482,8.123870700516482,inf,inf,False,False,6,175
1522,0.0038346092864631554,8.123870700516482,8.123870700516482,8.123870700516482,0.0,True,False,97,226
1523,0.003830537367723742,8.123870700516482,8.123870700516482,8.123870700516482,0.0,True,False,49,179
1524,0.0038264697728987046,8.123870700516482,8.123870700516482,inf,inf,False,False,161,133
1525,0.0038224064973965397,8.123741477306202,8.123741477306202,8.123741477306202,-0.00012922321027986072,True,True,130,215
1526,0.003818347536630615,8.123741477306202,8.123741477306202,8.18713918197368,0.0633977046674783,False,False,140,65
1527,0.003814292886019173,8.123741477306202,8.123741477306202,8.123741477306202,0.0,True,False,196,130
1528,0.0038102425409853196,8.123741477306202,8.123741477306202,8.123741477306202,0.0,True,False,99,169
1529,0.003806196496957022,8.123741477306202,8.123741477306202,8.17814407529874,0.05440259799253688,False,False,229,122
1530,0.003802154749367103,8.123741477306202,8.123741477306202,8.126058970752219,0.0023174934460161722,False,False,86,198
1531,0.0037981172936532304,8.123741477306202,8.123741477306202,inf,inf,False,False,181,173
1532,0.003794084125257923,8.124805672154016,8.123741477306202,8.124805672154016,0.0010641948478138374,True,False,59,65
1533,0.003790055239628535,8.124805672154016,8.123741477306202,inf,inf,False,False,80,219
1534,0.003786030632217257,8.124805672154016,8.123741477306202,8.192003335939944,0.06719766378592773,False,False,116,227
1535,0.003782010298481109,8.124805672154016,8.123741477306202,8.124805672154016,0.0,True,False,144,135
1536,0.0037779942338819323,8.124805672154016,8.123741477306202,8.127409858685038,0.0026041865310215684,False,False,146,197
1537,0.0037739824338863894,8.124805672154016,8.123741477306202,8.124805672154016,0.0,True,False,88,94
1538,0.003769974893965958,8.124805672154016,8.123741477306202,inf,inf,False,False,95,6
1539,0.0037659716095969223,8.124495914559322,8.123741477306202,8.124495914559322,-0.0003097575946942044,True,False,171,122
1540,0.0037619725762603716,8.124495914559322,8.123741477306202,8.176823159543801,0.05232724498447894,False,False,211,90
1541,0.003757977789442191,8.124495914559322,8.123741477306202,8.124495914559322,0.0,True,False,170,149
1542,0.0037539872446330632,8.124495914559322,8.123741477306202,inf,inf,False,False,122,6
1543,0.003750000937328457,8.124495914559322,8.123741477306202,8.124495914559322,0.0,True,False,166,99
1544,0.003746018863028624,8.124495914559322,8.123741477306202,8.124495914559322,0.0,True,False,13,96
1545,0.003742041017238596,8.124495914559322,8.123741477306202,8.186267147691728,0.06177123313240607,False,False,16,46
1546,0.003738067395468176,8.124495914559322,8.123741477306202,8.127633821778186,0.0031379072188642,False,False,137,179
1547,0.0037340979932319347,8.124266692811572,8.123741477306202,8.124266692811572,-0.00022922174774997472,True,False,151,132
1548,0.0037301328060492084,8.124429906341724,8.123741477306202,8.124429906341724,0.00016321353015236184,True,False,60,80
1549,0.00372617182944409,8.124429906341724,8.123741477306202,8.124429906341724,0.0,True,False,59,89
1550,0.0037222150589454246,8.124429906341724,8.123741477306202,8.133163544620773,0.008733638279048606,False,False,134,98
1551,0.0037182624900868053,8.124429906341724,8.123741477306202,8.124429906341724,0.0,True,False,179,66
1552,0.0037143141184065686,8.128547817092372,8.123741477306202,8.128547817092372,0.004117910750647269,True,False,104,238
1553,0.0037103699394477893,8.128547817092372,8.123741477306202,8.136002307048045,0.007454489955673438,False,False,227,226
1554,0.0037064299487582753,8.12458080085769,8.123741477306202,8.12458080085769,-0.003967016234682319,True,False,145,72
1555,0.0037024941418905585,8.12458080085769,8.123741477306202,8.12458080085769,0.0,True,False,216,87
1556,0.003698562514401898,8.12458080085769,8.123741477306202,8.13784498220245,0.013264181344760928,False,False,82,214
1557,0.0036946350618542677,8.123869501975044,8.123741477306202,8.123869501975044,-0.0007112988826456501,True,False,181,115
1558,0.0036907117798143565,8.123265049152332,8.123265049152332,8.123265049152332,-0.0006044528227118207,True,True,186,39
1559,0.0036867926638535597,8.122544614002846,8.122544614002846,8.122544614002846,-0.0007204351494856098,True,True,182,156
1560,0.003682877709547975,8.122544614002846,8.122544614002846,8.144090256484152,0.021545642481305194,False,False,56,1
1561,0.0036789669124783968,8.122544614002846,8.122544614002846,8.122544614002846,0.0,True,False,153,135
1562,0.003675060268230315,8.122544614002846,8.122544614002846,8.219739009238028,0.09719439523518147,False,False,206,189
1563,0.003671157772393905,8.122544614002846,8.122544614002846,8.122544614002846,0.0,True,False,77,133
1564,0.003667259420564027,8.125911066844777,8.122544614002846,8.125911066844777,0.0033664528419308226,True,False,111,58
1565,0.0036633652083402158,8.124479073823208,8.122544614002846,8.124479073823208,-0.0014319930215691556,True,False,94,214
1566,0.0036594751313266814,8.124479073823208,8.122544614002846,8.124479073823208,0.0,True,False,39,42
1567,0.0036555891851323013,8.124479073823208,8.122544614002846,8.146749860251457,0.022270786428249423,False,False,170,194
1568,0.003651707365370615,8.124740400991218,8.122544614002846,8.124740400991218,0.0002613271680100837,True,False,132,216
1569,0.0036478296676598224,8.123038134569821,8.122544614002846,8.123038134569821,-0.0017022664213968142,True,False,2,92
1570,0.003643956087622772,8.123038134569821,8.122544614002846,8.123038134569821,0.0,True,False,140,153
1571,0.003640086620886964,8.123038134569821,8.122544614002846,8.132614300482054,0.009576165912232426,False,False,1,63
1572,0.00363622126308454,8.123038134569821,8.122544614002846,8.123038134569821,0.0,True,False,38,42
1573,0.0036323600098522807,8.123038134569821,8.122544614002846,inf,inf,False,False,6,206
1574,0.0036285028568316005,8.123038134569821,8.122544614002846,8.123038134569821,0.0,True,False,107,14
1575,0.0036246497996685395,8.123038134569821,8.122544614002846,8.191168016900841,0.06812988233101969,False,False,4,65
1576,0.0036208008340137634,8.123038134569821,8.122544614002846,8.123038134569821,0.0,True,False,153,74
1577,0.0036169559555225563,8.123038134569821,8.122544614002846,8.123038134569821,0.0,True,False,40,171
1578,0.003613115159854817,8.123038134569821,8.122544614002846,8.125784270728749,0.0027461361589278255,False,False,36,149
1579,0.003609278442675049,8.123038134569821,8.122544614002846,inf,inf,False,False,179,79
1580,0.003605445799652363,8.123038134569821,8.122544614002846,8.191168016900841,0.06812988233101969,False,False,211,20
1581,0.003601617226460468,8.123038134569821,8.122544614002846,8.123038134569821,0.0,True,False,8,16
1582,0.003597792718777667,8.123038134569821,8.122544614002846,8.123038134569821,0.0,True,False,97,108
1583,0.0035939722722868528,8.123038134569821,8.122544614002846,8.123038134569821,0.0,True,False,233,177
1584,0.0035901558826755,8.123038134569821,8.122544614002846,8.123038134569821,0.0,True,False,39,214
1585,0.0035863435456356635,8.123038134569821,8.122544614002846,8.123038134569821,0.0,True,False,107,177
1586,0.003582535256863976,8.123038134569821,8.122544614002846,8.123038134569821,0.0,True,False,117,188
1587,0.0035787310120616355,8.123038134569821,8.122544614002846,8.123038134569821,0.0,True,False,176,131
1588,0.003574930806934408,8.123038134569821,8.122544614002846,8.157735048098555,0.03469691352873383,False,False,20,125
1589,0.0035711346371926174,8.123038134569821,8.122544614002846,inf,inf,False,False,25,4
1590,0.003567342498551143,8.123038134569821,8.122544614002846,8.15233866100963,0.029300526439808294,False,False,4,90
1591,0.0035635543867294154,8.123038134569821,8.122544614002846,inf,inf,False,False,172,221
1592,0.0035597702974514106,8.123038134569821,8.122544614002846,8.123038134569821,0.0,True,False,202,201
1593,0.0035559902264456463,8.123038134569821,8.122544614002846,inf,inf,False,False,165,208
1594,0.003552214169445171,8.123038134569821,8.122544614002846,8.123038134569821,0.0,True,False,183,215
1595,0.0035484421221875706,8.123038134569821,8.122544614002846,8.123038134569821,0.0,True,False,24,140
1596,0.003544674080414953,8.123038134569821,8.122544614002846,8.126466228368502,0.003428093798680365,False,False,105,122
1597,0.00354091003987395,8.123038134569821,8.122544614002846,8.123038134569821,0.0,True,False,225,201
1598,0.0035371499963157095,8.123038134569821,8.122544614002846,8.123038134569821,0.0,True,False,88,31
1599,0.003533393945495888,8.123038134569821,8.122544614002846,inf,inf,False,False,138,10
1600,0.0035296418831746532,8.123038134569821,8.122544614002846,8.123038134569821,0.0,True,False,83,225
1601,0.003525893805116674,8.123038134569821,8.122544614002846,8.123038134569821,0.0,True,False,214,57
1602,0.0035221497070911153,8.123038134569821,8.122544614002846,inf,inf,False,False,155,53
1603,0.0035184095848716365,8.123038134569821,8.122544614002846,8.123038134569821,0.0,True,False,178,28
1604,0.0035146734342363824,8.123038134569821,8.122544614002846,8.123038134569821,0.0,True,False,17,21
1605,0.003510941250967983,8.123038134569821,8.122544614002846,8.178581020303984,0.05554288573416244,False,False,107,82
1606,0.003507213030853547,8.123038134569821,8.122544614002846,8.123038134569821,0.0,True,False,179,163
1607,0.0035034887696846558,8.12079603869717,8.12079603869717,8.12079603869717,-0.0022420958726510065,True,True,198,197
1608,0.0034997684632573586,8.121623430570274,8.12079603869717,8.121623430570274,0.0008273918731038776,True,False,16,200
1609,0.0034960521073721697,8.121623430570274,8.12079603869717,8.121623430570274,0.0,True,False,15,70
1610,0.0034923396978340645,8.121623430570274,8.12079603869717,inf,inf,False,False,179,81
1611,0.00348863123045247,8.120179507190581,8.120179507190581,8.120179507190581,-0.0014439233796927908,True,True,10,62
1612,0.0034849267010412656,8.120179507190581,8.120179507190581,inf,inf,False,False,125,81
1613,0.003481226105418774,8.120179507190581,8.120179507190581,8.16634736112514,0.04616785393455913,False,False,102,114
1614,0.0034775294394077593,8.120179507190581,8.120179507190581,8.120179507190581,0.0,True,False,60,67
1615,0.0034738366988354215,8.11906731414044,8.11906731414044,8.11906731414044,-0.0011121930501420962,True,True,46,178
1616,0.003470147879533391,8.11906731414044,8.11906731414044,8.12437423277405,0.005306918633610991,False,False,153,39
1617,0.0034664629773377264,8.11906731414044,8.11906731414044,8.140929469826585,0.021862155686145357,False,False,93,0
1618,0.003462781988088904,8.11906731414044,8.11906731414044,inf,inf,False,False,175,81
1619,0.003459104907631821,8.11906731414044,8.11906731414044,8.122051304210418,0.002983990069978404,False,False,35,5
1620,0.0034554317318157856,8.11906731414044,8.11906731414044,inf,inf,False,False,22,10
1621,0.003451762456494512,8.11906731414044,8.11906731414044,8.11906731414044,0.0,True,False,195,86
1622,0.0034480970775261207,8.11906731414044,8.11906731414044,8.148152840643553,0.029085526503113357,False,False,27,214
1623,0.003444435590773126,8.11906731414044,8.11906731414044,8.122941045658193,0.003873731517753498,False,False,13,170
1624,0.0034407779921024396,8.11906731414044,8.11906731414044,8.122039036379912,0.0029717222394722853,False,False,232,123
1625,0.003437124277385359,8.11906731414044,8.11906731414044,8.11906731414044,0.0,True,False,205,52
1626,0.0034334744424975683,8.11906731414044,8.11906731414044,8.123417815388303,0.004350501247863292,False,False,35,33
1627,0.003429828483319132,8.11906731414044,8.11906731414044,inf,inf,False,False,160,7
1628,0.003426186395734484,8.11906731414044,8.11906731414044,8.11906731414044,0.0,True,False,48,57
1629,0.0034225481756324353,8.11906731414044,8.11906731414044,8.11906731414044,0.0,True,False,106,61
1630,0.0034189138189061577,8.11906731414044,8.11906731414044,inf,inf,False,False,230,217
1631,0.003415283321453187,8.11906731414044,8.11906731414044,8.11906731414044,0.0,True,False,141,144
1632,0.0034116566791754137,8.11906731414044,8.11906731414044,8.14766606720202,0.028598753061579885,False,False,178,237
1633,0.00340803388797908,8.11906731414044,8.11906731414044,8.13372419841358,0.014656884273140491,False,False,114,73
1634,0.003404414943774776,8.11906731414044,8.11906731414044,8.129453499409712,0.010386185269272374,False,False,33,207
1635,0.003400799842477433,8.11906731414044,8.11906731414044,8.159836427790463,0.04076911365002367,False,False,235,27
1636,0.003397188580006323,8.11906731414044,8.11906731414044,8.13372419841358,0.014656884273140491,False,False,148,208
1637,0.003393581152285047,8.11906731414044,8.11906731414044,8.11906731414044,0.0,True,False,87,149
1638,0.0033899775552415383,8.11906731414044,8.11906731414044,8.11906731414044,0.0,True,False,26,20
1639,0.0033863777848080526,8.11906731414044,8.11906731414044,inf,inf,False,False,221,223
1640,0.003382781836921166,8.11906731414044,8.11906731414044,8.11906731414044,0.0,True,False,202,22
1641,0.00337918970752177,8.11906731414044,8.11906731414044,8.13303564437173,0.013968330231291404,False,False,158,223
1642,0.003375601392555062,8.11906731414044,8.11906731414044,8.11906731414044,0.0,True,False,210,18
1643,0.0033720168879705515,8.11906731414044,8.11906731414044,8.21671618415925,0.09764887001881029,False,False,60,93
1644,0.0033684361897220448,8.11906731414044,8.11906731414044,8.123032143257479,0.00396482911703977,False,False,195,186
1645,0.003364859293767647,8.120856974417435,8.11906731414044,8.120856974417435,0.00178966027699623,True,False,34,170
1646,0.0033612861960697544,8.120856974417435,8.11906731414044,8.120856974417435,0.0,True,False,142,163
1647,0.0033577168925950497,8.120856974417435,8.11906731414044,8.120856974417435,0.0,True,False,97,160
1648,0.0033541513793145,8.120856974417435,8.11906731414044,8.120856974417435,0.0,True,False,151,166
1649,0.003350589652203351,8.120856974417435,8.11906731414044,8.120856974417435,0.0,True,False,129,126
1650,0.003347031707241121,8.120856974417435,8.11906731414044,8.157194163768043,0.0363371893506077,False,False,212,169
1651,0.0033434775404115992,8.120856974417435,8.11906731414044,inf,inf,False,False,34,6
1652,0.0033399271477028377,8.120856974417435,8.11906731414044,8.120856974417435,0.0,True,False,146,239
1653,0.003336380525107149,8.120856974417435,8.11906731414044,8.148001952314074,0.027144977896638167,False,False,123,37
1654,0.0033328376686211033,8.120856974417435,8.11906731414044,8.120856974417435,0.0,True,False,130,46
1655,0.00332929857424552,8.120856974417435,8.11906731414044,8.120856974417435,0.0,True,False,160,135
1656,0.003325763237985467,8.120856974417435,8.11906731414044,inf,inf,False,False,128,127
1657,0.0033222316558502514,8.120856974417435,8.11906731414044,8.186639997573389,0.0657830231559533,False,False,1,191
1658,0.003318703823853421,8.120856974417435,8.11906731414044,8.120856974417435,0.0,True,False,166,54
1659,0.0033151797380127543,8.120856974417435,8.11906731414044,8.138971118417373,0.018114143999937937,False,False,129,180
1660,0.0033116593943502614,8.120856974417435,8.11906731414044,8.120856974417435,0.0,True,False,225,176
1661,0.003308142788892175,8.12365877886849,8.11906731414044,8.12365877886849,0.0028018044510549345,True,False,114,145
1662,0.0033046299176689455,8.12365877886849,8.11906731414044,inf,inf,False,False,217,131
1663,0.003301120776715241,8.12365877886849,8.11906731414044,8.216539225356986,0.09288044648849514,False,False,76,136
1664,0.0032976153620699403,8.12365877886849,8.11906731414044,8.170606330366626,0.046947551498135454,False,False,93,50
1665,0.0032941136697761286,8.12365877886849,8.11906731414044,inf,inf,False,False,228,56
1666,0.0032906156958810904,8.12365877886849,8.11906731414044,8.125390202934092,0.0017314240656016722,False,False,101,53
1667,0.0032871214364363103,8.12365877886849,8.11906731414044,8.12365877886849,0.0,True,False,202,17
1668,0.003283630887497464,8.12365877886849,8.11906731414044,8.12365877886849,0.0,True,False,175,39
1669,0.0032801440451244177,8.12365877886849,8.11906731414044,inf,inf,False,False,79,170
1670,0.0032766609053812203,8.130560246167851,8.11906731414044,8.130560246167851,0.00690146729936103,True,False,99,193
1671,0.0032731814643360982,8.130560246167851,8.11906731414044,8.130560246167851,0.0,True,False,61,229
1672,0.003269705718061457,8.130560246167851,8.11906731414044,8.209963644254842,0.07940339808699015,False,False,236,50
1673,0.003266233662633869,8.124793755967335,8.11906731414044,8.124793755967335,-0.005766490200516117,True,False,32,70
1674,0.0032627652941340764,8.122139025707256,8.11906731414044,8.122139025707256,-0.002654730260079674,True,False,131,200
1675,0.0032593006086469815,8.121766527975849,8.11906731414044,8.121766527975849,-0.00037249773140679565,True,False,172,186
1676,0.003255839602261642,8.121766527975849,8.11906731414044,8.121766527975849,0.0,True,False,98,110
1677,0.0032523822710712716,8.121766527975849,8.11906731414044,8.140673198755207,0.018906670779358592,False,False,143,158
1678,0.003248928611173231,8.121766527975849,8.11906731414044,8.121766527975849,0.0,True,False,8,22
1679,0.003245478618669026,8.121766527975849,8.11906731414044,8.141232515089824,0.019465987113974847,False,False,203,18
1680,0.0032420322896643023,8.121766527975849,8.11906731414044,8.121766527975849,0.0,True,False,143,80
1681,0.003238589620268839,8.120316730394428,8.11906731414044,8.120316730394428,-0.0014497975814204977,True,False,136,14
1682,0.0032351506065965473,8.120316730394428,8.11906731414044,8.120316730394428,0.0,True,False,37,11
1683,0.003231715244765466,8.120316730394428,8.11906731414044,8.120316730394428,0.0,True,False,54,83
1684,0.003228283530897755,8.120316730394428,8.11906731414044,8.120316730394428,0.0,True,False,75,226
1685,0.0032248554611196936,8.125785490263716,8.11906731414044,8.125785490263716,0.005468759869287965,True,False,195,123
1686,0.003221431031561671,8.125785490263716,8.11906731414044,8.12976016858284,0.003974678319123015,False,False,112,0
1687,0.003218010238358188,8.125785490263716,8.11906731414044,8.125785490263716,0.0,True,False,199,225
1688,0.0032145930776478512,8.125785490263716,8.11906731414044,8.125785490263716,0.0,True,False,11,225
1689,0.0032111795455733658,8.125785490263716,8.11906731414044,inf,inf,False,False,45,175
1690,0.003207769638281534,8.125785490263716,8.11906731414044,8.125785490263716,0.0,True,False,192,55
1691,0.003204363351923247,8.125785490263716,8.11906731414044,8.183684737458488,0.05789924719477213,False,False,29,227
1692,0.0032009606826534863,8.125785490263716,8.11906731414044,inf,inf,False,False,173,72
1693,0.003197561626631316,8.130044928903095,8.11906731414044,8.130044928903095,0.004259438639378388,True,False,35,80
1694,0.0031941661800198792,8.130044928903095,8.11906731414044,8.130044928903095,0.0,True,False,224,8
1695,0.0031907743389863906,8.130044928903095,8.11906731414044,inf,inf,False,False,22,10
1696,0.0031873860997021367,8.130044928903095,8.11906731414044,8.130044928903095,0.0,True,False,186,143
1697,0.0031840014583424704,8.130044928903095,8.11906731414044,8.130044928903095,0.0,True,False,98,17
1698,0.0031806204110868055,8.130044928903095,8.11906731414044,8.130044928903095,0.0,True,False,205,101
1699,0.003177242954118613,8.130044928903095,8.11906731414044,8.130044928903095,0.0,True,False,234,144
1700,0.0031738690836254136,8.130044928903095,8.11906731414044,8.130044928903095,0.0,True,False,115,233
1701,0.003170498795798781,8.130044928903095,8.11906731414044,8.130044928903095,0.0,True,False,133,101
1702,0.0031671320868343305,8.130044928903095,8.11906731414044,8.149457943114534,0.01941301421143926,False,False,15,111
1703,0.0031637689529317174,8.127793473299372,8.11906731414044,8.127793473299372,-0.002251455603722974,True,False,153,40
1704,0.0031604093902946346,8.127793473299372,8.11906731414044,8.127793473299372,0.0,True,False,234,204
1705,0.0031570533951308013,8.127793473299372,8.11906731414044,inf,inf,False,False,236,7
1706,0.003153700963651969,8.127793473299372,8.11906731414044,8.127793473299372,0.0,True,False,183,3
1707,0.0031503520920739096,8.128664014869084,8.11906731414044,8.128664014869084,0.0008705415697125574,True,False,182,185
1708,0.0031470067766164126,8.128664014869084,8.11906731414044,inf,inf,False,False,114,159
1709,0.0031436650135032843,8.12662743669432,8.11906731414044,8.12662743669432,-0.002036578174763548,True,False,212,12
1710,0.0031403267989623374,8.126472591565163,8.11906731414044,8.126472591565163,-0.00015484512915797666,True,False,41,43
1711,0.0031369921292253924,8.126472591565163,8.11906731414044,8.126472591565163,0.0,True,False,120,16
1712,0.003133661000528271,8.126472591565163,8.11906731414044,8.126472591565163,0.0,True,False,48,207
1713,0.003130333409110792,8.126472591565163,8.11906731414044,inf,inf,False,False,25,192
1714,0.003127009351216768,8.12013068583346,8.11906731414044,8.12013068583346,-0.006341905731702013,True,False,111,212
1715,0.0031236888230939965,8.12013068583346,8.11906731414044,8.12013068583346,0.0,True,False,189,83
1716,0.0031203718209942637,8.12013068583346,8.11906731414044,8.132983463112335,0.012852777278874683,False,False,233,227
1717,0.0031170583411733346,8.12013068583346,8.11906731414044,8.12013068583346,0.0,True,False,8,230
1718,0.003113748379890949,8.120203539800801,8.11906731414044,8.120203539800801,7.285396734069138e-05,True,False,182,138
1719,0.0031104419334108207,8.120203539800801,8.11906731414044,8.120203539800801,0.0,True,False,13,75
1720,0.0031071389980006285,8.120203539800801,8.11906731414044,8.120203539800801,0.0,True,False,52,207
1721,0.003103839569932015,8.120203539800801,8.11906731414044,8.142728389262304,0.022524849461502683,False,False,180,65
1722,0.003100543645480584,8.120203539800801,8.11906731414044,8.12116073712464,0.0009571973238386988,False,False,0,88
1723,0.0030972512209258927,8.120565561521687,8.11906731414044,8.120565561521687,0.0003620217208855081,True,False,97,156
1724,0.0030939622925514475,8.120565561521687,8.11906731414044,8.120565561521687,0.0,True,False,148,72
1725,0.003090676856644704,8.120565561521687,8.11906731414044,inf,inf,False,False,221,112
1726,0.0030873949094970586,8.120565561521687,8.11906731414044,8.253127718582867,0.13256215706118013,False,False,153,4
1727,0.0030841164474038458,8.120565561521687,8.11906731414044,8.120565561521687,0.0,True,False,150,140
1728,0.0030808414666643356,8.120565561521687,8.11906731414044,8.151378373881883,0.030812812360196062,False,False,15,14
1729,0.003077569963581725,8.123072886283156,8.11906731414044,8.123072886283156,0.0025073247614688654,True,False,88,215
1730,0.003074301934463138,8.123072886283156,8.11906731414044,8.123072886283156,0.0,True,False,132,139
1731,0.0030710373756196213,8.123072886283156,8.11906731414044,inf,inf,False,False,239,62
1732,0.003067776283366137,8.123072886283156,8.11906731414044,8.123072886283156,0.0,True,False,132,223
1733,0.0030645186540215613,8.123072886283156,8.11906731414044,8.129788254605895,0.006715368322739224,False,False,24,64
1734,0.0030612644839086785,8.122388167470337,8.11906731414044,8.122388167470337,-0.0006847188128187298,True,False,104,199
1735,0.003058013769354178,8.122997201839539,8.11906731414044,8.122997201839539,0.0006090343692015665,True,False,210,76
1736,0.0030547665066886502,8.122997201839539,8.11906731414044,inf,inf,False,False,162,89
1737,0.0030515226922465818,8.122997201839539,8.11906731414044,8.122997201839539,0.0,True,False,99,148
1738,0.003048282322366353,8.122997201839539,8.11906731414044,8.122997201839539,0.0,True,False,42,153
1739,0.0030450453933902294,8.124843553227455,8.11906731414044,8.124843553227455,0.001846351387916556,True,False,206,69
1740,0.0030418119016643627,8.124843553227455,8.11906731414044,8.132475152355205,0.007631599127750022,False,False,47,53
1741,0.0030385818435387847,8.119863285508996,8.11906731414044,8.119863285508996,-0.00498026771845872,True,False,33,198
1742,0.0030353552153674023,8.119863285508996,8.11906731414044,8.119863285508996,0.0,True,False,225,18
1743,0.003032132013507995,8.129061730560371,8.11906731414044,8.129061730560371,0.009198445051374904,True,False,181,26
1744,0.0030289122343222083,8.128088095004124,8.11906731414044,8.128088095004124,-0.0009736355562477428,True,False,85,98
1745,0.003025695874175553,8.127192086035173,8.11906731414044,8.127192086035173,-0.0008960089689509232,True,False,156,191
1746,0.003022482929437398,8.127192086035173,8.11906731414044,inf,inf,False,False,165,139
1747,0.0030192733964809686,8.128722784484355,8.11906731414044,8.128722784484355,0.0015306984491818554,True,False,178,238
1748,0.0030160672716833415,8.128722784484355,8.11906731414044,8.143804727018937,0.015081942534582282,False,False,106,203
1749,0.003012864551425439,8.128722784484355,8.11906731414044,inf,inf,False,False,28,228
1750,0.0030096652320920265,8.128722784484355,8.11906731414044,8.128722784484355,0.0,True,False,115,142
1751,0.0030064693100717104,8.128722784484355,8.11906731414044,8.128722784484355,0.0,True,False,146,86
1752,0.003003276781756931,8.128722784484355,8.11906731414044,8.128722784484355,0.0,True,False,205,31
1753,0.003000087643543958,8.12473779880406,8.11906731414044,8.12473779880406,-0.003984985680293818,True,False,163,136
1754,0.0029969018918328894,8.122809110227044,8.11906731414044,8.122809110227044,-0.0019286885770171125,True,False,92,126
1755,0.0029937195230276457,8.122809110227044,8.11906731414044,8.122809110227044,0.0,True,False,234,87
1756,0.0029905405335359657,8.122809110227044,8.11906731414044,inf,inf,False,False,62,140
1757,0.0029873649197694045,8.122809110227044,8.11906731414044,inf,inf,False,False,85,79
1758,0.0029841926781433233,8.122809110227044,8.11906731414044,inf,inf,False,False,10,106
1759,0.0029810238050768942,8.122686687705434,8.11906731414044,8.122686687705434,-0.00012242252160987732,True,False,135,130
1760,0.0029778582969930897,8.122686687705434,8.11906731414044,8.122686687705434,0.0,True,False,206,183
1761,0.0029746961503186817,8.122686687705434,8.11906731414044,inf,inf,False,False,228,32
1762,0.0029715373614842364,8.122686687705434,8.11906731414044,8.122686687705434,0.0,True,False,213,215
1763,0.0029683819269241078,8.122686687705434,8.11906731414044,8.122686687705434,0.0,True,False,154,197
1764,0.0029652298430764405,8.113528472315272,8.113528472315272,8.113528472315272,-0.009158215390161928,True,True,36,91
1765,0.002962081106383157,8.118677560098554,8.113528472315272,8.118677560098554,0.005149087783282269,True,False,178,120
1766,0.0029589357132899616,8.118677560098554,8.113528472315272,8.118677560098554,0.0,True,False,191,102
1767,0.0029557936602463324,8.118677560098554,8.113528472315272,8.137261035412221,0.018583475313667108,False,False,130,172
1768,0.002952654943705514,8.118677560098554,8.113528472315272,8.118677560098554,0.0,True,False,234,32
1769,0.0029495195601245217,8.118677560098554,8.113528472315272,8.118677560098554,0.0,True,False,20,199
1770,0.0029463875059641317,8.118677560098554,8.113528472315272,8.118677560098554,0.0,True,False,54,195
1771,0.0029432587776888775,8.118677560098554,8.113528472315272,inf,inf,False,False,127,18
1772,0.0029401333717670496,8.122124663130887,8.113528472315272,8.122124663130887,0.0034471030323324214,True,False,178,198
1773,0.0029370112846706826,8.122124663130887,8.113528472315272,8.122124663130887,0.0,True,False,147,18
1774,0.0029338925128755645,8.122124663130887,8.113528472315272,8.126595768036797,0.004471104905910295,False,False,158,67
1775,0.002930777052861222,8.128971733860096,8.113528472315272,8.128971733860096,0.006847070729209648,True,False,120,57
1776,0.002927664901110921,8.128971733860096,8.113528472315272,8.128971733860096,0.0,True,False,156,86
1777,0.0029245560541116614,8.128971733860096,8.113528472315272,8.128971733860096,0.0,True,False,58,13
1778,0.0029214505083541725,8.129089791936638,8.113528472315272,8.129089791936638,0.00011805807654141631,True,False,207,233
1779,0.002918348260332912,8.129089791936638,8.113528472315272,8.167988120676897,0.03889832874025956,False,False,221,160
1780,0.00291524930654606,8.129089791936638,8.113528472315272,8.129089791936638,0.0,True,False,117,71
1781,0.0029121536434955145,8.129089791936638,8.113528472315272,8.129089791936638,0.0,True,False,235,58
1782,0.0029090612676868862,8.129089791936638,8.113528472315272,8.129089791936638,0.0,True,False,121,149
1783,0.002905972175629499,8.129089791936638,8.113528472315272,8.129089791936638,0.0,True,False,54,39
1784,0.0029028863638363833,8.129089791936638,8.113528472315272,8.129089791936638,0.0,True,False,97,189
1785,0.0028998038288242708,8.129089791936638,8.113528472315272,8.129089791936638,0.0,True,False,76,14
1786,0.0028967245671135946,8.132966446254976,8.113528472315272,8.132966446254976,0.0038766543183381685,True,False,232,117
1787,0.0028936485752284794,8.132966446254976,8.113528472315272,inf,inf,False,False,6,111
1788,0.002890575849696743,8.132966446254976,8.113528472315272,8.137705882657942,0.004739436402966035,False,False,117,171
1789,0.002887506387049889,8.133126423410726,8.113528472315272,8.133126423410726,0.00015997715575011284,True,False,211,237
1790,0.0028844401838231063,8.133126423410726,8.113528472315272,8.133126423410726,0.0,True,False,49,70
1791,0.002881377236555262,8.133126423410726,8.113528472315272,8.157465237072742,0.02433881366201618,False,False,204,196
1792,0.0028783175417888963,8.133126423410726,8.113528472315272,8.137769950843609,0.004643527432882877,False,False,11,158
1793,0.0028752610960702234,8.133126423410726,8.113528472315272,8.133126423410726,0.0,True,False,135,232
1794,0.002872207895949125,8.133126423410726,8.113528472315272,8.133126423410726,0.0,True,False,121,141
1795,0.0028691579379791455,8.13217228968021,8.113528472315272,8.13217228968021,-0.0009541337305165598,True,False,103,74
1796,0.0028661112187174896,8.13217228968021,8.113528472315272,8.13217228968021,0.0,True,False,38,211
1797,0.002863067734725017,8.13217228968021,8.113528472315272,8.13217228968021,0.0,True,False,108,184
1798,0.00286002748256624,8.13217228968021,8.113528472315272,inf,inf,False,False,58,25
1799,0.0028569904588093185,8.129582422104207,8.113528472315272,8.129582422104207,-0.002589867576002547,True,False,70,208
1800,0.002853956660026058,8.129582422104207,8.113528472315272,8.129582422104207,0.0,True,False,115,32
1801,0.002850926082791904,8.129582422104207,8.113528472315272,8.129582422104207,0.0,True,False,164,13
1802,0.0028478987236859364,8.129582422104207,8.113528472315272,8.129582422104207,0.0,True,False,139,74
1803,0.0028448745792908695,8.129582422104207,8.113528472315272,8.129582422104207,0.0,True,False,206,118
1804,0.002841853646193047,8.129582422104207,8.113528472315272,8.141627252607849,0.012044830503642245,False,False,34,70
1805,0.002838835920982436,8.129582422104207,8.113528472315272,8.129582422104207,0.0,True,False,220,175
1806,0.002835821400252626,8.129583315252654,8.113528472315272,8.129583315252654,8.931484476448759e-07,True,False,227,224
1807,0.002832810080600821,8.129583315252654,8.113528472315272,inf,inf,False,False,233,159
1808,0.0028298019586278423,8.129583315252654,8.113528472315272,8.129583315252654,0.0,True,False,141,104
1809,0.0028267970309381186,8.129583315252654,8.113528472315272,8.165984336702405,0.036401021449750104,False,False,152,196
1810,0.002823795294139685,8.129583315252654,8.113528472315272,inf,inf,False,False,197,25
1811,0.002820796744844176,8.129583315252654,8.113528472315272,8.129583315252654,0.0,True,False,55,135
1812,0.0028178013796668283,8.129583315252654,8.113528472315272,8.129583315252654,0.0,True,False,102,43
1813,0.0028148091952264693,8.129583315252654,8.113528472315272,8.129583315252654,0.0,True,False,68,59
1814,0.002811820188145519,8.129583315252654,8.113528472315272,8.141895492955554,0.012312177702899163,False,False,177,57
1815,0.002808834355049984,8.129583315252654,8.113528472315272,8.129583315252654,0.0,True,False,175,143
1816,0.0028058516925694517,8.129583315252654,8.113528472315272,inf,inf,False,False,76,25
1817,0.002802872197337089,8.129583315252654,8.113528472315272,8.129583315252654,0.0,True,False,98,106
1818,0.002799895865989641,8.129583315252654,8.113528472315272,8.129583315252654,0.0,True,False,227,164
1819,0.00279692269516742,8.129583315252654,8.113528472315272,8.129583315252654,0.0,True,False,229,132
1820,0.0027939526815143096,8.129583315252654,8.113528472315272,8.129583315252654,0.0,True,False,108,171
1821,0.002790985821677753,8.129583315252654,8.113528472315272,8.134195286293961,0.004611971041306617,False,False,133,180
1822,0.002788022112308758,8.129583315252654,8.113528472315272,8.129583315252654,0.0,True,False,181,88
1823,0.002785061550061886,8.129583315252654,8.113528472315272,inf,inf,False,False,159,69
1824,0.0027821041315952504,8.129583315252654,8.113528472315272,8.129583315252654,0.0,True,False,106,86
1825,0.0027791498535705166,8.129583315252654,8.113528472315272,8.17046868426651,0.04088536901385531,False,False,180,167
1826,0.00277619871265289,8.129628137581342,8.113528472315272,8.129628137581342,4.482232868774361e-05,True,False,215,198
1827,0.0027732507055111214,8.129628137581342,8.113528472315272,8.129628137581342,0.0,True,False,157,175
1828,0.0027703058288174967,8.129628137581342,8.113528472315272,8.168895002346725,0.03926686476538244,False,False,142,33
1829,0.002767364079247836,8.128179442976446,8.113528472315272,8.128179442976446,-0.0014486946048961613,True,False,122,107
1830,0.0027644254534814915,8.128179442976446,8.113528472315272,8.137234029430916,0.00905458645446977,False,False,182,120
1831,0.0027614899482013367,8.128179442976446,8.113528472315272,8.128179442976446,0.0,True,False,236,23
1832,0.0027585575600937717,8.128179442976446,8.113528472315272,8.128179442976446,0.0,True,False,143,160
1833,0.002755628285848714,8.119464801959191,8.113528472315272,8.119464801959191,-0.00871464101725472,True,False,35,133
1834,0.0027527021221595963,8.11946513815301,8.113528472315272,8.11946513815301,3.36193819450159e-07,True,False,136,26
1835,0.0027497790657233603,8.11946513815301,8.113528472315272,8.11946513815301,0.0,True,False,11,164
1836,0.0027468591132404586,8.11946513815301,8.113528472315272,8.130701472068028,0.011236333915016772,False,False,212,20
1837,0.002743942261414846,8.11946513815301,8.113528472315272,8.11946513815301,0.0,True,False,149,187
1838,0.0027410285069539766,8.11946513815301,8.113528472315272,8.11946513815301,0.0,True,False,175,139
1839,0.0027381178465688025,8.11946513815301,8.113528472315272,8.11946513815301,0.0,True,False,216,169
1840,0.0027352102769737656,8.11946513815301,8.113528472315272,8.11946513815301,0.0,True,False,44,237
1841,0.0027323057948867996,8.11946513815301,8.113528472315272,8.131035817745516,0.011570679592505684,False,False,50,183
1842,0.002729404397029322,8.11946513815301,8.113528472315272,inf,inf,False,False,156,25
1843,0.0027265060801262325,8.11946513815301,8.113528472315272,8.11946513815301,0.0,True,False,210,151
1844,0.002723610840905908,8.11946513815301,8.113528472315272,8.11946513815301,0.0,True,False,214,77
1845,0.002720718676100199,8.11946513815301,8.113528472315272,8.11946513815301,0.0,True,False,111,170
1846,0.0027178295824444275,8.11946513815301,8.113528472315272,inf,inf,False,False,153,6
1847,0.002714943556677381,8.11946513815301,8.113528472315272,8.168858292822726,0.0493931546697155,False,False,138,82
1848,0.0027120605955413117,8.11946513815301,8.113528472315272,8.11946513815301,0.0,True,False,229,151
1849,0.0027091806957819297,8.11946513815301,8.113528472315272,inf,inf,False,False,205,81
1850,0.002706303854148402,8.11946513815301,8.113528472315272,inf,inf,False,False,189,127
1851,0.002703430067393346,8.11946513815301,8.113528472315272,8.11946513815301,0.0,True,False,164,136
1852,0.0027005593322728277,8.11946513815301,8.113528472315272,8.11946513815301,0.0,True,False,148,53
1853,0.0026976916455463606,8.11946513815301,8.113528472315272,8.11946513815301,0.0,True,False,135,153
1854,0.0026948270039768964,8.11946513815301,8.113528472315272,8.11946513815301,0.0,True,False,27,229
1855,0.0026919654043308233,8.11946513815301,8.113528472315272,8.11946513815301,0.0,True,False,74,235
1856,0.002689106843377966,8.11946513815301,8.113528472315272,inf,inf,False,False,127,201
1857,0.0026862513178915783,8.11960856097419,8.113528472315272,8.11960856097419,0.00014342282117851823,True,False,116,130
1858,0.0026833988246483397,8.120240815666246,8.113528472315272,8.120240815666246,0.0006322546920571881,True,False,196,1
1859,0.002680549360428353,8.120240815666246,8.113528472315272,8.120240815666246,0.0,True,False,80,220
1860,0.0026777029220151406,8.120240815666246,8.113528472315272,inf,inf,False,False,93,7
1861,0.0026748595061956396,8.120240815666246,8.113528472315272,8.120240815666246,0.0,True,False,94,98
1862,0.0026720191097601995,8.120182264988632,8.113528472315272,8.120182264988632,-5.855067761473265e-05,True,False,92,113
1863,0.0026691817295025786,8.120182264988632,8.113528472315272,inf,inf,False,False,217,129
1864,0.002666347362219937,8.120182264988632,8.113528472315272,8.120182264988632,0.0,True,False,186,56
1865,0.002663516004712841,8.120182264988632,8.113528472315272,8.120182264988632,0.0,True,False,139,213
1866,0.00266068765378525,8.120182264988632,8.113528472315272,8.148616611242485,0.028434346253852993,False,False,64,74
1867,0.002657862306244519,8.120182264988632,8.113528472315272,8.120182264988632,0.0,True,False,44,16
1868,0.002655039958901393,8.120182264988632,8.113528472315272,8.170488594213182,0.050306329224550694,False,False,89,231
1869,0.002652220608570003,8.11712231619395,8.113528472315272,8.11712231619395,-0.003059948794682299,True,False,37,96
1870,0.0026494042520678633,8.117194508783907,8.113528472315272,8.117194508783907,7.219258995760924e-05,True,False,166,165
1871,0.002646590886215869,8.117194508783907,8.113528472315272,8.117194508783907,0.0,True,False,150,14
1872,0.002643780507838289,8.117018224047603,8.113528472315272,8.117018224047603,-0.0001762847363036002,True,False,154,232
1873,0.0026409731137627666,8.117018224047603,8.113528472315272,8.117018224047603,0.0,True,False,151,54
1874,0.002638168700820311,8.117018224047603,8.113528472315272,8.117018224047603,0.0,True,False,218,213
1875,0.002635367265845299,8.117018224047603,8.113528472315272,8.117018224047603,0.0,True,False,186,19
1876,0.002632568805675468,8.117018224047603,8.113528472315272,8.24395021230982,0.12693198826221597,False,False,96,73
1877,0.0026297733171519126,8.117018224047603,8.113528472315272,8.117018224047603,0.0,True,False,71,27
1878,0.0026269807971190844,8.117018224047603,8.113528472315272,inf,inf,False,False,7,117
1879,0.002624191242424782,8.117018224047603,8.113528472315272,8.224455705053337,0.10743748100573391,False,False,89,38
1880,0.0026214046499201545,8.117018224047603,8.113528472315272,8.117018224047603,0.0,True,False,154,223
1881,0.0026186210164596928,8.117018224047603,8.113528472315272,8.117018224047603,0.0,True,False,72,230
1882,0.002615840338901229,8.117018224047603,8.113528472315272,8.117018224047603,0.0,True,False,18,235
1883,0.002613062614105933,8.117018224047603,8.113528472315272,8.117018224047603,0.0,True,False,95,128
1884,0.002610287838938303,8.117018224047603,8.113528472315272,8.124072081833441,0.0070538577858378915,False,False,163,151
1885,0.002607516010266173,8.117018224047603,8.113528472315272,inf,inf,False,False,180,162
1886,0.002604747124960699,8.117018224047603,8.113528472315272,8.142144376527984,0.025126152480380526,False,False,141,1
1887,0.00260198117989636,8.117018224047603,8.113528472315272,8.117018224047603,0.0,True,False,104,165
1888,0.0025992181719509556,8.117018224047603,8.113528472315272,8.117018224047603,0.0,True,False,205,78
1889,0.002596458098005599,8.117018224047603,8.113528472315272,inf,inf,False,False,168,53
1890,0.0025937009549447157,8.117099299118719,8.113528472315272,8.117099299118719,8.107507111532186e-05,True,False,177,203
1891,0.00259094673965604,8.116490107100876,8.113528472315272,8.116490107100876,-0.0006091920178423749,True,False,1,85
1892,0.002588195449030612,8.116490107100876,8.113528472315272,inf,inf,False,False,166,108
1893,0.0025854470799627706,8.116490107100876,8.113528472315272,8.122485434724789,0.0059953276239124165,False,False,124,48
1894,0.002582701629350155,8.116490107100876,8.113528472315272,inf,inf,False,False,162,195
1895,0.0025799590940936974,8.116490107100876,8.113528472315272,8.116490107100876,0.0,True,False,227,14
1896,0.002577219471097622,8.116490107100876,8.113528472315272,8.116490107100876,0.0,True,False,195,106
1897,0.0025744827572694393,8.116490107100876,8.113528472315272,8.116490107100876,0.0,True,False,43,148
1898,0.0025717489495199436,8.116490107100876,8.113528472315272,8.136218970323947,0.019728863223070547,False,False,34,42
1899,0.00256901804476321,8.116458975208806,8.113528472315272,8.116458975208806,-3.113189207049061e-05,True,False,101,236
1900,0.0025662900399165906,8.116458975208806,8.113528472315272,8.116458975208806,0.0,True,False,71,37
1901,0.002563564931900711,8.116458975208806,8.113528472315272,8.136363442615009,0.019904467406202997,False,False,109,48
1902,0.0025608427176394676,8.116458975208806,8.113528472315272,8.123220158066792,0.006761182857985659,False,False,61,142
1903,0.0025581233940600205,8.116458975208806,8.113528472315272,inf,inf,False,False,166,175
1904,0.002555406958092795,8.116458975208806,8.113528472315272,8.116458975208806,0.0,True,False,220,175
1905,0.002552693406671476,8.116458975208806,8.113528472315272,8.132107665970222,0.015648690761416617,False,False,129,64
1906,0.0025499827367330037,8.116458975208806,8.113528472315272,8.125499658245854,0.00904068303704797,False,False,42,138
1907,0.0025472749452175717,8.116458975208806,8.113528472315272,8.116458975208806,0.0,True,False,169,66
1908,0.002544570029068621,8.116458975208806,8.113528472315272,8.119768778973775,0.0033098037649690326,False,False,99,224
1909,0.002541867985232841,8.116458975208806,8.113528472315272,8.116458975208806,0.0,True,False,23,107
1910,0.0025391688106601606,8.116458975208806,8.113528472315272,inf,inf,False,False,217,112
1911,0.00253647250230375,8.116458975208806,8.113528472315272,8.116458975208806,0.0,True,False,55,88
1912,0.0025337790571200135,8.116458975208806,8.113528472315272,8.116458975208806,0.0,True,False,120,111
1913,0.0025310884720685864,8.116458975208806,8.113528472315272,inf,inf,False,False,217,22
1914,0.002528400744112335,8.116458975208806,8.113528472315272,8.116458975208806,0.0,True,False,149,134
1915,0.0025257158702173483,8.1151139758174,8.113528472315272,8.1151139758174,-0.0013449993914065317,True,False,113,80
1916,0.0025230338473529387,8.1151139758174,8.113528472315272,8.1151139758174,0.0,True,False,154,95
1917,0.002520354672491637,8.115105673029866,8.113528472315272,8.115105673029866,-8.302787533054357e-06,True,False,46,143
1918,0.0025176783426091856,8.115105673029866,8.113528472315272,8.169006160607882,0.0539004875780158,False,False,14,82
1919,0.0025150048546845414,8.115433654761967,8.113528472315272,8.115433654761967,0.00032798173210046855,True,False,238,233
1920,0.00251233420569987,8.115433654761967,8.113528472315272,inf,inf,False,False,25,143
1921,0.0025096663926405397,8.115433654761967,8.113528472315272,8.115433654761967,0.0,True,False,52,116
1922,0.002507001412495119,8.115433654761967,8.113528472315272,8.117419205306515,0.001985550544548076,False,False,220,180
1923,0.002504339262255377,8.115433654761967,8.113528472315272,8.11767205669198,0.002238401930013012,False,False,14,73
1924,0.0025016799389162756,8.115129471919778,8.113528472315272,8.115129471919778,-0.00030418284218924896,True,False,191,233
1925,0.002499023439475968,8.115129471919778,8.113528472315272,inf,inf,False,False,6,208
1926,0.0024963697609357957,8.115129471919778,8.113528472315272,8.115129471919778,0.0,True,False,47,134
1927,0.002493718900300282,8.115129471919778,8.113528472315272,8.115129471919778,0.0,True,False,9,43
1928,0.002491070854577134,8.115558845880605,8.113528472315272,8.115558845880605,0.00042937396082720625,True,False,70,21
1929,0.0024884256207772354,8.115558845880605,8.113528472315272,8.115558845880605,0.0,True,False,37,154
1930,0.0024857831959146427,8.115558845880605,8.113528472315272,8.115558845880605,0.0,True,False,43,84
1931,0.002483143577006585,8.115674522127346,8.113528472315272,8.115674522127346,0.00011567624674135857,True,False,139,198
1932,0.002480506761073457,8.115674522127346,8.113528472315272,8.115674522127346,0.0,True,False,66,204
1933,0.002477872745138818,8.115674522127346,8.113528472315272,8.115674522127346,0.0,True,False,27,146
1934,0.00247524152622939,8.115674522127346,8.113528472315272,8.115674522127346,0.0,True,False,40,190
1935,0.0024726131013750484,8.115784681728432,8.113528472315272,8.115784681728432,0.00011015960108551326,True,False,153,199
1936,0.0024699874676088265,8.115784681728432,8.113528472315272,8.121128699072258,0.005344017343826835,False,False,32,96
1937,0.0024673646219669047,8.115784681728432,8.113528472315272,8.124897808139355,0.009113126410923655,False,False,36,91
1938,0.0024647445614886126,8.115784681728432,8.113528472315272,8.115784681728432,0.0,True,False,107,140
1939,0.0024621272832164244,8.115784681728432,8.113528472315272,8.115784681728432,0.0,True,False,46,37
1940,0.0024595127841959526,8.115784681728432,8.113528472315272,8.115784681728432,0.0,True,False,129,164
1941,0.002456901061475949,8.115784681728432,8.113528472315272,8.12713302628104,0.01134834455260858,False,False,22,156
1942,0.0024542921121082978,8.115784681728432,8.113528472315272,inf,inf,False,False,173,78
1943,0.002451685933148014,8.115784681728432,8.113528472315272,8.115784681728432,0.0,True,False,233,104
1944,0.002449082521653241,8.115784681728432,8.113528472315272,8.115784681728432,0.0,True,False,126,72
1945,0.002446481874685245,8.115784681728432,8.113528472315272,8.115784681728432,0.0,True,False,21,107
1946,0.0024438839893084143,8.115784681728432,8.113528472315272,8.125385521396812,0.00960083966837999,False,False,96,226
1947,0.0024412888625902503,8.115784681728432,8.113528472315272,8.115784681728432,0.0,True,False,16,227
1948,0.0024386964916013744,8.117540717687866,8.113528472315272,8.117540717687866,0.001756035959434854,True,False,9,124
1949,0.0024361068734155143,8.117540717687866,8.113528472315272,8.120812583366238,0.003271865678371455,False,False,86,14
1950,0.0024335200051095076,8.117540717687866,8.113528472315272,8.117540717687866,0.0,True,False,190,44
1951,0.0024309358837632925,8.117540717687866,8.113528472315272,8.128868572566637,0.011327854878770083,False,False,148,69
1952,0.002428354506459912,8.117540717687866,8.113528472315272,8.137374319121582,0.019833601433715486,False,False,20,40
1953,0.0024257758702855045,8.117540717687866,8.113528472315272,8.117540717687866,0.0,True,False,75,233
1954,0.0024231999723293026,8.117540717687866,8.113528472315272,8.117540717687866,0.0,True,False,106,148
1955,0.0024206268096836313,8.117540717687866,8.113528472315272,8.117540717687866,0.0,True,False,91,104
1956,0.002418056379443901,8.116165825882844,8.113528472315272,8.116165825882844,-0.0013748918050229264,True,False,180,167
1957,0.002415488678708607,8.116165825882844,8.113528472315272,inf,inf,False,False,10,71
1958,0.002412923704579327,8.116165825882844,8.113528472315272,8.149402448453253,0.033236622570409935,False,False,84,123
1959,0.0024103614541607153,8.116165825882844,8.113528472315272,inf,inf,False,False,166,47
1960,0.0024078019245605026,8.116165825882844,8.113528472315272,8.124281886284468,0.008116060401624381,False,False,16,239
1961,0.002405245112889487,8.116165825882844,8.113528472315272,8.116165825882844,0.0,True,False,19,66
1962,0.002402691016261538,8.116165825882844,8.113528472315272,8.116165825882844,0.0,True,False,198,134
1963,0.0024001396317935887,8.116165825882844,8.113528472315272,8.144458497781601,0.028292671898757504,False,False,95,69
1964,0.0023975909566056343,8.116165825882844,8.113528472315272,8.116165825882844,0.0,True,False,184,208
1965,0.0023950449878207274,8.116165825882844,8.113528472315272,8.129573716304648,0.01340789042180468,False,False,5,27
1966,0.0023925017225649757,8.116165825882844,8.113528472315272,8.116165825882844,0.0,True,False,68,37
1967,0.0023899611579675387,8.116165825882844,8.113528472315272,8.122355449068433,0.006189623185589355,False,False,0,46
1968,0.0023874232911606248,8.116165825882844,8.113528472315272,8.116165825882844,0.0,True,False,60,211
1969,0.0023848881192794877,8.116165825882844,8.113528472315272,8.116165825882844,0.0,True,False,231,54
1970,0.0023823556394624236,8.116165825882844,8.113528472315272,8.116165825882844,0.0,True,False,209,118
1971,0.0023798258488507643,8.116165825882844,8.113528472315272,8.116165825882844,0.0,True,False,30,170
1972,0.0023772987445888818,8.116165825882844,8.113528472315272,8.118440149586249,0.002274323703405301,False,False,103,193
1973,0.0023747743238241776,8.116165825882844,8.113528472315272,inf,inf,False,False,173,210
1974,0.0023722525837070827,8.116165825882844,8.113528472315272,inf,inf,False,False,15,6
1975,0.002369733521391056,8.116165825882844,8.113528472315272,8.116165825882844,0.0,True,False,76,98
1976,0.0023672171340325754,8.116165825882844,8.113528472315272,8.116165825882844,0.0,True,False,171,1
1977,0.002364703418791141,8.116165825882844,8.113528472315272,inf,inf,False,False,123,155
1978,0.002362192372829269,8.116165825882844,8.113528472315272,8.15207468579106,0.035908859908216684,False,False,89,13
1979,0.0023596839933124887,8.116165825882844,8.113528472315272,8.135120411398457,0.018954585515613687,False,False,93,64
1980,0.0023571782774093374,8.116165825882844,8.113528472315272,8.116165825882844,0.0,True,False,136,227
1981,0.0023546752222913607,8.116165825882844,8.113528472315272,8.130551427737482,0.014385601854637997,False,False,110,150
1982,0.0023521748251331084,8.116165825882844,8.113528472315272,8.116165825882844,0.0,True,False,108,206
1983,0.0023496770831121293,8.116165825882844,8.113528472315272,inf,inf,False,False,228,27
1984,0.0023471819934089704,8.116165825882844,8.113528472315272,8.116165825882844,0.0,True,False,204,192
1985,0.0023446895532071702,8.116165825882844,8.113528472315272,8.116165825882844,0.0,True,False,200,215
1986,0.0023421997596932615,8.116165825882844,8.113528472315272,inf,inf,False,False,127,124
1987,0.002339712610056762,8.116165825882844,8.113528472315272,8.149322946343998,0.03315712046115493,False,False,218,82
1988,0.0023372281014901746,8.116165825882844,8.113528472315272,8.116165825882844,0.0,True,False,128,73
1989,0.002334746231188985,8.116165825882844,8.113528472315272,inf,inf,False,False,217,56
1990,0.002332266996351654,8.116165825882844,8.113528472315272,inf,inf,False,False,45,186
1991,0.002329790394179619,8.116165825882844,8.113528472315272,8.124160485364325,0.007994659481481037,False,False,80,200
1992,0.0023273164218772895,8.116165825882844,8.113528472315272,8.116165825882844,0.0,True,False,216,77
1993,0.002324845076652043,8.116165825882844,8.113528472315272,8.172385191657433,0.05621936577458975,False,False,57,43
1994,0.0023223763557142234,8.116165825882844,8.113528472315272,8.126297065750526,0.010131239867682496,False,False,69,112
1995,0.002319910256277134,8.116736035742045,8.113528472315272,8.116736035742045,0.0005702098592017535,True,False,9,42
1996,0.002317446775557041,8.116736035742045,8.113528472315272,8.116736035742045,0.0,True,False,124,223
1997,0.0023149859107731642,8.116736035742045,8.113528472315272,8.125148741255222,0.008412705513176633,False,False,0,83
1998,0.0023125276591476774,8.116736035742045,8.113528472315272,8.116736035742045,0.0,True,False,95,44
1999,0.002310072017905704,8.116736035742045,8.113528472315272,8.146077306311646,0.029341270569601008,False,False,21,96
2000,0.0023076189842753127,8.116630739489015,8.113528472315272,8.116630739489015,-0.00010529625303057344,True,False,204,177
2001,0.0023051685554875173,8.118282581098798,8.113528472315272,8.118282581098798,0.0016518416097834887,True,False,202,0
2002,0.0023027207287762714,8.118282581098798,8.113528472315272,8.133784062055385,0.015501480956586988,False,False,105,48
2003,0.0023002755013784657,8.118204338691058,8.113528472315272,8.118204338691058,-7.824240774034763e-05,True,False,51,143
2004,0.002297832870533926,8.118204338691058,8.113528472315272,inf,inf,False,False,208,173
2005,0.0022953928334854064,8.118204338691058,8.113528472315272,inf,inf,False,False,100,166
2006,0.0022929553874785915,8.118204338691058,8.113528472315272,inf,inf,False,False,50,10
2007,0.00229052052976209,8.118204338691058,8.113528472315272,inf,inf,False,False,45,30
2008,0.0022880882575874325,8.118204338691058,8.113528472315272,inf,inf,False,False,174,217
2009,0.002285658568209067,8.11592244761878,8.113528472315272,8.11592244761878,-0.0022818910722772756,True,False,96,234
2010,0.0022832314588843577,8.11592244761878,8.113528472315272,8.11592244761878,0.0,True,False,84,96
2011,0.0022808069268735816,8.11592244761878,8.113528472315272,8.145656010444611,0.029733562825830617,False,False,202,75
2012,0.0022783849694399242,8.11592244761878,8.113528472315272,8.11592244761878,0.0,True,False,90,17
2013,0.0022759655838494788,8.11592244761878,8.113528472315272,8.137497041985547,0.021574594366766675,False,False,50,234
2014,0.002273548767371239,8.11592244761878,8.113528472315272,8.11592244761878,0.0,True,False,130,44
2015,0.0022711345172771,8.11592244761878,8.113528472315272,8.14588492271395,0.029962475095169694,False,False,118,204
2016,0.0022687228308418544,8.11592244761878,8.113528472315272,8.11592244761878,0.0,True,False,190,169
2017,0.0022663137053431886,8.11592244761878,8.113528472315272,8.11592244761878,0.0,True,False,20,98
2018,0.002263907138061679,8.11592244761878,8.113528472315272,inf,inf,False,False,22,162
2019,0.0022615031262807894,8.11592244761878,8.113528472315272,8.131438227997588,0.01551578037880752,False,False,158,145
2020,0.00225910166728687,8.11592244761878,8.113528472315272,8.11592244761878,0.0,True,False,44,152
2021,0.002256702758369151,8.11592244761878,8.113528472315272,8.11592244761878,0.0,True,False,83,174
2022,0.0022543063968197413,8.116534356121361,8.113528472315272,8.116534356121361,0.0006119085025808602,True,False,99,31
2023,0.0022519125799336267,8.116534356121361,8.113528472315272,8.116534356121361,0.0,True,False,194,188
2024,0.002249521305008663,8.116534356121361,8.113528472315272,8.12786556248895,0.01133120636758811,False,False,123,112
2025,0.002247132569345577,8.105248430348013,8.105248430348013,8.105248430348013,-0.011285925773348637,True,True,81,7
2026,0.002244746370247962,8.104042561429507,8.104042561429507,8.104042561429507,-0.0012058689185057148,True,True,142,202
2027,0.002242362705022274,8.104042561429507,8.104042561429507,8.104042561429507,0.0,True,False,73,164
2028,0.00223998157097783,8.104042561429507,8.104042561429507,8.104042561429507,0.0,True,False,12,174
2029,0.0022376029654268014,8.104042561429507,8.104042561429507,8.109727756365487,0.005685194935979965,False,False,9,121
2030,0.0022352268856842177,8.104042561429507,8.104042561429507,8.10558703827927,0.001544476849762333,False,False,85,102
2031,0.0022328533290679573,8.10477120734965,8.104042561429507,8.10477120734965,0.0007286459201427675,True,False,145,201
2032,0.002230482292898748,8.10477120734965,8.104042561429507,inf,inf,False,False,98,81
2033,0.00222811377450016,8.10477120734965,8.104042561429507,8.136294191199898,0.03152298385024821,False,False,29,234
2034,0.002225747771198608,8.10477120734965,8.104042561429507,8.10477120734965,0.0,True,False,128,174
2035,0.0022233842803233463,8.10477120734965,8.104042561429507,8.10477120734965,0.0,True,False,169,98
2036,0.0022210232992064625,8.10477120734965,8.104042561429507,8.134423393393654,0.02965218604400377,False,False,236,105
2037,0.0022186648251828803,8.10477120734965,8.104042561429507,8.117360468508654,0.01258926115900394,False,False,72,22
2038,0.0022163088555903505,8.10477120734965,8.104042561429507,8.10477120734965,0.0,True,False,8,38
2039,0.002213955387769453,8.10477120734965,8.104042561429507,8.10477120734965,0.0,True,False,185,55
2040,0.0022116044190635905,8.10477120734965,8.104042561429507,8.10477120734965,0.0,True,False,18,11
2041,0.002209255946818988,8.10477120734965,8.104042561429507,8.10929196314948,0.004520755799831022,False,False,182,235
2042,0.0022069099683846875,8.10477120734965,8.104042561429507,inf,inf,False,False,22,159
2043,0.0022045664811125455,8.10477120734965,8.104042561429507,8.10477120734965,0.0,True,False,100,90
2044,0.0022022254823572318,8.10477120734965,8.104042561429507,8.10477120734965,0.0,True,False,23,134
2045,0.002199886969476225,8.106737069217168,8.104042561429507,8.106737069217168,0.001965861867518015,True,False,196,133
2046,0.002197550939829808,8.106737069217168,8.104042561429507,8.12978239270862,0.023045323491452052,False,False,77,24
2047,0.002195217390781071,8.106737069217168,8.104042561429507,8.106737069217168,0.0,True,False,28,145
2048,0.0021928863196958985,8.106737069217168,8.104042561429507,8.106737069217168,0.0,True,False,181,55
2049,0.0021905577239429764,8.100895761519324,8.100895761519324,8.100895761519324,-0.0058413076978443,True,True,104,85
2050,0.0021882316008937836,8.100895761519324,8.100895761519324,8.110527116427162,0.00963135490783884,False,False,35,9
2051,0.00218590794792259,8.100895761519324,8.100895761519324,8.100895761519324,0.0,True,False,235,71
2052,0.002183586762406455,8.100895761519324,8.100895761519324,8.133768296622875,0.032872535103551925,False,False,61,213
2053,0.0021812680417252197,8.101354445522569,8.100895761519324,8.101354445522569,0.0004586840032452244,True,False,80,134
2054,0.002178951783261512,8.101354445522569,8.100895761519324,8.108984113599323,0.00762966807675447,False,False,204,133
2055,0.0021766379844007353,8.101354445522569,8.100895761519324,8.129207944648352,0.027853499125782832,False,False,53,93
2056,0.0021743266425310725,8.101354445522569,8.100895761519324,8.101354445522569,0.0,True,False,8,35
2057,0.0021720177550434787,8.101354445522569,8.100895761519324,8.101354445522569,0.0,True,False,177,2
2058,0.0021697113193316782,8.101354445522569,8.100895761519324,8.101354445522569,0.0,True,False,145,226
2059,0.002167407332792165,8.101354445522569,8.100895761519324,8.108841461241218,0.007487015718648848,False,False,24,223
2060,0.002165105792824196,8.101354445522569,8.100895761519324,8.129758198523335,0.028403753000766585,False,False,134,169
2061,0.0021628066968297924,8.101354445522569,8.100895761519324,8.132552098799989,0.0311976532774203,False,False,110,190
2062,0.0021605100422137304,8.102311993662925,8.100895761519324,8.102311993662925,0.0009575481403558683,True,False,235,156
2063,0.0021582158263835447,8.102311993662925,8.100895761519324,8.102311993662925,0.0,True,False,43,73
2064,0.0021559240467495223,8.102311993662925,8.100895761519324,8.102311993662925,0.0,True,False,150,0
2065,0.0021536347007247,8.102305016842626,8.100895761519324,8.102305016842626,-6.976820298376651e-06,True,False,92,176
2066,0.0021513477857248624,8.102305016842626,8.100895761519324,8.110810883574251,0.008505866731624678,False,False,46,163
2067,0.002149063299168536,8.102305016842626,8.100895761519324,8.131772655301395,0.029467638458768874,False,False,202,5
2068,0.002146781238476991,8.102305016842626,8.100895761519324,inf,inf,False,False,159,239
2069,0.0021445016010742356,8.102349990602534,8.100895761519324,8.102349990602534,4.4973759907307453e-05,True,False,98,108
2070,0.002142224384387012,8.102349990602534,8.100895761519324,8.102349990602534,0.0,True,False,100,200
2071,0.0021399495858447967,8.102349990602534,8.100895761519324,8.102349990602534,0.0,True,False,200,235
2072,0.002137677202879794,8.102349990602534,8.100895761519324,8.102349990602534,0.0,True,False,148,144
2073,0.0021354072329269353,8.102796900169762,8.100895761519324,8.102796900169762,0.0004469095672288148,True,False,152,170
2074,0.002133139673423877,8.102796900169762,8.100895761519324,8.102796900169762,0.0,True,False,4,200
2075,0.0021308745218109964,8.102796900169762,8.100895761519324,8.102796900169762,0.0,True,False,230,164
2076,0.0021286117755313872,8.102805918972132,8.100895761519324,8.102805918972132,9.01880236980901e-06,True,False,167,180
2077,0.002126351432030859,8.102805918972132,8.100895761519324,8.102805918972132,0.0,True,False,61,236
2078,0.002124093488757934,8.102805918972132,8.100895761519324,inf,inf,False,False,217,103
2079,0.0021218379431638436,8.102805918972132,8.100895761519324,8.102805918972132,0.0,True,False,17,11
2080,0.002119584792702526,8.102805918972132,8.100895761519324,8.11001649272976,0.00721057375762868,False,False,3,42
2081,0.002117334034830623,8.102805918972132,8.100895761519324,8.102805918972132,0.0,True,False,58,215
2082,0.002115085667007476,8.102805918972132,8.100895761519324,8.102805918972132,0.0,True,False,52,47
2083,0.0021128396866951257,8.102805918972132,8.100895761519324,8.114770518809095,0.011964599836963075,False,False,70,31
2084,0.002110596091358307,8.102805918972132,8.100895761519324,inf,inf,False,False,127,26
2085,0.0021083548784644477,8.102805918972132,8.100895761519324,8.10441309754088,0.0016071785687472584,False,False,146,180
2086,0.0021061160454836645,8.102805918972132,8.100895761519324,inf,inf,False,False,221,46
2087,0.0021038795898887597,8.102805918972132,8.100895761519324,inf,inf,False,False,121,173
2088,0.0021016455091552207,8.102805918972132,8.100895761519324,8.105643225764162,0.002837306792029537,False,False,131,212
2089,0.0020994138007612148,8.102805918972132,8.100895761519324,8.102805918972132,0.0,True,False,175,146
2090,0.0020971844621875874,8.102805918972132,8.100895761519324,8.123806475976272,0.02100055700413961,False,False,205,142
2091,0.002094957490917859,8.102805918972132,8.100895761519324,8.133944845637487,0.03113892666535456,False,False,123,141
2092,0.002092732884438222,8.102868326486506,8.100895761519324,8.102868326486506,6.240751437402992e-05,True,False,122,21
2093,0.002090510640237538,8.102868326486506,8.100895761519324,8.102868326486506,0.0,True,False,238,175
2094,0.0020882907558073364,8.102868326486506,8.100895761519324,8.102868326486506,0.0,True,False,172,33
2095,0.0020860732286418094,8.102868326486506,8.100895761519324,8.102868326486506,0.0,True,False,15,54
2096,0.0020838580562378096,8.102868326486506,8.100895761519324,inf,inf,False,False,81,210
2097,0.002081645236094848,8.102868326486506,8.100895761519324,8.126733816249617,0.02386548976311076,False,False,130,103
2098,0.002079434765715092,8.102868326486506,8.100895761519324,8.102868326486506,0.0,True,False,186,77
2099,0.0020772266426033596,8.102868326486506,8.100895761519324,8.102868326486506,0.0,True,False,85,38
2100,0.00207502086426712,8.102895995979335,8.100895761519324,8.102895995979335,2.766949282850817e-05,True,False,209,191
2101,0.0020728174282164877,8.102895995979335,8.100895761519324,inf,inf,False,False,122,62
2102,0.0020706163319642217,8.102895995979335,8.100895761519324,8.105967912724648,0.0030719167453128193,False,False,212,9
2103,0.002068417573025723,8.102895995979335,8.100895761519324,8.102895995979335,0.0,True,False,210,231
2104,0.0020662211489190303,8.102895995979335,8.100895761519324,8.1376773371251,0.0347813411457647,False,False,63,157
2105,0.0020640270571648184,8.102895995979335,8.100895761519324,8.135237206886023,0.03234121090668829,False,False,109,160
2106,0.002061835295286393,8.102895995979335,8.100895761519324,8.102895995979335,0.0,True,False,171,15
2107,0.002059645860809692,8.102895995979335,8.100895761519324,8.102895995979335,0.0,True,False,99,34
2108,0.0020574587512632793,8.102895995979335,8.100895761519324,8.103876017408679,0.0009800214293438358,False,False,64,234
2109,0.0020552739641783438,8.102684270900916,8.100895761519324,8.102684270900916,-0.00021172507841882293,True,False,91,160
2110,0.0020530914970886957,8.102684270900916,8.100895761519324,inf,inf,False,False,103,228
2111,0.0020509113475307636,8.102684270900916,8.100895761519324,8.102684270900916,0.0,True,False,128,12
2112,0.0020487335130435925,8.101799204107909,8.100895761519324,8.101799204107909,-0.0008850667930069278,True,False,38,202
2113,0.0020465579911688406,8.101799204107909,8.100895761519324,8.101799204107909,0.0,True,False,71,139
2114,0.002044384779450777,8.101799204107909,8.100895761519324,8.108612034104917,0.006812829997008052,False,False,86,180
2115,0.002042213875436279,8.101799204107909,8.100895761519324,8.106856908544003,0.0050577044360942125,False,False,63,133
2116,0.002040045276674826,8.101799204107909,8.100895761519324,8.101799204107909,0.0,True,False,91,92
2117,0.002037878980718503,8.101799204107909,8.100895761519324,8.105779976170545,0.003980772062636362,False,False,24,133
2118,0.0020357149851219928,8.101799204107909,8.100895761519324,8.101799204107909,0.0,True,False,139,0
2119,0.002033553287442575,8.101799204107909,8.100895761519324,8.10805472879951,0.006255524691601622,False,False,134,32
2120,0.0020313938852401224,8.101805611549032,8.100895761519324,8.101805611549032,6.407441123457147e-06,True,False,143,121
2121,0.002029236776077101,8.101805611549032,8.100895761519324,8.101805611549032,0.0,True,False,128,92
2122,0.002027081957518562,8.101812150131467,8.100895761519324,8.101812150131467,6.538582434600926e-06,True,False,199,191
2123,0.0020249294271321456,8.101812150131467,8.100895761519324,8.106715111900462,0.004902961768994629,False,False,42,43
2124,0.0020227791824880734,8.101812150131467,8.100895761519324,8.131659536582069,0.029847386450601476,False,False,195,8
2125,0.002020631221159146,8.101910972455746,8.100895761519324,8.101910972455746,9.882232427926851e-05,True,False,160,223
2126,0.0020184855407207433,8.101910972455746,8.100895761519324,8.101910972455746,0.0,True,False,129,137
2127,0.0020163421387508185,8.101910972455746,8.100895761519324,8.101910972455746,0.0,True,False,47,229
2128,0.0020142010128298984,8.101910972455746,8.100895761519324,8.12924553527156,0.027334562815813257,False,False,178,213
2129,0.0020120621605410776,8.101910972455746,8.100895761519324,8.133076060135641,0.03116508767989501,False,False,109,102
2130,0.0020099255794700168,8.101910972455746,8.100895761519324,inf,inf,False,False,83,159
2131,0.002007791267204941,8.101910972455746,8.100895761519324,8.101910972455746,0.0,True,False,5,77
2132,0.0020056592213366377,8.101910972455746,8.100895761519324,8.101910972455746,0.0,True,False,30,114
2133,0.00200352943945845,8.101910972455746,8.100895761519324,inf,inf,False,False,173,223
2134,0.00200140191916628,8.101910972455746,8.100895761519324,8.101910972455746,0.0,True,False,95,202
2135,0.0019992766580585785,8.101910972455746,8.100895761519324,8.101910972455746,0.0,True,False,15,146
2136,0.0019971536537363496,8.101910972455746,8.100895761519324,8.10762375240152,0.005712779945772795,False,False,95,74
2137,0.0019950329038031438,8.101910972455746,8.100895761519324,inf,inf,False,False,41,6
2138,0.001992914405865056,8.101910972455746,8.100895761519324,8.122478629892198,0.020567657436451725,False,False,86,196
2139,0.0019907981575307257,8.101909927097655,8.100895761519324,8.101909927097655,-1.0453580916447436e-06,True,False,203,115
2140,0.001988684156411327,8.101909927097655,8.100895761519324,8.101909927097655,0.0,True,False,11,37
2141,0.001986572400120575,8.101909927097655,8.100895761519324,8.101909927097655,0.0,True,False,16,39
2142,0.001984462886274716,8.101909927097655,8.100895761519324,8.125691115920208,0.023781188822553645,False,False,103,231
2143,0.0019823556124925297,8.101909927097655,8.100895761519324,8.11514609053546,0.013236163437804649,False,False,85,212
2144,0.001980250576395323,8.101909927097655,8.100895761519324,8.101909927097655,0.0,True,False,85,194
2145,0.0019781477756069294,8.101907133646895,8.100895761519324,8.101907133646895,-2.793450759597249e-06,True,False,149,88
2146,0.001976047207753704,8.101907133646895,8.100895761519324,8.101907133646895,0.0,True,False,80,106
2147,0.001973948870464525,8.101907133646895,8.100895761519324,8.101907133646895,0.0,True,False,13,140
2148,0.0019718527613707877,8.101907133646895,8.100895761519324,8.101907133646895,0.0,True,False,91,107
2149,0.0019697588781064,8.101907133646895,8.100895761519324,8.101907133646895,0.0,True,False,131,147
2150,0.0019676672183077857,8.101907133646895,8.100895761519324,8.126834710667648,0.024927577020752878,False,False,177,142
2151,0.0019655777796138774,8.101907133646895,8.100895761519324,8.101907133646895,0.0,True,False,28,150
2152,0.0019634905596661143,8.101907133646895,8.100895761519324,8.101907133646895,0.0,True,False,201,13
2153,0.0019614055561084404,8.101907133646895,8.100895761519324,8.128831703447426,0.026924569800531373,False,False,151,197
2154,0.0019593227665873013,8.101907133646895,8.100895761519324,inf,inf,False,False,10,124
2155,0.001957242188751643,8.101907133646895,8.100895761519324,8.101907133646895,0.0,True,False,18,54
2156,0.001955163820252906,8.101907133646895,8.100895761519324,8.101907133646895,0.0,True,False,136,0
2157,0.0019530876587450271,8.101907133646895,8.100895761519324,8.103962243855982,0.0020551102090866635,False,False,24,145
2158,0.0019510137018844327,8.101907133646895,8.100895761519324,8.126988682894918,0.025081549248023194,False,False,169,108
2159,0.0019489419473300376,8.101992557917578,8.100895761519324,8.101992557917578,8.542427068292113e-05,True,False,154,16
2160,0.0019468723927432438,8.101992557917578,8.100895761519324,inf,inf,False,False,154,7
2161,0.001944805035787936,8.099557495930954,8.099557495930954,8.099557495930954,-0.002435061986624021,True,True,129,179
2162,0.0019427398741304793,8.099557495930954,8.099557495930954,8.099557495930954,0.0,True,False,128,218
2163,0.0019406769054397183,8.099557495930954,8.099557495930954,8.116144293407473,0.01658679747651881,False,False,158,68
2164,0.0019386161273869703,8.099557495930954,8.099557495930954,8.099557495930954,0.0,True,False,73,100
2165,0.0019365575376460275,8.099557495930954,8.099557495930954,8.099557495930954,0.0,True,False,189,154
2166,0.0019345011338931526,8.099557495930954,8.099557495930954,8.099557495930954,0.0,True,False,57,201
2167,0.001932446913807074,8.099557495930954,8.099557495930954,inf,inf,False,False,187,45
2168,0.0019303948750689869,8.099557495930954,8.099557495930954,8.210136501939665,0.11057900600871129,False,False,16,138
2169,0.0019283450153625469,8.099557495930954,8.099557495930954,inf,inf,False,False,10,95
2170,0.001926297332373871,8.099152462954864,8.099152462954864,8.099152462954864,-0.0004050329760900695,True,True,58,42
2171,0.0019242518237915325,8.099152462954864,8.099152462954864,8.099152462954864,0.0,True,False,232,176
2172,0.0019222084873065594,8.09802908373166,8.09802908373166,8.09802908373166,-0.0011233792232037132,True,True,212,163
2173,0.0019201673206124318,8.09802908373166,8.09802908373166,8.09802908373166,0.0,True,False,77,110
2174,0.0019181283214050775,8.09802908373166,8.09802908373166,8.193516613661103,0.09548752992944287,False,False,157,12
2175,0.0019160914873828732,8.09802908373166,8.09802908373166,8.09802908373166,0.0,True,False,218,5
2176,0.0019140568162466383,8.09802908373166,8.09802908373166,8.213765525582717,0.11573644185105714,False,False,91,125
2177,0.0019120243056996347,8.09802908373166,8.09802908373166,inf,inf,False,False,7,40
2178,0.0019099939534475612,8.09802908373166,8.09802908373166,8.180426344952517,0.08239726122085678,False,False,16,31
2179,0.001907965757198555,8.09802908373166,8.09802908373166,8.09802908373166,0.0,True,False,110,236
2180,0.0019059397146631858,8.09802908373166,8.09802908373166,8.09802908373166,0.0,True,False,151,73
2181,0.001903915823554455,8.09802908373166,8.09802908373166,8.173809084451175,0.07578000071951507,False,False,16,109
2182,0.0019018940815877928,8.09802908373166,8.09802908373166,8.144535062807035,0.04650597907537524,False,False,57,169
2183,0.001899874486481054,8.09802908373166,8.09802908373166,8.1429492485254,0.04492016479373895,False,False,160,168
2184,0.0018978570359545178,8.09802908373166,8.09802908373166,8.09802908373166,0.0,True,False,116,83
2185,0.0018958417277308843,8.09802908373166,8.09802908373166,8.09802908373166,0.0,True,False,198,85
2186,0.0018938285595352714,8.09802908373166,8.09802908373166,8.09802908373166,0.0,True,False,102,40
2187,0.0018918175290952135,8.09802908373166,8.09802908373166,8.09802908373166,0.0,True,False,210,164
2188,0.0018898086341406564,8.097820536096162,8.097820536096162,8.097820536096162,-0.00020854763549849054,True,True,80,109
2189,0.001887801872403958,8.100091087541163,8.097820536096162,8.100091087541163,0.00227055144500099,True,False,121,69
2190,0.0018857972416198836,8.100091087541163,8.097820536096162,8.155374408083107,0.05528332054194429,False,False,92,125
2191,0.001883794739525604,8.09985150217648,8.097820536096162,8.09985150217648,-0.00023958536468349223,True,False,103,109
2192,0.0018817943638606937,8.09985150217648,8.097820536096162,8.09985150217648,0.0,True,False,83,14
2193,0.0018797961123671251,8.09985150217648,8.097820536096162,8.09985150217648,0.0,True,False,133,78
2194,0.0018777999827892706,8.09985150217648,8.097820536096162,8.09985150217648,0.0,True,False,222,169
2195,0.0018758059728738972,8.09985150217648,8.097820536096162,8.09985150217648,0.0,True,False,156,113
2196,0.0018738140803701649,8.09985150217648,8.097820536096162,inf,inf,False,False,145,168
2197,0.0018718243030296235,8.09985150217648,8.097820536096162,8.10501856462286,0.005167062446380655,False,False,119,192
2198,0.0018698366386062095,8.09985150217648,8.097820536096162,8.09985150217648,0.0,True,False,66,46
2199,0.001867851084856246,8.09985150217648,8.097820536096162,inf,inf,False,False,162,93
2200,0.0018658676395384376,8.09985150217648,8.097820536096162,8.09985150217648,0.0,True,False,77,231
2201,0.0018638863004138693,8.09985150217648,8.097820536096162,8.09985150217648,0.0,True,False,102,229
2202,0.0018619070652460047,8.09985150217648,8.097820536096162,8.09985150217648,0.0,True,False,130,174
2203,0.0018599299318006791,8.09985150217648,8.097820536096162,8.09985150217648,0.0,True,False,119,216
2204,0.0018579548978461037,8.09985150217648,8.097820536096162,8.09985150217648,0.0,True,False,160,113
2205,0.0018559819611528579,8.09985150217648,8.097820536096162,8.103858007850679,0.004006505674199801,False,False,60,49
2206,0.0018540111194938894,8.09985150217648,8.097820536096162,8.09985150217648,0.0,True,False,103,227
2207,0.0018520423706445087,8.09985150217648,8.097820536096162,8.11931520469602,0.019463702519541215,False,False,37,163
2208,0.0018500757123823914,8.09985150217648,8.097820536096162,inf,inf,False,False,87,166
2209,0.0018481111424875712,8.09985150217648,8.097820536096162,inf,inf,False,False,139,62
2210,0.0018461486587424396,8.09985150217648,8.097820536096162,8.09985150217648,0.0,True,False,131,207
2211,0.001844188258931744,8.09985150217648,8.097820536096162,8.09985150217648,0.0,True,False,176,120
2212,0.0018422299408425817,8.09985150217648,8.097820536096162,8.100967186476566,0.0011156843000872385,False,False,208,180
2213,0.0018402737022644021,8.09985150217648,8.097820536096162,8.1417293420239,0.04187783984742133,False,False,115,204
2214,0.001838319540989001,8.09985150217648,8.097820536096162,inf,inf,False,False,228,122
2215,0.001836367454810519,8.09985150217648,8.097820536096162,8.09985150217648,0.0,True,False,165,150
2216,0.00183441744152544,8.09985150217648,8.097820536096162,8.175818608011266,0.07596710583478661,False,False,154,197
2217,0.0018324694989325862,8.09985150217648,8.097820536096162,8.102974682458644,0.003123180282164739,False,False,238,182
2218,0.0018305236248331188,8.09985150217648,8.097820536096162,8.09985150217648,0.0,True,False,43,86
2219,0.0018285798170305323,8.099833211912209,8.097820536096162,8.099833211912209,-1.8290264270248713e-05,True,False,237,90
2220,0.0018266380733306554,8.099833211912209,8.097820536096162,inf,inf,False,False,81,58
2221,0.001824698391541646,8.097652996749138,8.097652996749138,8.097652996749138,-0.0021802151630705424,True,True,22,215
2222,0.0018227607694739883,8.097652996749138,8.097652996749138,8.097652996749138,0.0,True,False,22,35
2223,0.0018208252049404933,8.096931394366525,8.096931394366525,8.096931394366525,-0.0007216023826135398,True,True,123,8
2224,0.0018188916957562937,8.096268989914707,8.096268989914707,8.096268989914707,-0.0006624044518179772,True,True,193,165
2225,0.0018169602397388426,8.096268989914707,8.096268989914707,8.173021263763184,0.07675227384847716,False,False,125,58
2226,0.0018150308347079107,8.096268989914707,8.096268989914707,8.096268989914707,0.0,True,False,68,209
2227,0.001813103478485583,8.096268989914707,8.096268989914707,8.096268989914707,0.0,True,False,132,171
2228,0.0018111781688962582,8.096268989914707,8.096268989914707,inf,inf,False,False,212,79
2229,0.0018092549037666452,8.096268989914707,8.096268989914707,8.096268989914707,0.0,True,False,98,91
2230,0.0018073336809257602,8.096268989914707,8.096268989914707,inf,inf,False,False,219,97
2231,0.0018054144982049252,8.096268989914707,8.096268989914707,8.096822964274207,0.0005539743594997759,False,False,239,178
2232,0.0018034973534377646,8.096268989914707,8.096268989914707,8.096268989914707,0.0,True,False,106,66
2233,0.001801582244460203,8.096268989914707,8.096268989914707,8.096268989914707,0.0,True,False,224,60
2234,0.0017996691691104644,8.096268989914707,8.096268989914707,inf,inf,False,False,3,81
2235,0.0017977581252290673,8.096268989914707,8.096268989914707,8.096268989914707,0.0,True,False,60,174
2236,0.0017958491106588228,8.096268989914707,8.096268989914707,8.096268989914707,0.0,True,False,108,148
2237,0.0017939421232448338,8.096268989914707,8.096268989914707,8.09959268855464,0.0033236986399334256,False,False,147,180
2238,0.001792037160834491,8.096338450209792,8.096268989914707,8.096338450209792,6.946029508547724e-05,True,False,129,146
2239,0.001790134221277471,8.096338450209792,8.096268989914707,8.156018152756594,0.059679702546802105,False,False,63,229
2240,0.0017882333024257342,8.096338450209792,8.096268989914707,inf,inf,False,False,70,6
2241,0.0017863344021335202,8.096338450209792,8.096268989914707,8.096338450209792,0.0,True,False,157,200
2242,0.0017844375182573496,8.096338450209792,8.096268989914707,inf,inf,False,False,211,221
2243,0.0017825426486560176,8.096338450209792,8.096268989914707,8.15490623554171,0.058567785331916866,False,False,196,190
2244,0.0017806497911905935,8.096338450209792,8.096268989914707,8.096338450209792,0.0,True,False,75,119
2245,0.0017787589437244188,8.096338450209792,8.096268989914707,8.100659873364869,0.004321423155076332,False,False,8,201
2246,0.0017768701041231015,8.096157867806044,8.096157867806044,8.096157867806044,-0.00018058240374863033,True,True,239,220
2247,0.0017749832702545184,8.096157867806044,8.096157867806044,8.155904845963143,0.05974697815709895,False,False,138,82
2248,0.0017730984399888091,8.096157867806044,8.096157867806044,8.096157867806044,0.0,True,False,152,135
2249,0.001771215611198376,8.096157867806044,8.096157867806044,inf,inf,False,False,7,37
2250,0.0017693347817578802,8.096157867806044,8.096157867806044,inf,inf,False,False,10,2
2251,0.0017674559495442388,8.096157867806044,8.096157867806044,8.10770878762913,0.011550919823086758,False,False,61,49
2252,0.0017655791124366242,8.096157867806044,8.096157867806044,8.096157867806044,0.0,True,False,34,223
2253,0.0017637042683164613,8.096157867806044,8.096157867806044,inf,inf,False,False,214,127
2254,0.001761831415067424,8.096157867806044,8.096157867806044,8.166331371427242,0.07017350362119856,False,False,233,197
2255,0.001759960550575434,8.096157867806044,8.096157867806044,8.166331371427242,0.07017350362119856,False,False,87,187
2256,0.001758091672728657,8.096157867806044,8.096157867806044,8.096157867806044,0.0,True,False,84,151
2257,0.0017562247794175024,8.096157867806044,8.096157867806044,8.09888554738429,0.002727679578246267,False,False,239,9
2258,0.0017543598685346186,8.096157867806044,8.096157867806044,8.096157867806044,0.0,True,False,118,70
2259,0.0017524969379748925,8.096157867806044,8.096157867806044,8.096157867806044,0.0,True,False,189,4
2260,0.0017506359856354473,8.096157867806044,8.096157867806044,8.155799522008005,0.0596416542019611,False,False,49,157
2261,0.0017487770094156366,8.096157867806044,8.096157867806044,8.096157867806044,0.0,True,False,83,186
2262,0.0017469200072170467,8.096157867806044,8.096157867806044,8.203638120476308,0.10748025267026406,False,False,111,125
2263,0.001745064976943492,8.096157867806044,8.096157867806044,8.105984061570371,0.009826193764327584,False,False,157,93
2264,0.0017432119165010128,8.096157867806044,8.096157867806044,inf,inf,False,False,67,168
2265,0.0017413608237978715,8.096157867806044,8.096157867806044,8.096157867806044,0.0,True,False,122,203
2266,0.0017395116967445538,8.096157867806044,8.096157867806044,inf,inf,False,False,174,127
2267,0.0017376645332537626,8.096157867806044,8.096157867806044,8.098169427895423,0.002011560089378861,False,False,128,46
2268,0.0017358193312404185,8.096157867806044,8.096157867806044,8.096157867806044,0.0,True,False,122,46
2269,0.0017339760886216557,8.096157867806044,8.096157867806044,8.107801528219298,0.011643660413254153,False,False,82,165
2270,0.0017321348033168197,8.096157867806044,8.096157867806044,8.096157867806044,0.0,True,False,111,34
2271,0.0017302954732474655,8.096157867806044,8.096157867806044,inf,inf,False,False,47,173
2272,0.0017284580963373563,8.09615771888129,8.09615771888129,8.09615771888129,-1.489247534181004e-07,True,True,13,95
2273,0.0017266226705124584,8.09615771888129,8.09615771888129,8.107004014618054,0.010846295736763878,False,False,134,226
2274,0.0017247891937009424,8.09615771888129,8.09615771888129,8.09615771888129,0.0,True,False,199,165
2275,0.001722957663833177,8.09615771888129,8.09615771888129,8.09615771888129,0.0,True,False,207,85
2276,0.0017211280788417295,8.09615771888129,8.09615771888129,8.09615771888129,0.0,True,False,107,93
2277,0.0017193004366613624,8.09615771888129,8.09615771888129,8.09615771888129,0.0,True,False,160,118
2278,0.0017174747352290323,8.09615771888129,8.09615771888129,8.09910348449025,0.0029457656089597606,False,False,14,214
2279,0.001715650972483885,8.09615771888129,8.09615771888129,8.09615771888129,0.0,True,False,157,28
2280,0.0017138291463672554,8.101982729806123,8.09615771888129,8.101982729806123,0.005825010924832341,True,False,8,67
2281,0.001712009254822664,8.101982729806123,8.09615771888129,inf,inf,False,False,62,12
2282,0.0017101912957958158,8.101715184322295,8.09615771888129,8.101715184322295,-0.00026754548382790233,True,False,213,144
2283,0.0017083752672345967,8.101715184322295,8.09615771888129,8.101715184322295,0.0,True,False,147,211
2284,0.0017065611670890727,8.101715184322295,8.09615771888129,8.134329933778965,0.032614749456669756,False,False,155,8
2285,0.0017047489933114844,8.101715184322295,8.09615771888129,8.101715184322295,0.0,True,False,218,48
2286,0.0017029387438562487,8.101715184322295,8.09615771888129,8.108639010484302,0.006923826162006819,False,False,71,212
2287,0.0017011304166799546,8.101715184322295,8.09615771888129,8.101715184322295,0.0,True,False,139,44
2288,0.0016993240097413608,8.101715184322295,8.09615771888129,8.101715184322295,0.0,True,False,154,153
2289,0.0016975195210013922,8.100786391933882,8.09615771888129,8.100786391933882,-0.0009287923884127025,True,False,177,212
2290,0.0016957169484231413,8.100786391933882,8.09615771888129,8.113345550532193,0.012559158598310916,False,False,172,158
2291,0.0016939162899718616,8.100786391933882,8.09615771888129,8.109725263280522,0.008938871346639843,False,False,109,233
2292,0.0016921175436149685,8.100786391933882,8.09615771888129,inf,inf,False,False,144,7
2293,0.0016903207073220355,8.100786391933882,8.09615771888129,8.100786391933882,0.0,True,False,229,172
2294,0.0016885257790647916,8.100786391933882,8.09615771888129,8.100786391933882,0.0,True,False,212,160
2295,0.00168673275681712,8.100786391933882,8.09615771888129,8.100786391933882,0.0,True,False,72,150
2296,0.0016849416385550557,8.100786391933882,8.09615771888129,inf,inf,False,False,6,133
2297,0.001683152422256782,8.099379288719097,8.09615771888129,8.099379288719097,-0.0014071032147846552,True,False,29,38
2298,0.0016813651059026313,8.099379288719097,8.09615771888129,inf,inf,False,False,217,15
2299,0.0016795796874750774,8.099379288719097,8.09615771888129,8.099379288719097,0.0,True,False,232,11
2300,0.0016777961649587388,8.099379288719097,8.09615771888129,8.10677306454126,0.007393775822162496,False,False,178,184
2301,0.0016760145363403736,8.099379288719097,8.09615771888129,8.099379288719097,0.0,True,False,201,92
2302,0.0016742347996088777,8.099379288719097,8.09615771888129,8.099379288719097,0.0,True,False,126,170
2303,0.001672456952755283,8.099379288719097,8.09615771888129,8.099379288719097,0.0,True,False,145,102
2304,0.0016706809937727532,8.099379288719097,8.09615771888129,8.099379288719097,0.0,True,False,55,225
2305,0.0016689069206565846,8.099379288719097,8.09615771888129,inf,inf,False,False,6,100
2306,0.0016671347314042013,8.099379288719097,8.09615771888129,8.115787472382477,0.016408183663379816,False,False,182,97
2307,0.0016653644240151551,8.099379288719097,8.09615771888129,inf,inf,False,False,62,0
2308,0.001663595996491121,8.099379288719097,8.09615771888129,8.10781216891474,0.008432880195643477,False,False,68,105
2309,0.0016618294468358956,8.099379288719097,8.09615771888129,8.099379288719097,0.0,True,False,235,90
2310,0.0016600647730553965,8.099379288719097,8.09615771888129,8.099379288719097,0.0,True,False,98,186
2311,0.001658301973157658,8.099379288719097,8.09615771888129,8.099379288719097,0.0,True,False,38,175
2312,0.00165654104515283,8.10118898372455,8.09615771888129,8.10118898372455,0.0018096950054520278,True,False,131,109
2313,0.0016547819870531754,8.10118898372455,8.09615771888129,8.112154643315092,0.010965659590542742,False,False,182,8
2314,0.0016530247968730668,8.097421948148567,8.09615771888129,8.097421948148567,-0.003767035575982902,True,False,67,146
2315,0.0016512694726289873,8.097421948148567,8.09615771888129,8.101490859454769,0.004068911306202239,False,False,49,238
2316,0.0016495160123395241,8.097421948148567,8.09615771888129,8.102469180124453,0.005047231975886746,False,False,104,67
2317,0.0016477644140253708,8.097421948148567,8.09615771888129,8.097421948148567,0.0,True,False,52,223
2318,0.00164601467570932,8.097421948148567,8.09615771888129,inf,inf,False,False,25,119
2319,0.0016442667954162662,8.097471285514432,8.09615771888129,8.097471285514432,4.933736586565374e-05,True,False,228,232
2320,0.0016425207711732001,8.097471285514432,8.09615771888129,8.10603031052687,0.008559025012438326,False,False,193,142
2321,0.001640776601009208,8.097471285514432,8.09615771888129,8.123452072932475,0.02598078741804244,False,False,129,64
2322,0.0016390342829554693,8.097471285514432,8.09615771888129,inf,inf,False,False,227,232
2323,0.0016372938150452528,8.097471285514432,8.09615771888129,8.097471285514432,0.0,True,False,208,17
2324,0.001635555195313917,8.097471285514432,8.09615771888129,8.097471285514432,0.0,True,False,28,74
2325,0.0016338184217989061,8.097471285514432,8.09615771888129,8.107096433002615,0.009625147488183217,False,False,27,63
2326,0.0016320834925397489,8.097471285514432,8.09615771888129,8.097471285514432,0.0,True,False,73,120
2327,0.0016303504055780553,8.097471285514432,8.09615771888129,8.097471285514432,0.0,True,False,28,141
2328,0.0016286191589575145,8.097471285514432,8.09615771888129,inf,inf,False,False,85,25
2329,0.0016268897507238941,8.097471285514432,8.09615771888129,inf,inf,False,False,89,232
2330,0.0016251621789250361,8.097471285514432,8.09615771888129,8.097471285514432,0.0,True,False,86,181
2331,0.001623436441610856,8.097471285514432,8.09615771888129,8.105376906969317,0.007905621454884937,False,False,49,102
2332,0.0016217125368333403,8.097471285514432,8.09615771888129,8.097471285514432,0.0,True,False,235,149
2333,0.0016199904626465426,8.097471285514432,8.09615771888129,inf,inf,False,False,131,79
2334,0.001618270217106584,8.097540755053842,8.09615771888129,8.097540755053842,6.946953940989431e-05,True,False,94,39
2335,0.00161655179827165,8.097540755053842,8.09615771888129,8.097540755053842,0.0,True,False,77,214
2336,0.0016148352042019878,8.097540755053842,8.09615771888129,inf,inf,False,False,62,82
2337,0.0016131204329599045,8.097528450009277,8.09615771888129,8.097528450009277,-1.2305044565508183e-05,True,False,156,57
2338,0.0016114074826097636,8.097528450009277,8.09615771888129,8.115409464964403,0.017881014955126062,False,False,3,53
2339,0.001609696351217986,8.097528450009277,8.09615771888129,inf,inf,False,False,217,1
2340,0.0016079870368530444,8.097528450009277,8.09615771888129,8.103023953534851,0.005495503525574819,False,False,9,12
2341,0.0016062795375854633,8.097528450009277,8.09615771888129,8.148976386544025,0.051447936534747996,False,False,152,115
2342,0.0016045738514878162,8.097528450009277,8.09615771888129,inf,inf,False,False,7,85
2343,0.0016028699766347217,8.097528450009277,8.09615771888129,8.097528450009277,0.0,True,False,35,100
2344,0.0016011679111028454,8.097528450009277,8.09615771888129,8.097528450009277,0.0,True,False,236,230
2345,0.0015994676529708935,8.097528450009277,8.09615771888129,inf,inf,False,False,166,208
2346,0.0015977692003196135,8.097528450009277,8.09615771888129,inf,inf,False,False,152,168
2347,0.0015960725512317896,8.097528450009277,8.09615771888129,8.146041544616503,0.04851309460722675,False,False,164,204
2348,0.001594377703792243,8.097528450009277,8.09615771888129,8.097528450009277,0.0,True,False,189,88
2349,0.001592684656087828,8.097528450009277,8.09615771888129,8.147094515229158,0.049566065219881494,False,False,149,142
2350,0.001590993406207431,8.097528450009277,8.09615771888129,8.097528450009277,0.0,True,False,17,223
2351,0.0015893039522419678,8.097468947294022,8.09615771888129,8.097468947294022,-5.950271525456685e-05,True,False,232,160
2352,0.0015876162922843799,8.098980844695948,8.09615771888129,8.098980844695948,0.0015118974019259213,True,False,136,234
2353,0.001585930424429636,8.098980844695948,8.09615771888129,8.098980844695948,0.0,True,False,38,42
2354,0.0015842463467747266,8.098980844695948,8.09615771888129,8.10061050865314,0.0016296639571926619,False,False,220,218
2355,0.001582564057418663,8.098980844695948,8.09615771888129,8.115476898503793,0.016496053807845357,False,False,126,67
2356,0.001580883554462476,8.098980844695948,8.09615771888129,8.098980844695948,0.0,True,False,15,27
2357,0.0015792048360092111,8.098980844695948,8.09615771888129,8.098980844695948,0.0,True,False,30,201
2358,0.00157752790016393,8.098980844695948,8.09615771888129,8.098980844695948,0.0,True,False,216,183
2359,0.0015758527450337057,8.098980844695948,8.09615771888129,8.098980844695948,0.0,True,False,229,117
2360,0.0015741793687276211,8.098980844695948,8.09615771888129,8.125168194261608,0.026187349565660156,False,False,182,156
2361,0.0015725077693567683,8.098980844695948,8.09615771888129,inf,inf,False,False,221,129
2362,0.0015708379450342432,8.098980844695948,8.09615771888129,inf,inf,False,False,173,15
2363,0.001569169893875147,8.098980844695948,8.09615771888129,8.098980844695948,0.0,True,False,164,236
2364,0.0015675036139965815,8.098980844695948,8.09615771888129,8.098980844695948,0.0,True,False,3,47
2365,0.0015658391035176487,8.098980844695948,8.09615771888129,8.098980844695948,0.0,True,False,226,194
2366,0.0015641763605594478,8.098980844695948,8.09615771888129,8.209728890030272,0.11074804533432392,False,False,34,24
2367,0.0015625153832450722,8.098980844695948,8.09615771888129,8.098980844695948,0.0,True,False,90,57
2368,0.0015608561696996092,8.098980844695948,8.09615771888129,8.098980844695948,0.0,True,False,44,97
2369,0.0015591987180501375,8.098980844695948,8.09615771888129,8.098980844695948,0.0,True,False,164,75
2370,0.0015575430264257231,8.098980844695948,8.09615771888129,8.115563778910685,0.01658293421473722,False,False,50,202
2371,0.001555889092957421,8.098980844695948,8.09615771888129,inf,inf,False,False,81,134
2372,0.0015542369157782682,8.098980844695948,8.09615771888129,inf,inf,False,False,6,150
2373,0.0015525864930232855,8.098980844695948,8.09615771888129,8.098980844695948,0.0,True,False,187,47
2374,0.001550937822829475,8.098980844695948,8.09615771888129,8.098980844695948,0.0,True,False,135,28
2375,0.0015492909033358157,8.098980844695948,8.09615771888129,8.098980844695948,0.0,True,False,149,16
2376,0.001547645732683263,8.098980844695948,8.09615771888129,8.145143532996983,0.04616268830103465,False,False,95,119
2377,0.0015460023090147466,8.098980844695948,8.09615771888129,8.137788503441334,0.03880765874538561,False,False,50,30
2378,0.0015443606304751684,8.098980844695948,8.09615771888129,8.098980844695948,0.0,True,False,148,71
2379,0.0015427206952114002,8.098980844695948,8.09615771888129,8.098980844695948,0.0,True,False,231,154
2380,0.0015410825013722814,8.098980844695948,8.09615771888129,8.199949560749738,0.10096871605379043,False,False,64,99
2381,0.0015394460471086172,8.098980844695948,8.09615771888129,8.098980844695948,0.0,True,False,212,229
2382,0.001537811330573176,8.098980844695948,8.09615771888129,8.098980844695948,0.0,True,False,12,95
2383,0.0015361783499206884,8.098980844695948,8.09615771888129,8.103377917132374,0.004397072436425731,False,False,180,230
2384,0.0015345471033078445,8.098980844695948,8.09615771888129,8.098980844695948,0.0,True,False,106,91
2385,0.0015329175888932915,8.098980844695948,8.09615771888129,inf,inf,False,False,234,6
2386,0.0015312898048376316,8.098980844695948,8.09615771888129,8.098980844695948,0.0,True,False,183,190
2387,0.0015296637493034202,8.098980844695948,8.09615771888129,8.098980844695948,0.0,True,False,117,137
2388,0.001528039420455165,8.098980844695948,8.09615771888129,8.098980844695948,0.0,True,False,232,96
2389,0.0015264168164593214,8.098980844695948,8.09615771888129,8.098980844695948,0.0,True,False,174,84
2390,0.0015247959354842931,8.098980844695948,8.09615771888129,inf,inf,False,False,31,10
2391,0.0015231767757004273,8.099914729061382,8.09615771888129,8.099914729061382,0.0009338843654340678,True,False,167,83
2392,0.001521559335280015,8.099914729061382,8.09615771888129,8.099914729061382,0.0,True,False,218,148
2393,0.001519943612397288,8.099914729061382,8.09615771888129,8.099914729061382,0.0,True,False,208,41
2394,0.0015183296052284165,8.099914729061382,8.09615771888129,inf,inf,False,False,166,31
2395,0.0015167173119515084,8.099914729061382,8.09615771888129,8.099914729061382,0.0,True,False,70,122
2396,0.0015151067307466045,8.099914729061382,8.09615771888129,inf,inf,False,False,173,220
2397,0.0015134978597956792,8.099914729061382,8.09615771888129,8.099914729061382,0.0,True,False,201,135
2398,0.0015118906972826378,8.099914729061382,8.09615771888129,8.099914729061382,0.0,True,False,56,65
2399,0.0015102852413933134,8.099914729061382,8.09615771888129,8.099914729061382,0.0,True,False,76,46
2400,0.0015086814903154666,8.099914729061382,8.09615771888129,8.099914729061382,0.0,True,False,30,208
2401,0.0015070794422387802,8.099914729061382,8.09615771888129,8.099914729061382,0.0,True,False,32,202
2402,0.0015054790953548615,8.099914729061382,8.09615771888129,8.132031907081464,0.03211717802008174,False,False,58,208
2403,0.0015038804478572374,8.099914729061382,8.09615771888129,8.103170472330822,0.0032557432694400035,False,False,220,93
2404,0.0015022834979413534,8.099914729061382,8.09615771888129,8.099914729061382,0.0,True,False,218,54
2405,0.0015006882438045697,8.099914729061382,8.09615771888129,8.107798716816704,0.007883987755322508,False,False,141,29
2406,0.0014990946836461628,8.099914729061382,8.09615771888129,inf,inf,False,False,155,39
2407,0.0014975028156673199,8.099914729061382,8.09615771888129,inf,inf,False,False,116,188
2408,0.0014959126380711392,8.099914729061382,8.09615771888129,8.099914729061382,0.0,True,False,59,226
2409,0.001494324149062627,8.099914729061382,8.09615771888129,8.142642324926783,0.04272759586540076,False,False,130,154
2410,0.0014927373468486944,8.099914729061382,8.09615771888129,8.15896433286628,0.059049603804897544,False,False,142,179
2411,0.001491152229638158,8.099914729061382,8.09615771888129,inf,inf,False,False,102,10
2412,0.001489568795641736,8.099885708796933,8.09615771888129,8.099885708796933,-2.9020264449286515e-05,True,False,178,213
2413,0.0014879870430720462,8.099885708796933,8.09615771888129,8.168195442988312,0.06830973419137898,False,False,132,136
2414,0.0014864069701436057,8.099885708796933,8.09615771888129,8.099885708796933,0.0,True,False,12,225
2415,0.001484828575072825,8.099885708796933,8.09615771888129,8.125474236298139,0.025588527501206215,False,False,195,83
2416,0.0014832518560780113,8.099885708796933,8.09615771888129,8.155957502007222,0.056071793210289655,False,False,14,165
2417,0.0014816768113793625,8.099885708796933,8.09615771888129,8.099885708796933,0.0,True,False,59,15
2418,0.0014801034391989662,8.099885708796933,8.09615771888129,8.099885708796933,0.0,True,False,55,104
2419,0.0014785317377607992,8.099771170586216,8.09615771888129,8.099771170586216,-0.00011453821071683024,True,False,178,63
2420,0.0014769617052907223,8.099771170586216,8.09615771888129,8.099771170586216,0.0,True,False,2,189
2421,0.0014753933400164817,8.099771170586216,8.09615771888129,8.099771170586216,0.0,True,False,187,43
2422,0.001473826640167705,8.099771170586216,8.09615771888129,inf,inf,False,False,21,79
2423,0.0014722616039759004,8.099771170586216,8.09615771888129,8.099771170586216,0.0,True,False,27,70
2424,0.0014706982296744534,8.099771170586216,8.09615771888129,8.220584943665209,0.12081377307899288,False,False,204,149
2425,0.0014691365154986247,8.099771170586216,8.09615771888129,inf,inf,False,False,58,168
2426,0.0014675764596855504,8.099771170586216,8.09615771888129,inf,inf,False,False,7,170
2427,0.0014660180604742377,8.099771170586216,8.09615771888129,inf,inf,False,False,122,127
2428,0.0014644613161055647,8.099771170586216,8.09615771888129,8.099771170586216,0.0,True,False,229,53
2429,0.0014629062248222766,8.099771170586216,8.09615771888129,8.099771170586216,0.0,True,False,19,61
2430,0.001461352784868984,8.099771170586216,8.09615771888129,8.099771170586216,0.0,True,False,99,73
2431,0.001459800994492163,8.09966451350481,8.09615771888129,8.09966451350481,-0.00010665708140500385,True,False,114,72
2432,0.001458250851940151,8.09966451350481,8.09615771888129,8.09966451350481,0.0,True,False,43,16
2433,0.0014567023554631462,8.09966451350481,8.09615771888129,8.09966451350481,0.0,True,False,200,54
2434,0.0014551555033132026,8.09966451350481,8.09615771888129,8.09966451350481,0.0,True,False,139,181
2435,0.0014536102937442333,8.099530696031483,8.09615771888129,8.099530696031483,-0.00013381747332807947,True,False,138,58
2436,0.0014520667250120037,8.099530696031483,8.09615771888129,8.099530696031483,0.0,True,False,87,26
2437,0.0014505247953741324,8.099530696031483,8.09615771888129,8.099530696031483,0.0,True,False,170,136
2438,0.0014489845030900876,8.09791077436066,8.09615771888129,8.09791077436066,-0.0016199216708230324,True,False,144,204
2439,0.0014474458464211848,8.0982532377431,8.09615771888129,8.0982532377431,0.0003424633824398171,True,False,108,138
2440,0.0014459088236305879,8.0982532377431,8.09615771888129,8.11607105628188,0.017817818538780728,False,False,64,93
2441,0.0014443734329833036,8.0982532377431,8.09615771888129,8.13711181697751,0.03885857923441094,False,False,11,233
2442,0.001442839672746182,8.0982532377431,8.09615771888129,8.0982532377431,0.0,True,False,157,124
2443,0.0014413075411879124,8.0982532377431,8.09615771888129,8.122621663196924,0.024368425453824116,False,False,146,156
2444,0.0014397770365790234,8.0982532377431,8.09615771888129,8.113090381018296,0.01483714327519614,False,False,237,133
2445,0.0014382481571918796,8.0982532377431,8.09615771888129,8.174470646301257,0.07621740855815773,False,False,169,161
2446,0.0014367209013006808,8.0982532377431,8.09615771888129,8.0982532377431,0.0,True,False,164,71
2447,0.0014351952671814588,8.0982532377431,8.09615771888129,8.0982532377431,0.0,True,False,11,52
2448,0.0014336712531120772,8.0982532377431,8.09615771888129,8.0982532377431,0.0,True,False,179,120
2449,0.001432148857372226,8.0982532377431,8.09615771888129,8.0982532377431,0.0,True,False,41,2
2450,0.001430628078243424,8.0982532377431,8.09615771888129,8.0982532377431,0.0,True,False,44,104
2451,0.0014291089140090142,8.0982532377431,8.09615771888129,8.0982532377431,0.0,True,False,90,165
2452,0.0014275913629541626,8.0982532377431,8.09615771888129,8.0982532377431,0.0,True,False,91,122
2453,0.0014260754233658564,8.0982532377431,8.09615771888129,inf,inf,False,False,62,164
2454,0.0014245610935329006,8.0982532377431,8.09615771888129,8.0982532377431,0.0,True,False,185,117
2455,0.0014230483717459187,8.0982532377431,8.09615771888129,8.0982532377431,0.0,True,False,137,65
2456,0.0014215372562973489,8.0982532377431,8.09615771888129,8.0982532377431,0.0,True,False,26,101
2457,0.0014200277454814423,8.0982532377431,8.09615771888129,8.0982532377431,0.0,True,False,214,210
2458,0.0014185198375942624,8.0982532377431,8.09615771888129,8.0982532377431,0.0,True,False,165,96
2459,0.0014170135309336802,8.0982532377431,8.09615771888129,8.10513962219799,0.006886384454890759,False,False,215,200
2460,0.0014155088237993757,8.0982532377431,8.09615771888129,inf,inf,False,False,173,60
2461,0.0014140057144928341,8.0982532377431,8.09615771888129,8.0982532377431,0.0,True,False,96,92
2462,0.0014125042013173445,8.0982532377431,8.09615771888129,inf,inf,False,False,221,110
2463,0.0014110042825779964,8.0982532377431,8.09615771888129,inf,inf,False,False,159,139
2464,0.0014095059565816805,8.0982532377431,8.09615771888129,8.0982532377431,0.0,True,False,18,179
2465,0.001408009221637085,8.0982532377431,8.09615771888129,8.10272389546608,0.00447065772297961,False,False,205,125
2466,0.001406514076054694,8.0982532377431,8.09615771888129,8.0982532377431,0.0,True,False,28,148
2467,0.001405020518146786,8.098023818524805,8.09615771888129,8.098023818524805,-0.00022941921829477963,True,False,176,13
2468,0.0014035285462274307,8.098023818524805,8.09615771888129,8.098023818524805,0.0,True,False,175,56
2469,0.001402038158612489,8.098023818524805,8.09615771888129,8.098023818524805,0.0,True,False,194,39
2470,0.0014005493536196098,8.098023818524805,8.09615771888129,8.098023818524805,0.0,True,False,38,103
2471,0.001399062129568229,8.098023818524805,8.09615771888129,8.098023818524805,0.0,True,False,209,189
2472,0.0013975764847795665,8.098023818524805,8.09615771888129,8.157823958911244,0.05980014038643944,False,False,175,14
2473,0.0013960924175766241,8.098023818524805,8.09615771888129,8.098023818524805,0.0,True,False,89,174
2474,0.0013946099262841863,8.098023818524805,8.09615771888129,8.098023818524805,0.0,True,False,60,192
2475,0.0013931290092288149,8.098023818524805,8.09615771888129,8.098023818524805,0.0,True,False,208,228
2476,0.0013916496647388497,8.098023818524805,8.09615771888129,8.098023818524805,0.0,True,False,226,238
2477,0.0013901718911444052,8.098023818524805,8.09615771888129,8.098023818524805,0.0,True,False,185,73
2478,0.0013886956867773684,8.098023818524805,8.09615771888129,8.10635375796129,0.008329939436485745,False,False,86,233
2479,0.0013872210499713987,8.098023818524805,8.09615771888129,8.115672913336198,0.017649094811392985,False,False,50,207
2480,0.0013857479790619247,8.098023818524805,8.09615771888129,8.098023818524805,0.0,True,False,96,104
2481,0.0013842764723861428,8.098023818524805,8.09615771888129,8.098023818524805,0.0,True,False,236,237
2482,0.0013828065282830147,8.098023818524805,8.09615771888129,inf,inf,False,False,81,16
2483,0.0013813381450932653,8.098023818524805,8.09615771888129,inf,inf,False,False,177,155
2484,0.001379871321159383,8.098023818524805,8.09615771888129,8.098023818524805,0.0,True,False,59,28
2485,0.0013784060548256152,8.098023818524805,8.09615771888129,8.098023818524805,0.0,True,False,53,101
2486,0.0013769423444379677,8.098023818524805,8.09615771888129,8.111582148932342,0.013558330407537511,False,False,68,121
2487,0.0013754801883442032,8.098023818524805,8.09615771888129,8.099068404887147,0.0010445863623420593,False,False,100,177
2488,0.0013740195848938382,8.098023818524805,8.09615771888129,inf,inf,False,False,217,142
2489,0.0013725605324381419,8.098023818524805,8.09615771888129,inf,inf,False,False,14,221
2490,0.0013711030293301343,8.098023818524805,8.09615771888129,8.111029274092239,0.013005455567434154,False,False,64,129
2491,0.0013696470739245853,8.098023818524805,8.09615771888129,8.098023818524805,0.0,True,False,16,140
2492,0.00136819266457801,8.098023818524805,8.09615771888129,8.098023818524805,0.0,True,False,99,12
2493,0.0013667397996486703,8.098023818524805,8.09615771888129,8.098023818524805,0.0,True,False,147,185
2494,0.0013652884774965706,8.098023818524805,8.09615771888129,inf,inf,False,False,217,56
2495,0.0013638386964834569,8.098023818524805,8.09615771888129,8.098023818524805,0.0,True,False,52,19
2496,0.0013623904549728155,8.098023818524805,8.09615771888129,8.098023818524805,0.0,True,False,98,113
2497,0.001360943751329869,8.098023818524805,8.09615771888129,8.11905414858988,0.021030330065075376,False,False,220,122
2498,0.001359498583921578,8.098023818524805,8.09615771888129,inf,inf,False,False,173,56
2499,0.0013580549511166351,8.098023818524805,8.09615771888129,8.103199856355802,0.005176037830997515,False,False,146,187
2500,0.0013566128512854667,8.098023818524805,8.09615771888129,8.098023818524805,0.0,True,False,115,20
2501,0.0013551722828002296,8.09797875793442,8.09615771888129,8.09797875793442,-4.5060590384338184e-05,True,False,188,74
2502,0.0013537332440348073,8.09797875793442,8.09615771888129,8.09797875793442,0.0,True,False,28,46
2503,0.0013522957333648128,8.09797875793442,8.09615771888129,8.09797875793442,0.0,True,False,151,211
2504,0.001350859749167582,8.09797875793442,8.09615771888129,inf,inf,False,False,228,79
2505,0.0013494252898221739,8.09797875793442,8.09615771888129,8.09797875793442,0.0,True,False,237,110
2506,0.0013479923537093705,8.09797875793442,8.09615771888129,8.115719806345744,0.017741048411323845,False,False,48,50
2507,0.001346560939211671,8.09797875793442,8.09615771888129,inf,inf,False,False,231,129
2508,0.0013451310447132945,8.09797875793442,8.09615771888129,8.09797875793442,0.0,True,False,86,170
2509,0.0013437026686001744,8.09797875793442,8.09615771888129,8.09797875793442,0.0,True,False,53,227
2510,0.0013422758092599568,8.09797875793442,8.09615771888129,8.09797875793442,0.0,True,False,85,53
2511,0.0013408504650820037,8.09797875793442,8.09615771888129,8.09797875793442,0.0,True,False,88,170
2512,0.001339426634457383,8.09797875793442,8.09615771888129,8.09797875793442,0.0,True,False,63,94
2513,0.0013380043157788758,8.09797875793442,8.09615771888129,inf,inf,False,False,3,219
2514,0.0013365835074409657,8.098196940902353,8.09615771888129,8.098196940902353,0.00021818296793263414,True,False,229,176
2515,0.0013351642078398421,8.098196940902353,8.09615771888129,8.098196940902353,0.0,True,False,75,37
2516,0.0013337464153734002,8.098196940902353,8.09615771888129,8.098196940902353,0.0,True,False,65,145
2517,0.0013323301284412325,8.098196940902353,8.09615771888129,8.098196940902353,0.0,True,False,123,2
2518,0.001330915345444635,8.098196940902353,8.09615771888129,8.098196940902353,0.0,True,False,139,147
2519,0.0013295020647865982,8.098196940902353,8.09615771888129,8.098196940902353,0.0,True,False,132,56
2520,0.0013280902848718083,8.098196940902353,8.09615771888129,8.108425631469226,0.0102286905668727,False,False,83,184
2521,0.0013266800041066488,8.098146051582782,8.09615771888129,8.098146051582782,-5.088931957075715e-05,True,False,138,180
2522,0.0013252712208991918,8.098146051582782,8.09615771888129,inf,inf,False,False,168,42
2523,0.0013238639336592027,8.098146051582782,8.09615771888129,inf,inf,False,False,25,72
2524,0.0013224581407981334,8.098146051582782,8.09615771888129,8.098146051582782,0.0,True,False,11,147
2525,0.0013210538407291235,8.098146051582782,8.09615771888129,8.098146051582782,0.0,True,False,71,235
2526,0.0013196510318669982,8.098146051582782,8.09615771888129,inf,inf,False,False,221,115
2527,0.0013182497126282648,8.098146051582782,8.09615771888129,inf,inf,False,False,173,149
2528,0.001316849881431114,8.098146051582782,8.09615771888129,8.098146051582782,0.0,True,False,205,86
2529,0.0013154515366954138,8.098146051582782,8.09615771888129,8.098146051582782,0.0,True,False,181,193
2530,0.001314054676842711,8.098146051582782,8.09615771888129,inf,inf,False,False,102,162
2531,0.0013126593002962302,8.098146051582782,8.09615771888129,8.098146051582782,0.0,True,False,154,112
2532,0.0013112654054808681,8.098146051582782,8.09615771888129,8.106954021507397,0.008807969924614412,False,False,233,23
2533,0.0013098729908231942,8.098146051582782,8.09615771888129,inf,inf,False,False,25,200
2534,0.0013084820547514513,8.098146051582782,8.09615771888129,inf,inf,False,False,79,176
2535,0.001307092595695547,8.098146051582782,8.09615771888129,8.098146051582782,0.0,True,False,135,133
2536,0.001305704612087061,8.098146051582782,8.09615771888129,inf,inf,False,False,187,162
2537,0.0013043181023592344,8.098146051582782,8.09615771888129,8.132643070558425,0.03449701897564239,False,False,33,82
2538,0.0013029330649469736,8.098146051582782,8.09615771888129,8.098146051582782,0.0,True,False,141,210
2539,0.0013015494982868483,8.098146051582782,8.09615771888129,inf,inf,False,False,159,156
2540,0.0013001674008170855,8.098146051582782,8.09615771888129,8.098146051582782,0.0,True,False,231,44
2541,0.0012987867709775738,8.098146051582782,8.09615771888129,8.098146051582782,0.0,True,False,106,135
2542,0.001297407607209856,8.098146051582782,8.09615771888129,8.098146051582782,0.0,True,False,119,216
2543,0.0012960299079571298,8.09861729837252,8.09615771888129,8.09861729837252,0.000471246789738089,True,False,224,215
2544,0.0012946536716642487,8.096712962006512,8.09615771888129,8.096712962006512,-0.0019043363660085078,True,False,134,181
2545,0.0012932788967777143,8.096712962006512,8.09615771888129,8.107588289378402,0.010875327371890009,False,False,17,93
2546,0.0012919055817456806,8.096712962006512,8.09615771888129,8.096712962006512,0.0,True,False,33,87
2547,0.0012905337250179478,8.096712962006512,8.09615771888129,8.096712962006512,0.0,True,False,129,11
2548,0.0012891633250459616,8.096712962006512,8.09615771888129,8.096712962006512,0.0,True,False,239,52
2549,0.0012877943802828147,8.096712962006512,8.09615771888129,8.13658349653034,0.03987053452382838,False,False,65,116
2550,0.0012864268891832396,8.096712962006512,8.09615771888129,8.096712962006512,0.0,True,False,44,193
2551,0.0012850608502036126,8.096712962006512,8.09615771888129,8.096712962006512,0.0,True,False,33,191
2552,0.0012836962618019462,8.096712962006512,8.09615771888129,8.096712962006512,0.0,True,False,41,44
2553,0.0012823331224378915,8.096712962006512,8.09615771888129,inf,inf,False,False,161,52
2554,0.0012809714305727366,8.096712962006512,8.09615771888129,8.115003153601974,0.018290191595461636,False,False,58,33
2555,0.0012796111846694012,8.096712962006512,8.09615771888129,8.096712962006512,0.0,True,False,192,109
2556,0.0012782523831924397,8.096712962006512,8.09615771888129,inf,inf,False,False,140,68
2557,0.0012768950246080347,8.096712962006512,8.09615771888129,inf,inf,False,False,159,76
2558,0.001275539107383998,8.096712962006512,8.09615771888129,8.096712962006512,0.0,True,False,122,225
2559,0.00127418462998977,8.096712962006512,8.09615771888129,8.113947450175525,0.017234488169012963,False,False,192,50
2560,0.0012728315908964144,8.096712962006512,8.09615771888129,8.114486168181262,0.0177732061747502,False,False,177,40
2561,0.0012714799885766206,8.096712962006512,8.09615771888129,8.195963952876832,0.09925099087032052,False,False,167,192
2562,0.0012701298215046974,8.096712962006512,8.09615771888129,8.113312289591802,0.016599327585289814,False,False,0,220
2563,0.0012687810881565748,8.096712962006512,8.09615771888129,8.096712962006512,0.0,True,False,165,42
2564,0.001267433787009802,8.096712962006512,8.09615771888129,8.096712962006512,0.0,True,False,27,89
2565,0.0012660879165435433,8.096712962006512,8.09615771888129,8.096712962006512,0.0,True,False,172,94
2566,0.00126474347523858,8.096712962006512,8.09615771888129,8.096712962006512,0.0,True,False,226,212
2567,0.0012634004615773046,8.096712962006512,8.09615771888129,8.096712962006512,0.0,True,False,218,120
2568,0.0012620588740437212,8.096712962006512,8.09615771888129,8.096712962006512,0.0,True,False,139,54
2569,0.0012607187111234465,8.096712962006512,8.09615771888129,8.096712962006512,0.0,True,False,115,226
2570,0.0012593799713037008,8.096712962006512,8.09615771888129,8.096712962006512,0.0,True,False,148,133
2571,0.0012580426530733155,8.096712962006512,8.09615771888129,8.096712962006512,0.0,True,False,11,21
2572,0.0012567067549227233,8.096712962006512,8.09615771888129,inf,inf,False,False,160,189
2573,0.0012553722753439606,8.096712962006512,8.09615771888129,8.096712962006512,0.0,True,False,85,171
2574,0.001254039212830667,8.096712962006512,8.09615771888129,8.099448771396935,0.0027358093904226166,False,False,51,67
2575,0.0012527075658780788,8.096712962006512,8.09615771888129,8.099876435313186,0.003163473306674547,False,False,78,224
2576,0.0012513773329830326,8.096712962006512,8.09615771888129,8.096712962006512,0.0,True,False,4,148
2577,0.0012500485126439597,8.096712962006512,8.09615771888129,8.096712962006512,0.0,True,False,35,198
2578,0.001248721103360886,8.096712962006512,8.09615771888129,8.098784376676567,0.0020714146700555602,False,False,146,157
2579,0.0012473951036354315,8.096712962006512,8.09615771888129,8.096712962006512,0.0,True,False,232,27
2580,0.0012460705119708055,8.096712962006512,8.09615771888129,8.125343160834646,0.028630198828134112,False,False,142,43
2581,0.0012447473268718085,8.096712962006512,8.09615771888129,8.096712962006512,0.0,True,False,24,26
2582,0.001243425546844828,8.096712962006512,8.09615771888129,inf,inf,False,False,201,160
2583,0.0012421051703978352,8.096712962006512,8.09615771888129,8.096712962006512,0.0,True,False,34,88
2584,0.0012407861960403908,8.096712962006512,8.09615771888129,8.096712962006512,0.0,True,False,183,36
2585,0.0012394686222836331,8.096712962006512,8.09615771888129,8.106401686006436,0.00968872399992371,False,False,165,167
2586,0.0012381524476402848,8.096712962006512,8.09615771888129,8.096712962006512,0.0,True,False,16,128
2587,0.0012368376706246463,8.096712962006512,8.09615771888129,8.096712962006512,0.0,True,False,63,157
2588,0.0012355242897525952,8.096712962006512,8.09615771888129,8.096712962006512,0.0,True,False,95,71
2589,0.0012342123035415872,8.096712962006512,8.09615771888129,inf,inf,False,False,10,213
2590,0.0012329017105106503,8.096712962006512,8.09615771888129,8.096712962006512,0.0,True,False,170,194
2591,0.0012315925091803852,8.096712962006512,8.09615771888129,8.109552298470721,0.012839336464208984,False,False,158,104
2592,0.0012302846980729656,8.096712962006512,8.09615771888129,8.096712962006512,0.0,True,False,183,13
2593,0.0012289782757121312,8.096712962006512,8.09615771888129,8.096712962006512,0.0,True,False,96,204
2594,0.001227673240623193,8.096712962006512,8.09615771888129,8.096712962006512,0.0,True,False,172,184
2595,0.0012263695913330252,8.096712962006512,8.09615771888129,8.096712962006512,0.0,True,False,100,18
2596,0.0012250673263700664,8.096712962006512,8.09615771888129,8.096712962006512,0.0,True,False,185,118
2597,0.0012237664442643205,8.09643718180652,8.09615771888129,8.09643718180652,-0.0002757801999919707,True,False,125,193
2598,0.001222466943547348,8.09643718180652,8.09615771888129,8.09643718180652,0.0,True,False,9,2
2599,0.001221168822752274,8.09643718180652,8.09615771888129,8.09643718180652,0.0,True,False,102,55
2600,0.0012198720804137769,8.09643718180652,8.09615771888129,8.09643718180652,0.0,True,False,52,172
2601,0.001218576715068092,8.09643718180652,8.09615771888129,8.129999717353432,0.033562535546911576,False,False,165,233
2602,0.0012172827252530114,8.09643718180652,8.09615771888129,8.101179423969574,0.0047422421630543,False,False,131,47
2603,0.0012159901095078764,8.09643718180652,8.09615771888129,8.09643718180652,0.0,True,False,184,183
2604,0.0012146988663735822,8.09643718180652,8.09615771888129,8.116117188917235,0.019680007110714826,False,False,80,139
2605,0.0012134089943925724,8.09643718180652,8.09615771888129,8.09643718180652,0.0,True,False,148,132
2606,0.0012121204921088369,8.09643718180652,8.09615771888129,8.09643718180652,0.0,True,False,201,101
2607,0.0012108333580679146,8.09643718180652,8.09615771888129,8.09643718180652,0.0,True,False,174,119
2608,0.001209547590816886,8.09643718180652,8.09615771888129,8.09643718180652,0.0,True,False,216,23
2609,0.0012082631889043767,8.096325928926225,8.09615771888129,8.096325928926225,-0.00011125288029489866,True,False,68,176
2610,0.0012069801508805527,8.096325928926225,8.09615771888129,8.123909260298964,0.02758333137273894,False,False,216,61
2611,0.0012056984752971177,8.096325928926225,8.09615771888129,inf,inf,False,False,62,100
2612,0.0012044181607073173,8.096325928926225,8.09615771888129,8.105172383569851,0.00884645464362599,False,False,9,224
2613,0.0012031392056659294,8.096325928926225,8.09615771888129,8.100163942731514,0.003838013805289364,False,False,131,170
2614,0.0012018616087292695,8.096325928926225,8.09615771888129,inf,inf,False,False,93,173
2615,0.0012005853684551844,8.096325928926225,8.09615771888129,8.096325928926225,0.0,True,False,31,190
2616,0.001199310483403052,8.096325928926225,8.09615771888129,8.096325928926225,0.0,True,False,192,28
2617,0.0011980369521337824,8.096325928926225,8.09615771888129,inf,inf,False,False,168,189
2618,0.0011967647732098107,8.096325928926225,8.09615771888129,8.096325928926225,0.0,True,False,206,147
2619,0.0011954939451951014,8.096325928926225,8.09615771888129,inf,inf,False,False,196,160
2620,0.001194224466655142,8.096325928926225,8.09615771888129,8.096325928926225,0.0,True,False,88,8
2621,0.0011929563361569432,8.096325928926225,8.09615771888129,8.154710281002707,0.05838435207648196,False,False,21,130
2622,0.0011916895522690394,8.096325928926225,8.09615771888129,8.099118793205935,0.002792864279710372,False,False,212,133
2623,0.001190424113561482,8.096325928926225,8.09615771888129,8.109634816549798,0.013308887623573185,False,False,123,82
2624,0.0011891600186058446,8.096325928926225,8.09615771888129,8.096325928926225,0.0,True,False,0,213
2625,0.0011878972659752141,8.096325928926225,8.09615771888129,8.096325928926225,0.0,True,False,190,200
2626,0.001186635854244194,8.096325928926225,8.09615771888129,inf,inf,False,False,162,96
2627,0.0011853757819889025,8.096325928926225,8.09615771888129,8.096325928926225,0.0,True,False,122,135
2628,0.0011841170477869675,8.096325928926225,8.09615771888129,8.096325928926225,0.0,True,False,35,14
2629,0.00118285965021753,8.096325928926225,8.09615771888129,8.096325928926225,0.0,True,False,57,202
2630,0.0011816035878612376,8.096325928926225,8.09615771888129,8.096325928926225,0.0,True,False,204,209
2631,0.0011803488593002452,8.096325928926225,8.09615771888129,inf,inf,False,False,70,166
2632,0.0011790954631182154,8.096325928926225,8.09615771888129,8.096325928926225,0.0,True,False,43,13
2633,0.0011778433979003121,8.096325928926225,8.09615771888129,8.096325928926225,0.0,True,False,68,102
2634,0.001176592662233204,8.096325928926225,8.09615771888129,8.149778748199715,0.05345281927348999,False,False,2,130
2635,0.0011753432547050588,8.096325928926225,8.09615771888129,8.096325928926225,0.0,True,False,26,129
2636,0.0011740951739055436,8.096325928926225,8.09615771888129,8.096325928926225,0.0,True,False,140,24
2637,0.0011728484184258246,8.096325928926225,8.09615771888129,8.096325928926225,0.0,True,False,170,221
2638,0.0011716029868585616,8.096325928926225,8.09615771888129,8.096325928926225,0.0,True,False,21,22
2639,0.0011703588777979116,8.096325928926225,8.09615771888129,8.096325928926225,0.0,True,False,104,157
2640,0.0011691160898395227,8.096325928926225,8.09615771888129,8.096325928926225,0.0,True,False,198,8
2641,0.0011678746215805337,8.096325928926225,8.09615771888129,8.096325928926225,0.0,True,False,140,56
2642,0.0011666344716195754,8.096325928926225,8.09615771888129,8.105481156500655,0.009155227574430214,False,False,119,116
2643,0.0011653956385567646,8.096325928926225,8.09615771888129,inf,inf,False,False,144,62
2644,0.0011641581209937044,8.096325928926225,8.09615771888129,8.098639318231193,0.002313389304967828,False,False,133,215
2645,0.0011629219175334855,8.096325928926225,8.09615771888129,8.096325928926225,0.0,True,False,20,11
2646,0.0011616870267806788,8.096325928926225,8.09615771888129,inf,inf,False,False,76,166
2647,0.0011604534473413396,8.096325928926225,8.09615771888129,inf,inf,False,False,209,16
2648,0.0011592211778230013,8.096325928926225,8.09615771888129,8.10620579702021,0.009879868093985777,False,False,24,31
2649,0.0011579902168346768,8.096325928926225,8.09615771888129,inf,inf,False,False,216,155
2650,0.0011567605629868567,8.096325928926225,8.09615771888129,8.096325928926225,0.0,True,False,86,133
2651,0.001155532214891506,8.096325928926225,8.09615771888129,8.096325928926225,0.0,True,False,207,232
2652,0.0011543051711620648,8.096325928926225,8.09615771888129,8.096325928926225,0.0,True,False,17,212
2653,0.0011530794304134447,8.096325928926225,8.09615771888129,8.104891282994936,0.008565354068711173,False,False,26,180
2654,0.0011518549912620272,8.096325928926225,8.09615771888129,inf,inf,False,False,217,205
2655,0.001150631852325666,8.096325928926225,8.09615771888129,8.141956312799971,0.04563038387374618,False,False,220,153
2656,0.0011494100122236791,8.096325928926225,8.09615771888129,8.102409237898575,0.00608330897235021,False,False,145,121
2657,0.0011481894695768535,8.096325928926225,8.09615771888129,inf,inf,False,False,14,161
2658,0.0011469702230074389,8.096325928926225,8.09615771888129,inf,inf,False,False,99,25
2659,0.0011457522711391477,8.096325928926225,8.09615771888129,8.097131062466635,0.000805133540410452,False,False,146,113
2660,0.001144535612597156,8.096325928926225,8.09615771888129,inf,inf,False,False,217,140
2661,0.0011433202460080973,8.096325928926225,8.09615771888129,8.096325928926225,0.0,True,False,232,54
2662,0.0011421061700000658,8.096325928926225,8.09615771888129,inf,inf,False,False,203,79
2663,0.0011408933832026105,8.096325928926225,8.09615771888129,8.096325928926225,0.0,True,False,189,206
2664,0.001139681884246736,8.096325928926225,8.09615771888129,8.096325928926225,0.0,True,False,150,78
2665,0.0011384716717649024,8.096325928926225,8.09615771888129,8.096325928926225,0.0,True,False,207,98
2666,0.0011372627443910193,8.096325928926225,8.09615771888129,8.096325928926225,0.0,True,False,210,213
2667,0.0011360551007604494,8.096325928926225,8.09615771888129,8.096325928926225,0.0,True,False,145,97
2668,0.0011348487395100029,8.096325928926225,8.09615771888129,8.096325928926225,0.0,True,False,1,120
2669,0.0011336436592779373,8.096325928926225,8.09615771888129,8.111556799600054,0.015230870673828889,False,False,158,17
2670,0.0011324398587039583,8.096325928926225,8.09615771888129,inf,inf,False,False,170,183
2671,0.001131237336429213,8.096325928926225,8.09615771888129,inf,inf,False,False,166,80
2672,0.0011300360910962948,8.096325928926225,8.09615771888129,8.096325928926225,0.0,True,False,46,28
2673,0.0011288361213492358,8.096325928926225,8.09615771888129,8.096325928926225,0.0,True,False,5,210
2674,0.0011276374258335083,8.096325928926225,8.09615771888129,8.096325928926225,0.0,True,False,114,169
2675,0.0011264400031960253,8.096325928926225,8.09615771888129,8.096325928926225,0.0,True,False,3,68
2676,0.0011252438520851333,8.096325928926225,8.09615771888129,8.096325928926225,0.0,True,False,28,20
2677,0.0011240489711506168,8.096325928926225,8.09615771888129,8.109538443321469,0.013212514395243957,False,False,238,194
2678,0.0011228553590436929,8.096325928926225,8.09615771888129,8.104462627250872,0.008136698324646474,False,False,182,57
2679,0.0011216630144170103,8.096325928926225,8.09615771888129,8.096325928926225,0.0,True,False,86,213
2680,0.0011204719359246501,8.096325928926225,8.09615771888129,8.096325928926225,0.0,True,False,209,29
2681,0.001119282122222121,8.096325928926225,8.09615771888129,inf,inf,False,False,79,233
2682,0.001118093571966361,8.096790163073482,8.09615771888129,8.096790163073482,0.0004642341472571587,True,False,121,143
2683,0.0011169062838157328,8.096790163073482,8.09615771888129,8.096790163073482,0.0,True,False,183,136
2684,0.0011157202564300239,8.096790163073482,8.09615771888129,8.096790163073482,0.0,True,False,194,102
2685,0.0011145354884704466,8.096790163073482,8.09615771888129,8.161521915930457,0.06473175285697508,False,False,108,225
2686,0.0011133519785996322,8.096790163073482,8.09615771888129,8.096790163073482,0.0,True,False,84,169
2687,0.0011121697254816351,8.096790163073482,8.09615771888129,8.137600501490018,0.04081033841653614,False,False,105,214
2688,0.0011109887277819261,8.097085950283745,8.09615771888129,8.097085950283745,0.00029578721026268795,True,False,211,69
2689,0.0011098089841673933,8.097085950283745,8.09615771888129,8.097085950283745,0.0,True,False,73,31
2690,0.001108630493306342,8.097085950283745,8.09615771888129,8.097085950283745,0.0,True,False,227,186
2691,0.0011074532538684892,8.094864560256033,8.094864560256033,8.094864560256033,-0.0022213900277119336,True,True,234,220
2692,0.0011062772645249674,8.094864560256033,8.094864560256033,8.094864560256033,0.0,True,False,150,56
2693,0.001105102523948318,8.094864560256033,8.094864560256033,8.09868051703486,0.0038159567788262905,False,False,83,42
2694,0.001103929030812492,8.094864560256033,8.094864560256033,8.094864560256033,0.0,True,False,119,223
2695,0.0011027567837928504,8.094864560256033,8.094864560256033,8.094864560256033,0.0,True,False,96,184
2696,0.0011015857815661581,8.094864560256033,8.094864560256033,8.094864560256033,0.0,True,False,171,22
2697,0.0011004160228105884,8.094864560256033,8.094864560256033,inf,inf,False,False,32,85
2698,0.0010992475062057156,8.094864560256033,8.094864560256033,8.094864560256033,0.0,True,False,120,3
2699,0.0010980802304325161,8.087256503337976,8.087256503337976,8.087256503337976,-0.0076080569180572155,True,True,160,7
2700,0.0010969141941733695,8.087256503337976,8.087256503337976,8.132355757183614,0.04509925384563829,False,False,41,64
2701,0.0010957493961120523,8.087256503337976,8.087256503337976,inf,inf,False,False,24,72
2702,0.0010945858349337382,8.087256503337976,8.087256503337976,8.089823130477285,0.002566627139309219,False,False,83,33
2703,0.0010934235093249998,8.087256503337976,8.087256503337976,8.087256503337976,0.0,True,False,48,121
2704,0.0010922624179738017,8.087256503337976,8.087256503337976,8.087256503337976,0.0,True,False,200,95
2705,0.0010911025595695036,8.087256503337976,8.087256503337976,8.111587476517842,0.024330973179866433,False,False,129,9
2706,0.0010899439328028561,8.087256503337976,8.087256503337976,8.087256503337976,0.0,True,False,238,211
2707,0.001088786536365999,8.087256503337976,8.087256503337976,8.087256503337976,0.0,True,False,41,22
2708,0.0010876303689524639,8.087256503337976,8.087256503337976,8.087256503337976,0.0,True,False,113,121
2709,0.001086475429257166,8.087256503337976,8.087256503337976,8.087256503337976,0.0,True,False,189,19
2710,0.0010853217159764099,8.087256503337976,8.087256503337976,8.087256503337976,0.0,True,False,2,213
2711,0.001084169227807882,8.087256503337976,8.087256503337976,inf,inf,False,False,170,145
2712,0.0010830179634506523,8.087256503337976,8.087256503337976,8.087256503337976,0.0,True,False,103,151
2713,0.0010818679216051733,8.087462032942428,8.087256503337976,8.087462032942428,0.00020552960445208157,True,False,66,230
2714,0.0010807191009732755,8.087462032942428,8.087256503337976,8.101608340992684,0.01414630805025574,False,False,133,77
2715,0.0010795715002581703,8.087462032942428,8.087256503337976,inf,inf,False,False,101,62
2716,0.0010784251181644444,8.087462032942428,8.087256503337976,8.087462032942428,0.0,True,False,227,38
2717,0.0010772799533980597,8.087462032942428,8.087256503337976,8.087462032942428,0.0,True,False,154,31
2718,0.0010761360046663544,8.087462032942428,8.087256503337976,8.12333902979779,0.03587699685536272,False,False,64,43
2719,0.0010749932706780368,8.087462032942428,8.087256503337976,8.087462032942428,0.0,True,False,68,160
2720,0.0010738517501431891,8.087566453680363,8.087256503337976,8.087566453680363,0.00010442073793548445,True,False,72,121
2721,0.0010727114417732608,8.087566453680363,8.087256503337976,8.087566453680363,0.0,True,False,145,104
2722,0.00107157234428107,8.087566453680363,8.087256503337976,inf,inf,False,False,7,44
2723,0.0010704344563808041,8.087566453680363,8.087256503337976,8.087566453680363,0.0,True,False,110,34
2724,0.0010692977767880125,8.087566453680363,8.087256503337976,8.168047596885174,0.08048114320481048,False,False,24,64
2725,0.0010681623042196114,8.087566453680363,8.087256503337976,8.15777960896472,0.07021315528435679,False,False,228,105
2726,0.0010670280373938777,8.087566453680363,8.087256503337976,8.087566453680363,0.0,True,False,128,68
2727,0.0010658949750304491,8.087566453680363,8.087256503337976,8.089356828035216,0.0017903743548526307,False,False,180,237
2728,0.0010647631158503252,8.087566453680363,8.087256503337976,8.119890538730814,0.032324085050451146,False,False,164,130
2729,0.0010636324585758608,8.087566453680363,8.087256503337976,8.104117856013094,0.016551402332730447,False,False,148,50
2730,0.00106250300193077,8.087566453680363,8.087256503337976,8.087566453680363,0.0,True,False,41,90
2731,0.0010613747446401207,8.087566453680363,8.087256503337976,inf,inf,False,False,69,156
2732,0.0010602476854303343,8.087566453680363,8.087256503337976,inf,inf,False,False,159,199
2733,0.0010591218230291861,8.087566453680363,8.087256503337976,8.177936000153277,0.09036954647291395,False,False,82,120
2734,0.0010579971561658005,8.087566453680363,8.087256503337976,8.087566453680363,0.0,True,False,88,21
2735,0.001056873683570654,8.087566453680363,8.087256503337976,8.097604688335457,0.010038234655093348,False,False,115,67
2736,0.0010557514039755682,8.087566453680363,8.087256503337976,8.087566453680363,0.0,True,False,21,114
2737,0.001054630316113713,8.087566453680363,8.087256503337976,8.087566453680363,0.0,True,False,109,84
2738,0.0010535104187196043,8.087566453680363,8.087256503337976,8.087566453680363,0.0,True,False,223,114
2739,0.0010523917105290993,8.087566453680363,8.087256503337976,8.087566453680363,0.0,True,False,40,44
2740,0.0010512741902794004,8.087566453680363,8.087256503337976,8.087566453680363,0.0,True,False,210,48
2741,0.0010501578567090493,8.087566453680363,8.087256503337976,8.087566453680363,0.0,True,False,26,186
2742,0.0010490427085579266,8.087566453680363,8.087256503337976,8.087566453680363,0.0,True,False,35,114
2743,0.0010479287445672534,8.087566453680363,8.087256503337976,8.122395094802615,0.03482864112225137,False,False,37,233
2744,0.0010468159634795847,8.087566453680363,8.087256503337976,8.087566453680363,0.0,True,False,147,22
2745,0.0010457043640388136,8.087566453680363,8.087256503337976,8.097805041487002,0.010238587806638222,False,False,196,47
2746,0.0010445939449901648,8.087566453680363,8.087256503337976,8.087566453680363,0.0,True,False,123,68
2747,0.0010434847050801953,8.087566453680363,8.087256503337976,8.087566453680363,0.0,True,False,12,91
2748,0.0010423766430567953,8.087566453680363,8.087256503337976,8.087566453680363,0.0,True,False,46,90
2749,0.0010412697576691824,8.087566453680363,8.087256503337976,8.141596495671067,0.05403004199070338,False,False,65,141
2750,0.0010401640476679042,8.087566453680363,8.087256503337976,inf,inf,False,False,6,153
2751,0.0010390595118048337,8.087566453680363,8.087256503337976,8.087566453680363,0.0,True,False,114,190
2752,0.0010379561488331691,8.087566453680363,8.087256503337976,8.087566453680363,0.0,True,False,84,4
2753,0.0010368539575074344,8.087566453680363,8.087256503337976,8.110076534312274,0.022510080631910512,False,False,18,150
2754,0.0010357529365834733,8.087566453680363,8.087256503337976,8.100510926903661,0.012944473223297948,False,False,43,163
2755,0.001034653084818454,8.087566453680363,8.087256503337976,8.114370553875233,0.026804100194869562,False,False,154,215
2756,0.0010335544009708623,8.087566453680363,8.087256503337976,8.096391211717634,0.008824758037270897,False,False,80,230
2757,0.0010324568838005015,8.087566453680363,8.087256503337976,8.109440048956616,0.021873595276252544,False,False,19,212
2758,0.001031360532068495,8.087566453680363,8.087256503337976,8.087566453680363,0.0,True,False,90,141
2759,0.0010302653445372787,8.087566453680363,8.087256503337976,8.087566453680363,0.0,True,False,72,214
2760,0.001029171319970604,8.087566453680363,8.087256503337976,8.087566453680363,0.0,True,False,238,113
2761,0.0010280784571335352,8.087566453680363,8.087256503337976,8.087566453680363,0.0,True,False,60,39
2762,0.001026986754792447,8.087566453680363,8.087256503337976,8.087566453680363,0.0,True,False,206,165
2763,0.0010258962117150258,8.087566453680363,8.087256503337976,8.087566453680363,0.0,True,False,154,229
2764,0.0010248068266702649,8.087566453680363,8.087256503337976,8.087566453680363,0.0,True,False,179,237
2765,0.0010237185984284646,8.087566453680363,8.087256503337976,inf,inf,False,False,65,144
2766,0.0010226315257612331,8.087566453680363,8.087256503337976,8.149325216359433,0.061758762679069434,False,False,59,105
2767,0.0010215456074414808,8.087810133045808,8.087256503337976,8.087810133045808,0.00024367936544500424,True,False,69,51
2768,0.0010204608422434227,8.087810133045808,8.087256503337976,8.094805504753362,0.006995371707553488,False,False,142,111
2769,0.0010193772289425747,8.087810133045808,8.087256503337976,8.087810133045808,0.0,True,False,137,154
2770,0.0010182947663157518,8.087810133045808,8.087256503337976,8.092409562792703,0.0045994297468947565,False,False,80,23
2771,0.0010172134531410708,8.087810133045808,8.087256503337976,8.087810133045808,0.0,True,False,3,227
2772,0.001016133288197943,8.087810133045808,8.087256503337976,8.120589143589278,0.032779010543469767,False,False,41,50
2773,0.0010150542702670783,8.087810133045808,8.087256503337976,8.087810133045808,0.0,True,False,124,42
2774,0.0010139763981304797,8.087810133045808,8.087256503337976,8.104790169897937,0.016980036852128677,False,False,224,88
2775,0.0010128996705714435,8.087810133045808,8.087256503337976,8.09948106841962,0.01167093537381092,False,False,27,145
2776,0.0010118240863745593,8.087810133045808,8.087256503337976,8.087810133045808,0.0,True,False,148,145
2777,0.001010749644325706,8.087810133045808,8.087256503337976,8.123767942034304,0.03595780898849554,False,False,125,50
2778,0.0010096763432120533,8.087810133045808,8.087256503337976,8.087810133045808,0.0,True,False,2,184
2779,0.0010086041818220572,8.087810133045808,8.087256503337976,8.087810133045808,0.0,True,False,237,187
2780,0.0010075331589454602,8.087810133045808,8.087256503337976,inf,inf,False,False,176,62
2781,0.001006463273373292,8.087810133045808,8.087256503337976,8.11456849404956,0.026758361003752285,False,False,148,143
2782,0.0010053945238978634,8.087810133045808,8.087256503337976,8.088285117262151,0.00047498421634273313,False,False,198,175
2783,0.00100432690931277,8.087971364920316,8.087256503337976,8.087971364920316,0.00016123187450745036,True,False,199,223
2784,0.0010032604284128872,8.087971364920316,8.087256503337976,8.096069546675894,0.008098181755578082,False,False,29,180
2785,0.0010021950799943692,8.087971364920316,8.087256503337976,8.136312174886598,0.048340809966282094,False,False,147,59
2786,0.0010011308628546513,8.087971364920316,8.087256503337976,8.087971364920316,0.0,True,False,141,178
2787,0.0010000677757924425,8.087971364920316,8.087256503337976,8.087971364920316,0.0,True,False,157,95
2788,0.0009990058176077307,8.087971364920316,8.087256503337976,8.095639019897959,0.007667654977643323,False,False,180,111
2789,0.0009979449871017757,8.087971364920316,8.087256503337976,8.087971364920316,0.0,True,False,28,137
2790,0.0009968852830771102,8.087971364920316,8.087256503337976,8.087971364920316,0.0,True,False,34,150
2791,0.0009958267043375406,8.087971364920316,8.087256503337976,8.087971364920316,0.0,True,False,232,160
2792,0.000994769249688141,8.087971364920316,8.087256503337976,8.17171988560039,0.08374852068007499,False,False,44,167
2793,0.0009937129179352566,8.087971364920316,8.087256503337976,8.087971364920316,0.0,True,False,88,164
2794,0.0009926577078864986,8.087971364920316,8.087256503337976,8.087971364920316,0.0,True,False,120,95
2795,0.0009916036183507443,8.087874931286537,8.087256503337976,8.087874931286537,-9.643363377875858e-05,True,False,134,2
2796,0.0009905506481381373,8.087874931286537,8.087256503337976,inf,inf,False,False,162,31
2797,0.000989498796060083,8.087874931286537,8.087256503337976,8.087874931286537,0.0,True,False,172,235
2798,0.0009884480609292506,8.087874931286537,8.087256503337976,8.087874931286537,0.0,True,False,89,164
2799,0.0009873984415595689,8.087874931286537,8.087256503337976,inf,inf,False,False,62,188
2800,0.0009863499367662254,8.087874931286537,8.087256503337976,8.087874931286537,0.0,True,False,107,93
2801,0.0009853025453656688,8.088110491531046,8.087256503337976,8.088110491531046,0.00023556024450854807,True,False,128,136
2802,0.0009842562661756009,8.088110491531046,8.087256503337976,8.120725240987712,0.0326147494566662,False,False,168,8
2803,0.000983211098014982,8.088110491531046,8.087256503337976,8.11123037088824,0.023119879357194506,False,False,56,233
2804,0.000982167039704025,8.088110491531046,8.087256503337976,8.088110491531046,0.0,True,False,221,33
2805,0.0009811240900641947,8.088110491531046,8.087256503337976,8.088110491531046,0.0,True,False,103,228
2806,0.0009800822479182102,8.088110491531046,8.087256503337976,8.115419767303667,0.027309275772621433,False,False,22,83
2807,0.0009790415120900376,8.088110491531046,8.087256503337976,8.108834953162157,0.020724461631111524,False,False,135,205
2808,0.0009780018814048944,8.088110491531046,8.087256503337976,8.088110491531046,0.0,True,False,150,103
2809,0.000976963354689244,8.088110491531046,8.087256503337976,8.088110491531046,0.0,True,False,18,165
2810,0.0009759259307707958,8.088110491531046,8.087256503337976,8.092897868455262,0.004787376924216602,False,False,67,42
2811,0.0009748896084785058,8.088110491531046,8.087256503337976,inf,inf,False,False,14,170
2812,0.0009738543866425713,8.088110491531046,8.087256503337976,inf,inf,False,False,47,79
2813,0.0009728202640944339,8.088110491531046,8.087256503337976,8.088110491531046,0.0,True,False,8,117
2814,0.0009717872396667744,8.088110491531046,8.087256503337976,inf,inf,False,False,81,164
2815,0.0009707553121935133,8.088110491531046,8.087256503337976,8.088110491531046,0.0,True,False,98,112
2816,0.0009697244805098112,8.088110491531046,8.087256503337976,8.118651894247858,0.03054140271681227,False,False,43,116
2817,0.0009686947434520636,8.088110491531046,8.087256503337976,8.088110491531046,0.0,True,False,118,48
2818,0.0009676660998579014,8.088110491531046,8.087256503337976,8.089187332175804,0.0010768406447585477,False,False,15,191
2819,0.0009666385485661922,8.088110491531046,8.087256503337976,8.091693708571198,0.0035832170401519647,False,False,26,143
2820,0.0009656120884170337,8.088110491531046,8.087256503337976,8.088110491531046,0.0,True,False,113,221
2821,0.000964586718251758,8.088110491531046,8.087256503337976,8.111617667288455,0.023507175757409016,False,False,167,23
2822,0.0009635624369129257,8.088110491531046,8.087256503337976,8.088110491531046,0.0,True,False,107,118
2823,0.0009625392432443263,8.088110491531046,8.087256503337976,8.088110491531046,0.0,True,False,185,230
2824,0.0009615171360909788,8.088110491531046,8.087256503337976,8.088110491531046,0.0,True,False,33,207
2825,0.0009604961142991269,8.088110491531046,8.087256503337976,inf,inf,False,False,198,62
2826,0.0009594761767162408,8.088110491531046,8.087256503337976,8.097437350036776,0.009326858505730229,False,False,78,67
2827,0.0009584573221910139,8.088110491531046,8.087256503337976,8.120045380266397,0.03193488873535166,False,False,233,49
2828,0.0009574395495733612,8.088110491531046,8.087256503337976,8.088110491531046,0.0,True,False,117,188
2829,0.0009564228577144215,8.088110491531046,8.087256503337976,8.088110491531046,0.0,True,False,102,137
2830,0.0009554072454665503,8.088110491531046,8.087256503337976,8.088110491531046,0.0,True,False,218,85
2831,0.0009543927116833253,8.088110491531046,8.087256503337976,inf,inf,False,False,169,16
2832,0.0009533792552195388,8.088110491531046,8.087256503337976,8.088110491531046,0.0,True,False,3,126
2833,0.0009523668749311997,8.088110491531046,8.087256503337976,8.088110491531046,0.0,True,False,147,190
2834,0.0009513555696755332,8.088110491531046,8.087256503337976,8.131714853560423,0.04360436202937734,False,False,175,108
2835,0.0009503453383109758,8.088110491531046,8.087256503337976,8.088110491531046,0.0,True,False,203,89
2836,0.0009493361796971783,8.088423906444362,8.087256503337976,8.088423906444362,0.00031341491331637883,True,False,146,237
2837,0.0009483280926950013,8.088423906444362,8.087256503337976,inf,inf,False,False,228,79
2838,0.0009473210761665143,8.088423906444362,8.087256503337976,8.088423906444362,0.0,True,False,60,52
2839,0.0009463151289749973,8.088423906444362,8.087256503337976,8.131715733230847,0.04329182678648458,False,False,108,192
2840,0.000945310249984935,8.088423906444362,8.087256503337976,8.10907601172355,0.02065210527918815,False,False,107,154
2841,0.00094430643806202,8.088423906444362,8.087256503337976,inf,inf,False,False,77,176
2842,0.000943303692073148,8.087089984128339,8.087089984128339,8.087089984128339,-0.0013339223160233615,True,True,26,105
2843,0.0009423020108864176,8.087089984128339,8.087089984128339,8.087089984128339,0.0,True,False,150,129
2844,0.0009413013933711314,8.087089984128339,8.087089984128339,8.087089984128339,0.0,True,False,72,103
2845,0.00094030183839779,8.087089984128339,8.087089984128339,8.087089984128339,0.0,True,False,232,61
2846,0.0009393033448380962,8.087089984128339,8.087089984128339,inf,inf,False,False,10,64
2847,0.0009383059115649487,8.087089984128339,8.087089984128339,8.087089984128339,0.0,True,False,1,194
2848,0.0009373095374524432,8.087089984128339,8.087089984128339,8.087089984128339,0.0,True,False,56,239
2849,0.0009363142213758731,8.087089984128339,8.087089984128339,inf,inf,False,False,62,122
2850,0.0009353199622117229,8.087089984128339,8.087089984128339,inf,inf,False,False,6,37
2851,0.0009343267588376736,8.087089984128339,8.087089984128339,inf,inf,False,False,45,0
2852,0.0009333346101325952,8.087089984128339,8.087089984128339,8.087089984128339,0.0,True,False,164,65
2853,0.0009323435149765491,8.087089984128339,8.087089984128339,8.087089984128339,0.0,True,False,213,200
2854,0.0009313534722507871,8.087089984128339,8.087089984128339,8.087089984128339,0.0,True,False,208,184
2855,0.0009303644808377468,8.087089984128339,8.087089984128339,inf,inf,False,False,45,75
2856,0.0009293765396210547,8.087089984128339,8.087089984128339,8.087089984128339,0.0,True,False,202,37
2857,0.0009283896474855216,8.087089984128339,8.087089984128339,8.087089984128339,0.0,True,False,179,227
2858,0.0009274038033171418,8.087089984128339,8.087089984128339,8.099933899395879,0.01284391526754014,False,False,21,223
2859,0.0009264190060030947,8.087089984128339,8.087089984128339,8.09498050345712,0.007890519328780599,False,False,163,190
2860,0.0009254352544317388,8.087089984128339,8.087089984128339,8.087089984128339,0.0,True,False,4,238
2861,0.0009244525474926157,8.087089984128339,8.087089984128339,8.099963918284573,0.012873934156234057,False,False,80,156
2862,0.000923470884076444,8.087089984128339,8.087089984128339,8.087089984128339,0.0,True,False,198,125
2863,0.0009224902630751208,8.087089984128339,8.087089984128339,8.125153130168064,0.03806314603972538,False,False,184,108
2864,0.0009215106833817213,8.087089984128339,8.087089984128339,8.08925765687051,0.0021676727421713338,False,False,74,194
2865,0.0009205321438904935,8.087089984128339,8.087089984128339,8.087089984128339,0.0,True,False,22,200
2866,0.0009195546434968625,8.087089984128339,8.087089984128339,8.087089984128339,0.0,True,False,58,124
2867,0.000918578181097424,8.087089984128339,8.087089984128339,8.095020518439334,0.00793053431099544,False,False,143,30
2868,0.0009176027555899462,8.087089984128339,8.087089984128339,8.087089984128339,0.0,True,False,238,100
2869,0.0009166283658733686,8.087089984128339,8.087089984128339,8.112189443046116,0.02509945891777754,False,False,102,108
2870,0.0009156550108477983,8.087086488044132,8.087086488044132,8.087086488044132,-3.496084206133787e-06,True,True,137,38
2871,0.0009146826894145113,8.087086488044132,8.087086488044132,8.137643160446466,0.05055667240233319,False,False,108,206
2872,0.0009137114004759507,8.087086488044132,8.087086488044132,8.087086488044132,0.0,True,False,112,152
2873,0.0009127411429357239,8.087086488044132,8.087086488044132,8.087086488044132,0.0,True,False,21,211
2874,0.0009117719156986042,8.087086488044132,8.087086488044132,8.087086488044132,0.0,True,False,235,3
2875,0.0009108037176705262,8.087086488044132,8.087086488044132,8.087315545333425,0.00022905728929245583,False,False,42,14
2876,0.0009098365477585867,8.087086488044132,8.087086488044132,8.087086488044132,0.0,True,False,218,36
2877,0.0009088704048710442,8.087086488044132,8.087086488044132,8.100697968271797,0.013611480227664785,False,False,64,75
2878,0.0009079052879173149,8.087086488044132,8.087086488044132,inf,inf,False,False,79,132
2879,0.0009069411958079746,8.087086488044132,8.087086488044132,8.087086488044132,0.0,True,False,139,147
2880,0.0009059781274547549,8.087086488044132,8.087086488044132,8.087086488044132,0.0,True,False,24,164
2881,0.0009050160817705424,8.087086488044132,8.087086488044132,8.087086488044132,0.0,True,False,89,31
2882,0.0009040550576693804,8.087086488044132,8.087086488044132,8.087086488044132,0.0,True,False,40,0
2883,0.0009030950540664625,8.087089984128339,8.087086488044132,8.087089984128339,3.496084206133787e-06,True,False,120,98
2884,0.0009021360698781372,8.087089984128339,8.087086488044132,8.166757247369263,0.07966726324092477,False,False,76,123
2885,0.0009011781040219014,8.087089984128339,8.087086488044132,8.087089984128339,0.0,True,False,105,199
2886,0.0009002211554164017,8.087089984128339,8.087086488044132,8.118190491696806,0.031100507568467606,False,False,188,135
2887,0.0008992652229814349,8.087089984128339,8.087086488044132,8.087089984128339,0.0,True,False,95,214
2888,0.0008983103056379421,8.087089984128339,8.087086488044132,8.13959565339376,0.05250566926542177,False,False,142,136
2889,0.0008973564023080129,8.087089984128339,8.087086488044132,8.087089984128339,0.0,True,False,221,174
2890,0.00089640351191488,8.087089984128339,8.087086488044132,8.09806899300363,0.010979008875290575,False,False,19,163
2891,0.0008954516333829188,8.087089984128339,8.087086488044132,8.087089984128339,0.0,True,False,199,184
2892,0.0008945007656376492,8.08717518059595,8.087086488044132,8.08717518059595,8.519646761229183e-05,True,False,32,185
2893,0.0008935509076057295,8.08717518059595,8.087086488044132,8.08717518059595,0.0,True,False,134,235
2894,0.0008926020582149602,8.08717518059595,8.087086488044132,8.087406176262732,0.00023099566678119743,False,False,7,155
2895,0.0008916542163942787,8.08717518059595,8.087086488044132,8.127503265071208,0.0403280844752576,False,False,93,153
2896,0.0008907073810737597,8.08717518059595,8.087086488044132,8.08717518059595,0.0,True,False,78,121
2897,0.0008897615511846154,8.08717518059595,8.087086488044132,8.08717518059595,0.0,True,False,77,0
2898,0.0008888167256591911,8.08717518059595,8.087086488044132,8.08717518059595,0.0,True,False,225,3
2899,0.000887872903430968,8.08717518059595,8.087086488044132,8.08717518059595,0.0,True,False,185,164
2900,0.000886930083434558,8.087155120144212,8.087086488044132,8.087155120144212,-2.0060451738856955e-05,True,False,201,65
2901,0.0008859882646057045,8.087155120144212,8.087086488044132,8.087155120144212,0.0,True,False,109,124
2902,0.0008850474458812823,8.087155120144212,8.087086488044132,8.090621912042616,0.0034667918984041535,False,False,139,16
2903,0.0008841076261992936,8.087155120144212,8.087086488044132,8.087155120144212,0.0,True,False,92,20
2904,0.0008831688044988698,8.087155120144212,8.087086488044132,inf,inf,False,False,170,40
2905,0.0008822309797202676,8.087155120144212,8.087086488044132,8.087155120144212,0.0,True,False,197,147
2906,0.0008812941508048688,8.087155120144212,8.087086488044132,8.090635042857285,0.003479922713072625,False,False,187,236
2907,0.0008803583166951814,8.087155120144212,8.087086488044132,8.087155120144212,0.0,True,False,165,42
2908,0.0008794234763348335,8.087155120144212,8.087086488044132,8.087155120144212,0.0,True,False,206,23
2909,0.0008784896286685775,8.087155120144212,8.087086488044132,8.087155120144212,0.0,True,False,238,97
2910,0.0008775567726422849,8.087155120144212,8.087086488044132,8.087155120144212,0.0,True,False,110,37
2911,0.0008766249072029462,8.087155120144212,8.087086488044132,8.10435211881881,0.017196998674597452,False,False,115,66
2912,0.0008756940312986718,8.087155120144212,8.087086488044132,inf,inf,False,False,57,170
2913,0.0008747641438786871,8.087146907917077,8.087086488044132,8.087146907917077,-8.212227134762884e-06,True,False,69,128
2914,0.0008738352438933353,8.087146907917077,8.087086488044132,inf,inf,False,False,195,81
2915,0.0008729073302940726,8.087146907917077,8.087086488044132,8.087146907917077,0.0,True,False,145,178
2916,0.0008719804020334688,8.087166968368814,8.087086488044132,8.087166968368814,2.0060451737080598e-05,True,False,46,112
2917,0.0008710544580652072,8.087166968368814,8.087086488044132,8.120410507025934,0.03324353865711949,False,False,192,57
2918,0.0008701294973440804,8.087166968368814,8.087086488044132,inf,inf,False,False,81,177
2919,0.000869205518825993,8.087166968368814,8.087086488044132,8.087166968368814,0.0,True,False,207,77
2920,0.0008682825214679562,8.087166968368814,8.087086488044132,8.087166968368814,0.0,True,False,178,216
2921,0.0008673605042280898,8.087166968368814,8.087086488044132,inf,inf,False,False,226,159
2922,0.0008664394660656202,8.087166968368814,8.087086488044132,inf,inf,False,False,16,21
2923,0.0008655194059408781,8.087166968368814,8.087086488044132,8.087166968368814,0.0,True,False,20,9
2924,0.0008646003228152993,8.087166968368814,8.087086488044132,8.087166968368814,0.0,True,False,27,56
2925,0.0008636822156514218,8.087166968368814,8.087086488044132,8.087166968368814,0.0,True,False,24,195
2926,0.0008627650834128844,8.087166968368814,8.087086488044132,8.10176311122549,0.014596142856674987,False,False,66,138
2927,0.0008618489250644285,8.087166968368814,8.087086488044132,8.087166968368814,0.0,True,False,119,212
2928,0.0008609337395718932,8.087166968368814,8.087086488044132,8.087166968368814,0.0,True,False,125,151
2929,0.0008600195259022157,8.087166968368814,8.087086488044132,8.087166968368814,0.0,True,False,119,68
2930,0.0008591062830234315,8.087166968368814,8.087086488044132,inf,inf,False,False,155,96
2931,0.0008581940099046706,8.087166968368814,8.087086488044132,8.087166968368814,0.0,True,False,126,121
2932,0.0008572827055161586,8.087166968368814,8.087086488044132,8.087166968368814,0.0,True,False,55,87
2933,0.0008563723688292142,8.087166968368814,8.087086488044132,8.088392482991365,0.0012255146225506053,False,False,143,63
2934,0.0008554629988162477,8.087166968368814,8.087086488044132,8.087166968368814,0.0,True,False,239,157
2935,0.0008545545944507624,8.087166968368814,8.087086488044132,8.087166968368814,0.0,True,False,214,42
2936,0.0008536471547073495,8.086634250880614,8.086634250880614,8.086634250880614,-0.0005327174882001628,True,True,208,215
2937,0.000852740678561691,8.086634250880614,8.086634250880614,8.086634250880614,0.0,True,False,106,210
2938,0.0008518351649905556,8.086634250880614,8.086634250880614,8.088082274562996,0.0014480236823821713,False,False,17,208
2939,0.000850930612971798,8.086634250880614,8.086634250880614,8.086634250880614,0.0,True,False,97,216
2940,0.0008500270214843598,8.086634250880614,8.086634250880614,8.086634250880614,0.0,True,False,210,17
2941,0.0008491243895082652,8.086634250880614,8.086634250880614,8.195961242752789,0.10932699187217487,False,False,72,207
2942,0.0008482227160246233,8.086394442018173,8.086394442018173,8.086394442018173,-0.00023980886244068245,True,True,229,136
2943,0.0008473220000156236,8.086394442018173,8.086394442018173,8.086394442018173,0.0,True,False,184,228
2944,0.0008464222404645367,8.086394442018173,8.086394442018173,8.086394442018173,0.0,True,False,147,199
2945,0.000845523436355714,8.086394442018173,8.086394442018173,inf,inf,False,False,26,166
2946,0.0008446255866745836,8.08635705783046,8.08635705783046,8.08635705783046,-3.738418771348506e-05,True,True,236,239
2947,0.0008437286904076526,8.085565741686475,8.085565741686475,8.085565741686475,-0.000791316143985199,True,True,205,51
2948,0.0008428327465425034,8.085565741686475,8.085565741686475,8.085565741686475,0.0,True,False,222,109
2949,0.0008419377540677932,8.085565741686475,8.085565741686475,8.085565741686475,0.0,True,False,110,14
2950,0.0008410437119732544,8.085565741686475,8.085565741686475,8.085565741686475,0.0,True,False,218,198
2951,0.0008401506192496905,8.085565741686475,8.085565741686475,8.085565741686475,0.0,True,False,238,67
2952,0.0008392584748889787,8.085565741686475,8.085565741686475,8.085565741686475,0.0,True,False,94,58
2953,0.0008383672778840647,8.085565741686475,8.085565741686475,8.085565741686475,0.0,True,False,42,77
2954,0.0008374770272289643,8.085565741686475,8.085565741686475,8.085565741686475,0.0,True,False,117,212
2955,0.0008365877219187625,8.085565741686475,8.085565741686475,8.243641427754405,0.15807568606792977,False,False,167,182
2956,0.0008356993609496096,8.085565741686475,8.085565741686475,inf,inf,False,False,89,161
2957,0.0008348119433187238,8.085565741686475,8.085565741686475,8.085565741686475,0.0,True,False,220,34
2958,0.0008339254680243867,8.085565741686475,8.085565741686475,8.090124399229547,0.004558657543071831,False,False,66,203
2959,0.000833039934065944,8.085565741686475,8.085565741686475,8.085565741686475,0.0,True,False,119,189
2960,0.0008321553404438046,8.085565741686475,8.085565741686475,8.085565741686475,0.0,True,False,77,203
2961,0.0008312716861594375,8.085565741686475,8.085565741686475,8.129538881044468,0.04397313935799296,False,False,227,82
2962,0.0008303889702153738,8.085565741686475,8.085565741686475,8.085565741686475,0.0,True,False,151,165
2963,0.0008295071916152026,8.085565741686475,8.085565741686475,8.085565741686475,0.0,True,False,37,120
2964,0.0008286263493635706,8.085565741686475,8.085565741686475,inf,inf,False,False,158,237
2965,0.0008277464424661833,8.085565741686475,8.085565741686475,8.085565741686475,0.0,True,False,236,230
2966,0.0008268674699297998,8.085565741686475,8.085565741686475,8.085565741686475,0.0,True,False,165,43
2967,0.0008259894307622364,8.086476078824603,8.085565741686475,8.086476078824603,0.0009103371381282699,True,False,92,138
2968,0.0008251123239723606,8.086476078824603,8.085565741686475,8.086476078824603,0.0,True,False,70,137
2969,0.0008242361485700932,8.086476078824603,8.085565741686475,inf,inf,False,False,78,158
2970,0.0008233609035664077,8.086476078824603,8.085565741686475,inf,inf,False,False,42,80
2971,0.0008224865879733252,8.086476078824603,8.085565741686475,8.090463486973375,0.003987408148772076,False,False,129,144
2972,0.0008216132008039186,8.086476078824603,8.085565741686475,8.086476078824603,0.0,True,False,17,220
2973,0.0008207407410723073,8.086476078824603,8.085565741686475,8.090820432314253,0.004344353489649677,False,False,99,51
2974,0.0008198692077936573,8.086476078824603,8.085565741686475,8.086476078824603,0.0,True,False,57,154
2975,0.0008189985999841817,8.086476078824603,8.085565741686475,8.086476078824603,0.0,True,False,125,225
2976,0.0008181289166611369,8.086476078824603,8.085565741686475,inf,inf,False,False,208,15
2977,0.0008172601568428243,8.086476078824603,8.085565741686475,8.10045238938966,0.013976310565057659,False,False,158,144
2978,0.0008163923195485865,8.086476078824603,8.085565741686475,8.119050586668502,0.032574507843898814,False,False,203,82
2979,0.0008155254037988074,8.086476078824603,8.085565741686475,8.086476078824603,0.0,True,False,12,194
2980,0.0008146594086149128,8.086476078824603,8.085565741686475,8.086476078824603,0.0,True,False,209,96
2981,0.0008137943330193652,8.086476078824603,8.085565741686475,8.086476078824603,0.0,True,False,154,63
2982,0.0008129301760356675,8.086476078824603,8.085565741686475,8.086476078824603,0.0,True,False,110,220
2983,0.0008120669366883579,8.086221555192992,8.085565741686475,8.086221555192992,-0.0002545236316109367,True,False,103,156
2984,0.0008112046140030108,8.086221555192992,8.085565741686475,8.10446264299628,0.018241087803287925,False,False,139,158
2985,0.000810343207006236,8.086221555192992,8.085565741686475,8.086221555192992,0.0,True,False,44,42
2986,0.0008094827147256764,8.086221555192992,8.085565741686475,8.086221555192992,0.0,True,False,225,201
2987,0.0008086231361900065,8.086221555192992,8.085565741686475,inf,inf,False,False,7,63
2988,0.0008077644704289346,8.086221555192992,8.085565741686475,8.086221555192992,0.0,True,False,113,235
2989,0.0008069067164731968,8.086221555192992,8.085565741686475,8.086221555192992,0.0,True,False,120,96
2990,0.0008060498733545605,8.086221555192992,8.085565741686475,8.109817921810533,0.023596366617541165,False,False,157,208
2991,0.0008051939401058199,8.086221555192992,8.085565741686475,8.086221555192992,0.0,True,False,239,115
2992,0.0008043389157607961,8.086221555192992,8.085565741686475,8.090416255234839,0.004194700041846744,False,False,116,37
2993,0.000803484799354338,8.086221555192992,8.085565741686475,8.086221555192992,0.0,True,False,76,199
2994,0.000802631589922317,8.086221555192992,8.085565741686475,8.086221555192992,0.0,True,False,125,61
2995,0.0008017792865016305,8.08743937450015,8.085565741686475,8.08743937450015,0.001217819307157697,True,False,193,235
2996,0.0008009278881301969,8.08743937450015,8.085565741686475,inf,inf,False,False,163,68
2997,0.0008000773938469566,8.08743937450015,8.085565741686475,inf,inf,False,False,52,173
2998,0.0007992278026918716,8.08743937450015,8.085565741686475,inf,inf,False,False,219,96
2999,0.000798379113705922,8.08743937450015,8.085565741686475,8.08743937450015,0.0,True,False,93,231
3000,0.0007975313259311072,8.08743937450015,8.085565741686475,8.08743937450015,0.0,True,False,76,164
3001,0.0007966844384104433,8.08743937450015,8.085565741686475,8.08743937450015,0.0,True,False,1,28
3002,0.0007958384501879625,8.08743937450015,8.085565741686475,8.08743937450015,0.0,True,False,135,1
3003,0.0007949933603087133,8.08743937450015,8.085565741686475,8.08743937450015,0.0,True,False,148,68
3004,0.0007941491678187564,8.08743937450015,8.085565741686475,inf,inf,False,False,35,74
3005,0.0007933058717651674,8.08743937450015,8.085565741686475,8.08743937450015,0.0,True,False,55,69
3006,0.0007924634711960326,8.08743937450015,8.085565741686475,8.08743937450015,0.0,True,False,18,160
3007,0.0007916219651604487,8.08743937450015,8.085565741686475,8.08743937450015,0.0,True,False,227,215
3008,0.0007907813527085239,8.08743937450015,8.085565741686475,8.08743937450015,0.0,True,False,68,227
3009,0.0007899416328913733,8.08743937450015,8.085565741686475,8.08743937450015,0.0,True,False,91,220
3010,0.0007891028047611209,8.087425599475718,8.085565741686475,8.087425599475718,-1.3775024431339489e-05,True,False,232,159
3011,0.0007882648673708964,8.087425599475718,8.085565741686475,inf,inf,False,False,128,108
3012,0.0007874278197748348,8.087425599475718,8.085565741686475,inf,inf,False,False,136,79
3013,0.0007865916610280767,8.087425599475718,8.085565741686475,inf,inf,False,False,170,15
3014,0.0007857563901867644,8.087425599475718,8.085565741686475,8.087425599475718,0.0,True,False,78,11
3015,0.0007849220063080445,8.085297443030429,8.085297443030429,8.085297443030429,-0.0021281564452895196,True,True,91,96
3016,0.0007840885084500631,8.085297443030429,8.085297443030429,inf,inf,False,False,62,37
3017,0.0007832558956719665,8.085297443030429,8.085297443030429,8.085297443030429,0.0,True,False,212,185
3018,0.0007824241670339013,8.085297443030429,8.085297443030429,8.085297443030429,0.0,True,False,78,169
3019,0.0007815933215970108,8.085297443030429,8.085297443030429,8.17010426430893,0.08480682127850159,False,False,82,148
3020,0.0007807633584234364,8.085297443030429,8.085297443030429,8.085297443030429,0.0,True,False,118,113
3021,0.0007799342765763148,8.085297443030429,8.085297443030429,8.192455448537823,0.10715800550739374,False,False,93,230
3022,0.0007791060751197768,8.085297443030429,8.085297443030429,8.085297443030429,0.0,True,False,61,215
3023,0.0007782787531189489,8.08555196666204,8.085297443030429,8.08555196666204,0.0002545236316109367,True,False,31,156
3024,0.0007774523096399481,8.08555196666204,8.085297443030429,inf,inf,False,False,70,50
3025,0.0007766267437498852,8.08555196666204,8.085297443030429,8.091754290272766,0.006202323610725813,False,False,83,207
3026,0.0007758020545168601,8.08555196666204,8.085297443030429,inf,inf,False,False,74,84
3027,0.0007749782410099626,8.08555196666204,8.085297443030429,8.08555196666204,0.0,True,False,39,33
3028,0.0007741553022992717,8.08555196666204,8.085297443030429,8.10455472186484,0.01900275520280026,False,False,181,67
3029,0.0007733332374558527,8.08555196666204,8.085297443030429,8.08555196666204,0.0,True,False,230,136
3030,0.0007725120455517587,8.08555196666204,8.085297443030429,8.135869176223244,0.05031720956120367,False,False,26,52
3031,0.0007716917256600272,8.08555196666204,8.085297443030429,inf,inf,False,False,45,169
3032,0.0007708722768546798,8.08555196666204,8.085297443030429,8.08555196666204,0.0,True,False,78,96
3033,0.0007700536982107229,8.08555196666204,8.085297443030429,8.08555196666204,0.0,True,False,190,149
3034,0.0007692359888041429,8.08555196666204,8.085297443030429,8.08555196666204,0.0,True,False,134,67
3035,0.0007684191477119098,8.08555196666204,8.085297443030429,8.08555196666204,0.0,True,False,171,129
3036,0.0007676031740119719,8.08555196666204,8.085297443030429,8.08555196666204,0.0,True,False,100,11
3037,0.000766788066783257,8.08555196666204,8.085297443030429,8.11280875920693,0.027256792544889663,False,False,125,102
3038,0.000765973825105672,8.08555196666204,8.085297443030429,8.08555196666204,0.0,True,False,197,193
3039,0.0007651604480600995,8.08555196666204,8.085297443030429,8.08555196666204,0.0,True,False,23,55
3040,0.0007643479347283991,8.08555196666204,8.085297443030429,8.13347559547372,0.047923628811680885,False,False,70,51
3041,0.000763536284193405,8.08555196666204,8.085297443030429,8.08555196666204,0.0,True,False,189,134
3042,0.0007627254955389245,8.08555196666204,8.085297443030429,8.122282590765401,0.036730624103361365,False,False,93,135
3043,0.0007619155678497394,8.08555196666204,8.085297443030429,8.08555196666204,0.0,True,False,32,4
3044,0.0007611065002116023,8.08555196666204,8.085297443030429,8.08555196666204,0.0,True,False,53,204
3045,0.0007602982917112363,8.08555196666204,8.085297443030429,8.08555196666204,0.0,True,False,157,36
3046,0.0007594909414363357,8.08555196666204,8.085297443030429,8.08555196666204,0.0,True,False,21,191
3047,0.0007586844484755621,8.08555196666204,8.085297443030429,inf,inf,False,False,122,223
3048,0.0007578788119185459,8.08555196666204,8.085297443030429,8.08555196666204,0.0,True,False,99,159
3049,0.0007570740308558835,8.08555196666204,8.085297443030429,inf,inf,False,False,180,195
3050,0.000756270104379137,8.08555196666204,8.085297443030429,inf,inf,False,False,161,216
3051,0.000755467031580834,8.08555196666204,8.085297443030429,inf,inf,False,False,7,14
3052,0.0007546648115544642,8.08555196666204,8.085297443030429,8.08555196666204,0.0,True,False,128,19
3053,0.000753863443394482,8.08555196666204,8.085297443030429,8.143158005699101,0.05760603903706141,False,False,167,181
3054,0.0007530629261963016,8.08555196666204,8.085297443030429,8.08555196666204,0.0,True,False,204,12
3055,0.0007522632590562981,8.08555196666204,8.085297443030429,8.08555196666204,0.0,True,False,206,27
3056,0.0007514644410718071,8.08555196666204,8.085297443030429,inf,inf,False,False,127,182
3057,0.0007506664713411214,8.08555196666204,8.085297443030429,inf,inf,False,False,127,63
3058,0.0007498693489634928,8.08555196666204,8.085297443030429,8.08555196666204,0.0,True,False,216,76
3059,0.0007490730730391283,8.08555196666204,8.085297443030429,inf,inf,False,False,166,140
3060,0.0007482776426691903,8.08555196666204,8.085297443030429,inf,inf,False,False,127,77
3061,0.0007474830569557972,8.08555196666204,8.085297443030429,inf,inf,False,False,223,183
3062,0.0007466893150020191,8.08555196666204,8.085297443030429,8.08555196666204,0.0,True,False,40,20
3063,0.0007458964159118799,8.08555196666204,8.085297443030429,8.08555196666204,0.0,True,False,156,84
3064,0.0007451043587903541,8.08555196666204,8.085297443030429,8.089141931560812,0.00358996489877228,False,False,179,233
3065,0.0007443131427433663,8.08555196666204,8.085297443030429,8.08555196666204,0.0,True,False,97,87
3066,0.0007435227668777921,8.08555196666204,8.085297443030429,8.092389992571743,0.0068380259097029494,False,False,234,110
3067,0.0007427332303014533,8.08555196666204,8.085297443030429,inf,inf,False,False,193,162
3068,0.0007419445321231213,8.08555196666204,8.085297443030429,8.10815381712985,0.022601850467809825,False,False,17,142
3069,0.0007411566714525122,8.08555196666204,8.085297443030429,8.08555196666204,0.0,True,False,148,16
3070,0.0007403696474002877,8.08555196666204,8.085297443030429,8.091805146662038,0.006253179999998082,False,False,181,46
3071,0.0007395834590780553,8.08555196666204,8.085297443030429,inf,inf,False,False,217,167
3072,0.000738798105598364,8.08555196666204,8.085297443030429,inf,inf,False,False,219,119
3073,0.0007380135860747065,8.08555196666204,8.085297443030429,8.085953233307984,0.0004012666459445313,False,False,220,175
3074,0.0007372298996215163,8.08555196666204,8.085297443030429,8.08555196666204,0.0,True,False,99,184
3075,0.0007364470453541668,8.08555196666204,8.085297443030429,8.08555196666204,0.0,True,False,99,88
3076,0.0007356650223889723,8.08555196666204,8.085297443030429,8.08555196666204,0.0,True,False,215,110
3077,0.0007348838298431836,8.08555196666204,8.085297443030429,8.08555196666204,0.0,True,False,14,29
3078,0.0007341034668349904,8.08555196666204,8.085297443030429,inf,inf,False,False,7,56
3079,0.0007333239324835182,8.08555196666204,8.085297443030429,inf,inf,False,False,167,157
3080,0.0007325452259088269,8.08555196666204,8.085297443030429,inf,inf,False,False,175,67
3081,0.000731767346231913,8.08555196666204,8.085297443030429,inf,inf,False,False,62,182
3082,0.000730990292574704,8.08555196666204,8.085297443030429,inf,inf,False,False,161,239
3083,0.0007302140640600621,8.08555196666204,8.085297443030429,8.08555196666204,0.0,True,False,169,114
3084,0.0007294386598117792,8.08555196666204,8.085297443030429,8.08555196666204,0.0,True,False,22,92
3085,0.0007286640789545779,8.08555196666204,8.085297443030429,8.08555196666204,0.0,True,False,150,4
3086,0.0007278903206141111,8.08555196666204,8.085297443030429,inf,inf,False,False,156,180
3087,0.0007271173839169592,8.08555196666204,8.085297443030429,inf,inf,False,False,7,21
3088,0.0007263452679906311,8.08555196666204,8.085297443030429,8.08555196666204,0.0,True,False,132,19
3089,0.0007255739719635611,8.08555196666204,8.085297443030429,8.08555196666204,0.0,True,False,125,226
3090,0.0007248034949651093,8.08555196666204,8.085297443030429,8.102423620037666,0.016871653375625684,False,False,3,133
3091,0.0007240338361255612,8.08555196666204,8.085297443030429,inf,inf,False,False,155,96
3092,0.0007232649945761241,8.08555196666204,8.085297443030429,8.167481893034367,0.08192992637232699,False,False,70,131
3093,0.00072249696944893,8.08555196666204,8.085297443030429,8.08555196666204,0.0,True,False,13,92
3094,0.0007217297598770309,8.08555196666204,8.085297443030429,8.08555196666204,0.0,True,False,54,145
3095,0.0007209633649943995,8.08555196666204,8.085297443030429,inf,inf,False,False,218,7
3096,0.0007201977839359292,8.08555196666204,8.085297443030429,inf,inf,False,False,155,71
3097,0.000719433015837431,8.08555196666204,8.085297443030429,8.089723411522384,0.004171444860343598,False,False,61,116
3098,0.0007186690598356335,8.085987868011372,8.085297443030429,8.085987868011372,0.00043590134933246816,True,False,1,180
3099,0.0007179059150681832,8.085987868011372,8.085297443030429,8.085987868011372,0.0,True,False,110,107
3100,0.0007171435806736407,8.085987868011372,8.085297443030429,8.089987883759933,0.004000015748561125,False,False,143,44
3101,0.0007163820557914832,8.085987868011372,8.085297443030429,8.085987868011372,0.0,True,False,14,202
3102,0.0007156213395621001,8.085987868011372,8.085297443030429,8.085987868011372,0.0,True,False,193,68
3103,0.0007148614311267936,8.085987868011372,8.085297443030429,8.085987868011372,0.0,True,False,225,59
3104,0.0007141023296277793,8.086069082088658,8.085297443030429,8.086069082088658,8.121407728545194e-05,True,False,20,208
3105,0.0007133440342081817,8.086069082088658,8.085297443030429,8.086069082088658,0.0,True,False,197,74
3106,0.0007125865440120373,8.086069082088658,8.085297443030429,8.10602410495471,0.019955022866051664,False,False,125,91
3107,0.0007118298581842898,8.086069082088658,8.085297443030429,8.086069082088658,0.0,True,False,96,38
3108,0.0007110739758707912,8.086069082088658,8.085297443030429,8.103221352646683,0.01715227055802515,False,False,19,158
3109,0.0007103188962183013,8.086069082088658,8.085297443030429,8.136528469766684,0.0504593876780266,False,False,177,48
3110,0.000709564618374485,8.086069082088658,8.085297443030429,8.11584803131333,0.029778949224672502,False,False,93,103
3111,0.0007088111414879133,8.086069082088658,8.085297443030429,8.086069082088658,0.0,True,False,18,210
3112,0.0007080584647080605,8.086069082088658,8.085297443030429,8.086069082088658,0.0,True,False,88,49
3113,0.0007073065871853038,8.086069082088658,8.085297443030429,8.086069082088658,0.0,True,False,48,123
3114,0.000706555508070924,8.086069082088658,8.085297443030429,8.086069082088658,0.0,True,False,12,124
3115,0.0007058052265171012,8.086069082088658,8.085297443030429,8.086069082088658,0.0,True,False,212,2
3116,0.0007050557416769179,8.086069082088658,8.085297443030429,8.086069082088658,0.0,True,False,204,39
3117,0.0007043070527043545,8.086069082088658,8.085297443030429,inf,inf,False,False,123,62
3118,0.0007035591587542895,8.086069082088658,8.085297443030429,inf,inf,False,False,87,6
3119,0.0007028120589825004,8.086069082088658,8.085297443030429,8.086069082088658,0.0,True,False,74,185
3120,0.0007020657525456594,8.086069082088658,8.085297443030429,8.098290161217825,0.012221079129167478,False,False,36,212
3121,0.0007013202386013362,8.086069082088658,8.085297443030429,inf,inf,False,False,45,84
3122,0.0007005755163079929,8.086069082088658,8.085297443030429,8.086069082088658,0.0,True,False,198,139
3123,0.0006998315848249863,8.086069082088658,8.085297443030429,8.086069082088658,0.0,True,False,145,53
3124,0.0006990884433125665,8.086069082088658,8.085297443030429,8.086069082088658,0.0,True,False,44,85
3125,0.0006983460909318738,8.086069082088658,8.085297443030429,8.129493571619847,0.043424489531188826,False,False,20,131
3126,0.0006976045268449407,8.086069082088658,8.085297443030429,8.086069082088658,0.0,True,False,74,147
3127,0.0006968637502146888,8.086069082088658,8.085297443030429,8.086069082088658,0.0,True,False,110,174
3128,0.0006961237602049282,8.086069082088658,8.085297443030429,inf,inf,False,False,127,46
3129,0.0006953845559803583,8.086069082088658,8.085297443030429,8.086069082088658,0.0,True,False,63,124
3130,0.0006946461367065639,8.086069082088658,8.085297443030429,8.086069082088658,0.0,True,False,138,235
3131,0.000693908501550017,8.086069082088658,8.085297443030429,8.086069082088658,0.0,True,False,31,59
3132,0.0006931716496780744,8.086069082088658,8.085297443030429,8.086069082088658,0.0,True,False,41,44
3133,0.0006924355802589763,8.086069082088658,8.085297443030429,8.150505749197034,0.06443666710837626,False,False,154,142
3134,0.0006917002924618477,8.086069082088658,8.085297443030429,8.093057216309768,0.0069881342211104425,False,False,91,224
3135,0.0006909657854566941,8.086069082088658,8.085297443030429,8.139079177032865,0.05301009494420761,False,False,82,236
3136,0.0006902320584144044,8.086069082088658,8.085297443030429,8.106702498292963,0.020633416204304922,False,False,98,158
3137,0.000689499110506746,8.086069082088658,8.085297443030429,8.098441489606357,0.012372407517698747,False,False,223,224
3138,0.0006887669409063662,8.086069082088658,8.085297443030429,8.086069082088658,0.0,True,False,238,66
3139,0.0006880355487867923,8.086069082088658,8.085297443030429,8.086069082088658,0.0,True,False,15,22
3140,0.0006873049333224271,8.086069082088658,8.085297443030429,8.086069082088658,0.0,True,False,70,24
3141,0.0006865750936885521,8.086069082088658,8.085297443030429,8.086069082088658,0.0,True,False,165,46
3142,0.0006858460290613231,8.086069082088658,8.085297443030429,8.086069082088658,0.0,True,False,184,156
3143,0.0006851177386177707,8.086069082088658,8.085297443030429,8.086069082088658,0.0,True,False,185,65
3144,0.0006843902215358011,8.085969615475886,8.085297443030429,8.085969615475886,-9.946661277204782e-05,True,False,199,153
3145,0.0006836634769941912,8.085969615475886,8.085297443030429,8.085969615475886,0.0,True,False,15,164
3146,0.0006829375041725919,8.085969615475886,8.085297443030429,8.085969615475886,0.0,True,False,175,228
3147,0.000682212302251524,8.085969615475886,8.085297443030429,8.103413899114008,0.017444283638122116,False,False,105,70
3148,0.0006814878704123784,8.086252783428518,8.085297443030429,8.086252783428518,0.00028316795263272354,True,False,205,190
3149,0.0006807642078374166,8.086252783428518,8.085297443030429,8.086252783428518,0.0,True,False,114,111
3150,0.0006800413137097668,8.086252783428518,8.085297443030429,8.086252783428518,0.0,True,False,225,47
3151,0.000679319187213426,8.086352250041289,8.085297443030429,8.086352250041289,9.946661277027147e-05,True,False,145,28
3152,0.0006785978275332568,8.086352250041289,8.085297443030429,8.086352250041289,0.0,True,False,29,192
3153,0.0006778772338549875,8.086352250041289,8.085297443030429,inf,inf,False,False,161,119
3154,0.0006771574053652116,8.086352250041289,8.085297443030429,8.086352250041289,0.0,True,False,195,89
3155,0.0006764383412513859,8.086352250041289,8.085297443030429,8.133256397324505,0.046904147283216346,False,False,83,13
3156,0.0006757200407018297,8.086352250041289,8.085297443030429,8.086352250041289,0.0,True,False,96,68
3157,0.0006750025029057253,8.086352250041289,8.085297443030429,8.086352250041289,0.0,True,False,149,19
3158,0.0006742857270531145,8.086352250041289,8.085297443030429,8.124063018695132,0.037710768653843374,False,False,234,58
3159,0.0006735697123349011,8.086352250041289,8.085297443030429,inf,inf,False,False,71,72
3160,0.0006728544579428463,8.086352250041289,8.085297443030429,8.086352250041289,0.0,True,False,100,42
3161,0.0006721399630695698,8.086352250041289,8.085297443030429,8.111291597203445,0.024939347162156622,False,False,79,229
3162,0.00067142622690855,8.086352250041289,8.085297443030429,8.08665117061329,0.00029892057200164857,False,False,38,176
3163,0.00067071324865412,8.086352250041289,8.085297443030429,8.086352250041289,0.0,True,False,220,8
3164,0.0006700010275014703,8.086352250041289,8.085297443030429,8.089656469764593,0.0033042197233044135,False,False,144,134
3165,0.000669289562646644,8.086352250041289,8.085297443030429,inf,inf,False,False,59,173
3166,0.0006685788532865389,8.086352250041289,8.085297443030429,8.086352250041289,0.0,True,False,153,77
3167,0.0006678688986189062,8.086352250041289,8.085297443030429,8.086352250041289,0.0,True,False,90,11
3168,0.0006671596978423476,8.086352250041289,8.085297443030429,8.086352250041289,0.0,True,False,47,8
3169,0.0006664512501563173,8.086352250041289,8.085297443030429,8.132365397273318,0.04601314723202954,False,False,152,80
3170,0.0006657435547611187,8.086352250041289,8.085297443030429,8.086352250041289,0.0,True,False,121,15
3171,0.0006650366108579037,8.086352250041289,8.085297443030429,8.172807193693297,0.0864549436520079,False,False,157,64
3172,0.0006643304176486745,8.086352250041289,8.085297443030429,8.086352250041289,0.0,True,False,159,34
3173,0.0006636249743362786,8.086352250041289,8.085297443030429,8.10384759892551,0.01749534888422133,False,False,50,122
3174,0.0006629202801244116,8.086352250041289,8.085297443030429,8.086352250041289,0.0,True,False,136,156
3175,0.0006622163342176137,8.086352250041289,8.085297443030429,8.12089086587698,0.03453861583569129,False,False,89,35
3176,0.0006615131358212696,8.086352250041289,8.085297443030429,inf,inf,False,False,232,11
3177,0.0006608106841416091,8.086352250041289,8.085297443030429,inf,inf,False,False,77,6
3178,0.000660108978385703,8.086352250041289,8.085297443030429,8.086352250041289,0.0,True,False,42,100
3179,0.0006594080177614665,8.086352250041289,8.085297443030429,8.086352250041289,0.0,True,False,207,222
3180,0.0006587078014776536,8.086352250041289,8.085297443030429,8.123690177194403,0.037337927153114236,False,False,1,85
3181,0.0006580083287438592,8.086352250041289,8.085297443030429,8.086352250041289,0.0,True,False,136,103
3182,0.0006573095987705188,8.086352250041289,8.085297443030429,8.086352250041289,0.0,True,False,220,203
3183,0.0006566116107689043,8.086352250041289,8.085297443030429,8.086352250041289,0.0,True,False,201,229
3184,0.000655914363951127,8.086352250041289,8.085297443030429,inf,inf,False,False,197,173
3185,0.0006552178575301337,8.086352250041289,8.085297443030429,8.12091152751958,0.034559277478290795,False,False,233,177
3186,0.0006545220907197066,8.086352250041289,8.085297443030429,8.14932404120811,0.06297179116682194,False,False,141,144
3187,0.0006538270627344647,8.086352250041289,8.085297443030429,8.142410321741687,0.05605807170039867,False,False,12,80
3188,0.0006531327727898585,8.086352250041289,8.085297443030429,8.14770756646407,0.061355316422782025,False,False,26,109
3189,0.0006524392201021738,8.086352250041289,8.085297443030429,8.086352250041289,0.0,True,False,23,114
3190,0.0006517464038885271,8.086352250041289,8.085297443030429,8.086352250041289,0.0,True,False,12,235
3191,0.0006510543233668667,8.086352250041289,8.085297443030429,8.086352250041289,0.0,True,False,90,133
3192,0.0006503629777559717,8.086352250041289,8.085297443030429,8.086352250041289,0.0,True,False,128,12
3193,0.0006496723662754502,8.086209962392061,8.085297443030429,8.086209962392061,-0.00014228764922741277,True,False,126,12
3194,0.0006489824881457397,8.086209962392061,8.085297443030429,8.088080998974007,0.001871036581945873,False,False,234,225
3195,0.0006482933425881051,8.086209962392061,8.085297443030429,inf,inf,False,False,103,62
3196,0.0006476049288246374,8.086209962392061,8.085297443030429,inf,inf,False,False,81,139
3197,0.0006469172460782554,8.086209962392061,8.085297443030429,8.086209962392061,0.0,True,False,154,236
3198,0.0006462302935727014,8.086209962392061,8.085297443030429,8.086209962392061,0.0,True,False,91,95
3199,0.0006455440705325435,8.086315986261186,8.085297443030429,8.086315986261186,0.00010602386912417217,True,False,46,39
3200,0.0006448585761831719,8.086315986261186,8.085297443030429,8.123304745970035,0.03698875970884963,False,False,52,116
3201,0.0006441738097507998,8.086315986261186,8.085297443030429,inf,inf,False,False,155,176
3202,0.0006434897704624628,8.086315986261186,8.085297443030429,8.126190786349918,0.03987480008873234,False,False,69,26
3203,0.0006428064575460158,8.086315986261186,8.085297443030429,8.118116058133017,0.03180007187183165,False,False,196,52
3204,0.0006421238702301354,8.086315986261186,8.085297443030429,8.086315986261186,0.0,True,False,0,188
3205,0.000641442007744316,8.086315986261186,8.085297443030429,inf,inf,False,False,112,10
3206,0.0006407608693188701,8.086315986261186,8.085297443030429,8.086315986261186,0.0,True,False,197,4
3207,0.0006400804541849287,8.086315986261186,8.085297443030429,8.086315986261186,0.0,True,False,13,174
3208,0.000639400761574438,8.086315986261186,8.085297443030429,8.17946968748158,0.09315370122039468,False,False,235,141
3209,0.0006387217907201607,8.086315986261186,8.085297443030429,8.086315986261186,0.0,True,False,160,86
3210,0.0006380435408556736,8.086315986261186,8.085297443030429,8.086315986261186,0.0,True,False,103,185
3211,0.0006373660112153674,8.086315986261186,8.085297443030429,inf,inf,False,False,225,10
3212,0.0006366892010344463,8.086315986261186,8.085297443030429,8.086315986261186,0.0,True,False,96,198
3213,0.0006360131095489263,8.086315986261186,8.085297443030429,8.086315986261186,0.0,True,False,66,154
3214,0.0006353377359956343,8.086315986261186,8.085297443030429,8.086315986261186,0.0,True,False,145,12
3215,0.0006346630796122084,8.086315986261186,8.085297443030429,8.086315986261186,0.0,True,False,96,186
3216,0.0006339891396370952,8.086315986261186,8.085297443030429,8.086315986261186,0.0,True,False,191,175
3217,0.0006333159153095515,8.086315986261186,8.085297443030429,inf,inf,False,False,121,232
3218,0.0006326434058696404,8.086315986261186,8.085297443030429,8.086315986261186,0.0,True,False,137,98
3219,0.0006319716105582324,8.086315986261186,8.085297443030429,inf,inf,False,False,167,217
3220,0.000631300528617005,8.086315986261186,8.085297443030429,8.117821712098756,0.03150572583757061,False,False,184,177
3221,0.0006306301592884393,8.086315986261186,8.085297443030429,8.086315986261186,0.0,True,False,192,73
3222,0.0006299605018158227,8.086315986261186,8.085297443030429,8.086315986261186,0.0,True,False,188,208
3223,0.0006292915554432447,8.086315986261186,8.085297443030429,8.087165494655867,0.000849508394681564,False,False,223,126
3224,0.0006286233194155976,8.086315986261186,8.085297443030429,8.087691602758849,0.0013756164976630458,False,False,18,177
3225,0.0006279557929785768,8.086315986261186,8.085297443030429,8.119713933984164,0.033397947722978216,False,False,100,158
3226,0.0006272889753786767,8.086315986261186,8.085297443030429,8.086315986261186,0.0,True,False,36,198
3227,0.0006266228658631942,8.086315986261186,8.085297443030429,8.126190786349918,0.03987480008873234,False,False,142,68
3228,0.0006259574636802235,8.086315986261186,8.085297443030429,8.103810958916496,0.017494972655310193,False,False,122,50
3229,0.0006252927680786575,8.086352250041289,8.085297443030429,8.086352250041289,3.6263780103240606e-05,True,False,226,159
3230,0.0006246287783081881,8.086352250041289,8.085297443030429,8.086352250041289,0.0,True,False,92,4
3231,0.0006239654936193022,8.086352250041289,8.085297443030429,8.123250183321684,0.03689793328039492,False,False,234,59
3232,0.0006233029132632841,8.086352250041289,8.085297443030429,8.102784362084801,0.016432112043512248,False,False,164,105
3233,0.000622641036492212,8.086352250041289,8.085297443030429,8.140581502336444,0.05422925229515485,False,False,47,130
3234,0.0006219798625589585,8.086352250041289,8.085297443030429,8.097150128406735,0.010797878365446323,False,False,177,112
3235,0.0006213193907171905,8.086352250041289,8.085297443030429,8.086352250041289,0.0,True,False,226,70
3236,0.0006206596202213661,8.086352250041289,8.085297443030429,8.120314338296941,0.03396208825565239,False,False,116,80
3237,0.0006200005503267362,8.086352250041289,8.085297443030429,8.086352250041289,0.0,True,False,230,102
3238,0.0006193421802893419,8.086352250041289,8.085297443030429,8.103699506629685,0.017347256588395865,False,False,82,227
3239,0.000618684509366014,8.086352250041289,8.085297443030429,8.086352250041289,0.0,True,False,198,65
3240,0.0006180275368143737,8.086352250041289,8.085297443030429,inf,inf,False,False,55,168
3241,0.0006173712618928287,8.086352250041289,8.085297443030429,8.086352250041289,0.0,True,False,210,86
3242,0.0006167156838605765,8.086352250041289,8.085297443030429,8.13005483297287,0.0437025829315818,False,False,221,80
3243,0.0006160608019775992,8.086352250041289,8.085297443030429,inf,inf,False,False,168,108
3244,0.0006154066155046651,8.086352250041289,8.085297443030429,8.158651605192798,0.0722993551515092,False,False,37,237
3245,0.0006147531237033288,8.086352250041289,8.085297443030429,8.086352250041289,0.0,True,False,112,87
3246,0.0006141003258359273,8.086352250041289,8.085297443030429,8.086352250041289,0.0,True,False,69,110
3247,0.0006134482211655823,8.086352250041289,8.085297443030429,inf,inf,False,False,6,104
3248,0.0006127968089561975,8.086352250041289,8.085297443030429,8.086352250041289,0.0,True,False,105,149
3249,0.0006121460884724572,8.086105744177372,8.085297443030429,8.086105744177372,-0.0002465058639167239,True,False,156,137
3250,0.0006114960589798285,8.086105744177372,8.085297443030429,8.086105744177372,0.0,True,False,87,160
3251,0.0006108467197445567,8.086105744177372,8.085297443030429,8.086105744177372,0.0,True,False,172,47
3252,0.0006101980700336677,8.086105744177372,8.085297443030429,8.086105744177372,0.0,True,False,207,95
3253,0.0006095501091149647,8.08597673565555,8.085297443030429,8.08597673565555,-0.00012900852182262668,True,False,147,207
3254,0.0006089028362570286,8.08597673565555,8.085297443030429,inf,inf,False,False,1,124
3255,0.0006082562507292178,8.08597673565555,8.085297443030429,8.08597673565555,0.0,True,False,205,22
3256,0.000607610351801665,8.08597673565555,8.085297443030429,8.08597673565555,0.0,True,False,117,87
3257,0.0006069651387452798,8.08597673565555,8.085297443030429,8.200050939974373,0.11407420431882365,False,False,20,181
3258,0.0006063206108317447,8.08597673565555,8.085297443030429,8.100899137260512,0.014922401604962943,False,False,126,144
3259,0.0006056767673335154,8.08597673565555,8.085297443030429,8.19300629101707,0.10702955536152103,False,False,142,41
3260,0.0006050336075238214,8.08597673565555,8.085297443030429,8.08597673565555,0.0,True,False,200,99
3261,0.0006043911306766629,8.08597673565555,8.085297443030429,8.08597673565555,0.0,True,False,184,90
3262,0.0006037493360668117,8.08597673565555,8.085297443030429,8.08597673565555,0.0,True,False,47,188
3263,0.0006031082229698095,8.08597673565555,8.085297443030429,8.08597673565555,0.0,True,False,103,230
3264,0.0006024677906619664,8.08597673565555,8.085297443030429,8.157881774571798,0.071905038916249,False,False,233,237
3265,0.0006018280384203628,8.08597673565555,8.085297443030429,8.08917626677112,0.003199531115569698,False,False,116,44
3266,0.000601188965522845,8.085955565833633,8.085297443030429,8.085955565833633,-2.1169821916799947e-05,True,False,23,110
3267,0.0006005505712480274,8.085955565833633,8.085297443030429,8.122035219354716,0.036079653521083443,False,False,39,182
3268,0.0005999128548752897,8.085855960741982,8.085297443030429,8.085855960741982,-9.960509165019005e-05,True,False,204,72
3269,0.0005992758156847767,8.085855960741982,8.085297443030429,8.14886584086029,0.0630098801183081,False,False,77,83
3270,0.0005986394529573985,8.085855960741982,8.085297443030429,inf,inf,False,False,7,33
3271,0.0005980037659748279,8.085855960741982,8.085297443030429,8.085855960741982,0.0,True,False,84,117
3272,0.0005973687540195006,8.088227726223082,8.085297443030429,8.088227726223082,0.002371765481099075,True,False,58,201
3273,0.000596734416374615,8.088227726223082,8.085297443030429,inf,inf,False,False,213,173
3274,0.0005961007523241295,8.088227726223082,8.085297443030429,8.088227726223082,0.0,True,False,75,31
3275,0.0005954677611527642,8.088357431231504,8.085297443030429,8.088357431231504,0.00012970500842257593,True,False,56,72
3276,0.0005948354421459978,8.088357431231504,8.085297443030429,inf,inf,False,False,162,42
3277,0.0005942037945900674,8.088357431231504,8.085297443030429,8.08872401552239,0.000366584290885541,False,False,159,183
3278,0.0005935728177719696,8.088357431231504,8.085297443030429,8.095352987642816,0.006995556411311554,False,False,196,30
3279,0.0005929425109794562,8.088357431231504,8.085297443030429,inf,inf,False,False,68,162
3280,0.0005923128735010369,8.088357431231504,8.085297443030429,8.141362565313937,0.0530051340824329,False,False,107,194
3281,0.0005916839046259763,8.088357431231504,8.085297443030429,inf,inf,False,False,162,153
3282,0.000591055603644293,8.088357431231504,8.085297443030429,8.088357431231504,0.0,True,False,61,222
3283,0.0005904279698467612,8.088357431231504,8.085297443030429,8.088357431231504,0.0,True,False,110,215
3284,0.0005898010025249063,8.088357431231504,8.085297443030429,8.088357431231504,0.0,True,False,69,86
3285,0.0005891747009710078,8.088357431231504,8.085297443030429,8.088357431231504,0.0,True,False,119,65
3286,0.0005885490644780957,8.088357431231504,8.085297443030429,inf,inf,False,False,7,120
3287,0.0005879240923399502,8.088357431231504,8.085297443030429,8.088357431231504,0.0,True,False,230,22
3288,0.0005872997838511031,8.085985665750405,8.085297443030429,8.085985665750405,-0.002371765481099075,True,False,58,228
3289,0.0005866761383068335,8.085985665750405,8.085297443030429,inf,inf,False,False,111,127
3290,0.0005860531550031706,8.085985665750405,8.085297443030429,8.085985665750405,0.0,True,False,114,44
3291,0.0005854308332368895,8.085985665750405,8.085297443030429,inf,inf,False,False,22,219
3292,0.0005848091723055129,8.085985665750405,8.085297443030429,8.085985665750405,0.0,True,False,65,145
3293,0.0005841881715073096,8.085985665750405,8.085297443030429,8.109716170687463,0.023730504937057972,False,False,158,3
3294,0.000583567830141293,8.085985665750405,8.085297443030429,8.085985665750405,0.0,True,False,17,123
3295,0.0005829481475072214,8.085985665750405,8.085297443030429,8.085985665750405,0.0,True,False,70,136
3296,0.0005823291229055964,8.085985665750405,8.085297443030429,8.091948221761657,0.0059625560112515075,False,False,123,34
3297,0.000581710755637662,8.085966150747701,8.085297443030429,8.085966150747701,-1.9515002703585083e-05,True,False,202,5
3298,0.0005810930450054053,8.086004291216998,8.085297443030429,8.086004291216998,3.8140469296621404e-05,True,False,203,228
3299,0.0005804759903115532,8.086004291216998,8.085297443030429,inf,inf,False,False,70,155
3300,0.0005798595908595744,8.086004291216998,8.085297443030429,inf,inf,False,False,161,43
3301,0.0005792438459536764,8.0859973641257,8.085297443030429,8.0859973641257,-6.9270912987917654e-06,True,False,38,193
3302,0.0005786287548988052,8.0859973641257,8.085297443030429,8.101080697511382,0.015083333385682351,False,False,121,224
3303,0.0005780143170006463,8.0859973641257,8.085297443030429,8.0859973641257,0.0,True,False,90,222
3304,0.0005774005315656207,8.0859973641257,8.085297443030429,8.0859973641257,0.0,True,False,128,27
3305,0.0005767873979008876,8.0859973641257,8.085297443030429,8.086309251574665,0.00031188744896581966,False,False,217,162
3306,0.0005761749153143407,8.0859973641257,8.085297443030429,8.0859973641257,0.0,True,False,191,0
3307,0.0005755630831146089,8.0859973641257,8.085297443030429,8.0859973641257,0.0,True,False,120,229
3308,0.0005749519006110559,8.0859973641257,8.085297443030429,inf,inf,False,False,217,146
3309,0.0005743413671137776,8.0859973641257,8.085297443030429,inf,inf,False,False,216,7
3310,0.0005737314819336039,8.0859973641257,8.085297443030429,8.0859973641257,0.0,True,False,3,76
3311,0.0005731222443820955,8.0859973641257,8.085297443030429,8.0859973641257,0.0,True,False,229,205
3312,0.000572513653771544,8.0859973641257,8.085297443030429,8.168232084831173,0.08223472070547366,False,False,30,130
3313,0.0005719057094149726,8.087416293781942,8.085297443030429,8.087416293781942,0.0014189296562427955,True,False,232,10
3314,0.0005712984106261323,8.087308228880783,8.085297443030429,8.087308228880783,-0.0001080649011591106,True,False,24,184
3315,0.0005706917567195042,8.087308228880783,8.085297443030429,8.087308228880783,0.0,True,False,195,84
3316,0.0005700857470102966,8.087308228880783,8.085297443030429,8.087308228880783,0.0,True,False,31,145
3317,0.0005694803808144448,8.087308228880783,8.085297443030429,8.087308228880783,0.0,True,False,66,214
3318,0.0005688756574486114,8.087308228880783,8.085297443030429,8.087308228880783,0.0,True,False,49,100
3319,0.0005682715762301834,8.087308228880783,8.085297443030429,8.087308228880783,0.0,True,False,84,109
3320,0.0005676681364772742,8.087308228880783,8.085297443030429,8.087308228880783,0.0,True,False,44,21
3321,0.0005670653375087197,8.087308228880783,8.085297443030429,inf,inf,False,False,148,6
3322,0.0005664631786440799,8.087308228880783,8.085297443030429,8.087308228880783,0.0,True,False,178,98
3323,0.0005658616592036376,8.087308228880783,8.085297443030429,8.087308228880783,0.0,True,False,16,119
3324,0.0005652607785083967,8.087308228880783,8.085297443030429,8.087308228880783,0.0,True,False,91,87
3325,0.0005646605358800829,8.087308228880783,8.085297443030429,8.087308228880783,0.0,True,False,206,118
3326,0.0005640609306411414,8.087308228880783,8.085297443030429,8.16012158072443,0.07281335184364757,False,False,33,60
3327,0.0005634619621147372,8.087308228880783,8.085297443030429,8.087308228880783,0.0,True,False,94,212
3328,0.0005628636296247543,8.087308228880783,8.085297443030429,inf,inf,False,False,6,115
3329,0.0005622659324957942,8.087308228880783,8.085297443030429,8.087308228880783,0.0,True,False,137,183
3330,0.0005616688700531754,8.087279621354517,8.085297443030429,8.087279621354517,-2.860752626610008e-05,True,False,225,176
3331,0.0005610724416229341,8.087279621354517,8.085297443030429,8.087279621354517,0.0,True,False,173,165
3332,0.0005604766465318206,8.087279621354517,8.085297443030429,8.087279621354517,0.0,True,False,145,5
3333,0.0005598814841073012,8.087279621354517,8.085297443030429,8.157187272945855,0.06990765159133794,False,False,237,41
3334,0.0005592869536775557,8.087279621354517,8.085297443030429,8.087279621354517,0.0,True,False,3,28
3335,0.0005586930545714775,8.087279621354517,8.085297443030429,8.088945680051836,0.0016660586973191727,False,False,196,144
3336,0.0005580997861186732,8.087279621354517,8.085297443030429,8.087279621354517,0.0,True,False,98,44
3337,0.0005575071476494601,8.087279621354517,8.085297443030429,8.087279621354517,0.0,True,False,19,173
3338,0.000556915138494868,8.087279621354517,8.085297443030429,8.087279621354517,0.0,True,False,5,191
3339,0.000556323757986636,8.087279621354517,8.085297443030429,8.087279621354517,0.0,True,False,198,129
3340,0.000555733005457213,8.087279621354517,8.085297443030429,8.087279621354517,0.0,True,False,137,51
3341,0.0005551428802397574,8.087279621354517,8.085297443030429,8.087279621354517,0.0,True,False,222,52
3342,0.0005545533816681348,8.086692566407693,8.085297443030429,8.086692566407693,-0.0005870549468234287,True,False,135,215
3343,0.0005539645090769192,8.086692566407693,8.085297443030429,8.086692566407693,0.0,True,False,93,61
3344,0.0005533762618013903,8.086692566407693,8.085297443030429,8.086692566407693,0.0,True,False,63,204
3345,0.0005527886391775337,8.087187009832009,8.085297443030429,8.087187009832009,0.0004944434243157048,True,False,86,156
3346,0.0005522016405420412,8.087187009832009,8.085297443030429,8.087187009832009,0.0,True,False,209,152
3347,0.0005516152652323071,8.087187009832009,8.085297443030429,8.087187009832009,0.0,True,False,89,107
3348,0.0005510295125864315,8.087187009832009,8.085297443030429,8.087187009832009,0.0,True,False,40,175
3349,0.0005504443819432155,8.087187009832009,8.085297443030429,8.087187009832009,0.0,True,False,98,2
3350,0.000549859872642163,8.087187009832009,8.085297443030429,inf,inf,False,False,79,200
3351,0.0005492759840234799,8.087187009832009,8.085297443030429,8.087187009832009,0.0,True,False,30,74
3352,0.0005486927154280714,8.087187009832009,8.085297443030429,8.087187009832009,0.0,True,False,152,43
3353,0.0005481100661975442,8.087187009832009,8.085297443030429,8.107880066386311,0.020693056554302203,False,False,182,138
3354,0.0005475280356742027,8.087187009832009,8.085297443030429,8.087187009832009,0.0,True,False,145,103
3355,0.00054694662320105,8.087187009832009,8.085297443030429,8.102824664644956,0.015637654812946877,False,False,174,143
3356,0.0005463658281217879,8.087187009832009,8.085297443030429,8.106407943706465,0.01922093387445578,False,False,182,124
3357,0.0005457856497808136,8.087187009832009,8.085297443030429,inf,inf,False,False,52,167
3358,0.0005452060875232219,8.087187009832009,8.085297443030429,8.087187009832009,0.0,True,False,95,28
3359,0.000544627140694802,8.087187009832009,8.085297443030429,8.087187009832009,0.0,True,False,194,164
3360,0.0005440488086420377,8.087187009832009,8.085297443030429,inf,inf,False,False,183,161
3361,0.0005434710907121081,8.087187009832009,8.085297443030429,8.087187009832009,0.0,True,False,67,90
3362,0.0005428939862528839,8.087187009832009,8.085297443030429,8.109324928527066,0.02213791869505677,False,False,84,64
3363,0.0005423174946129294,8.087187009832009,8.085297443030429,8.087187009832009,0.0,True,False,199,59
3364,0.0005417416151415003,8.087187009832009,8.085297443030429,8.106707802955585,0.019520793123575686,False,False,221,130
3365,0.0005411663471885429,8.087187009832009,8.085297443030429,8.087187009832009,0.0,True,False,203,189
3366,0.0005405916901046946,8.087187009832009,8.085297443030429,8.087187009832009,0.0,True,False,24,94
3367,0.0005400176432412815,8.087187009832009,8.085297443030429,8.089059791382832,0.0018727815508228218,False,False,217,127
3368,0.0005394442059503193,8.087187009832009,8.085297443030429,8.087187009832009,0.0,True,False,157,47
3369,0.0005388713775845115,8.087184137798676,8.085297443030429,8.087184137798676,-2.8720333329346204e-06,True,False,204,150
3370,0.0005382991574972482,8.087184137798676,8.085297443030429,8.087184137798676,0.0,True,False,152,16
3371,0.0005377275450426076,8.087184137798676,8.085297443030429,inf,inf,False,False,219,181
3372,0.0005371565395753523,8.087184137798676,8.085297443030429,8.093075124234584,0.005890986435908019,False,False,109,154
3373,0.0005365861404509314,8.087184137798676,8.085297443030429,inf,inf,False,False,10,157
3374,0.0005360163470254775,8.087184137798676,8.085297443030429,8.087184137798676,0.0,True,False,101,187
3375,0.000535447158655807,8.087184137798676,8.085297443030429,8.087184137798676,0.0,True,False,172,49
3376,0.00053487857469942,8.087184137798676,8.085297443030429,inf,inf,False,False,219,172
3377,0.0005343105945144977,8.087184137798676,8.085297443030429,inf,inf,False,False,170,73
3378,0.0005337432174599043,8.087184137798676,8.085297443030429,inf,inf,False,False,106,127
3379,0.0005331764428951835,8.087184137798676,8.085297443030429,8.087184137798676,0.0,True,False,18,41
3380,0.0005326102701805596,8.087184137798676,8.085297443030429,8.132903517959463,0.04571938016078647,False,False,143,80
3381,0.0005320446986769366,8.087184137798676,8.085297443030429,8.12933181632779,0.04214767852911372,False,False,212,206
3382,0.0005314797277458966,8.087184137798676,8.085297443030429,8.087184137798676,0.0,True,False,229,185
3383,0.0005309153567496996,8.087184137798676,8.085297443030429,8.087184137798676,0.0,True,False,179,239
3384,0.0005303515850512837,8.087184137798676,8.085297443030429,8.087184137798676,0.0,True,False,119,191
3385,0.0005297884120142621,8.087184137798676,8.085297443030429,8.087968340651074,0.000784202852397442,False,False,182,192
3386,0.0005292258370029252,8.087184137798676,8.085297443030429,8.087184137798676,0.0,True,False,106,85
3387,0.0005286638593822375,8.087184137798676,8.085297443030429,8.087184137798676,0.0,True,False,54,164
3388,0.0005281024785178379,8.087184137798676,8.085297443030429,8.11284140091835,0.02565726311967431,False,False,51,194
3389,0.0005275416937760395,8.087184137798676,8.085297443030429,8.154742648956777,0.06755851115810074,False,False,82,187
3390,0.0005269815045238275,8.087184137798676,8.085297443030429,8.087184137798676,0.0,True,False,55,135
3391,0.0005264219101288602,8.087184137798676,8.085297443030429,8.087184137798676,0.0,True,False,102,61
3392,0.0005258629099594667,8.087184137798676,8.085297443030429,8.128843656722706,0.04165951892403008,False,False,108,231
3393,0.0005253045033846467,8.087184137798676,8.085297443030429,8.09020809644958,0.0030239586509033245,False,False,232,79
3394,0.0005247466897740708,8.087184137798676,8.085297443030429,8.087184137798676,0.0,True,False,59,226
3395,0.000524189468498078,8.087184137798676,8.085297443030429,inf,inf,False,False,166,122
3396,0.000523632838927677,8.087184137798676,8.085297443030429,8.087184137798676,0.0,True,False,129,38
3397,0.0005230768004345433,8.087184137798676,8.085297443030429,8.114560880844218,0.02737674304554183,False,False,237,28
3398,0.00052252135239102,8.087184137798676,8.085297443030429,inf,inf,False,False,239,127
3399,0.0005219664941701173,8.087184137798676,8.085297443030429,8.087184137798676,0.0,True,False,212,36
3400,0.00052141222514551,8.088604926433918,8.085297443030429,8.088604926433918,0.0014207886352419763,True,False,224,197
3401,0.0005208585446915394,8.088604926433918,8.085297443030429,8.088604926433918,0.0,True,False,200,183
3402,0.0005203054521832102,8.088604926433918,8.085297443030429,8.088604926433918,0.0,True,False,207,17
3403,0.0005197529469961906,8.088604926433918,8.085297443030429,inf,inf,False,False,162,28
3404,0.0005192010285068129,8.088604926433918,8.085297443030429,8.088604926433918,0.0,True,False,78,129
3405,0.0005186496960920702,8.088604926433918,8.085297443030429,8.088604926433918,0.0,True,False,41,192
3406,0.0005180989491296188,8.088604926433918,8.085297443030429,8.088604926433918,0.0,True,False,200,86
3407,0.0005175487869977744,8.088604926433918,8.085297443030429,8.088604926433918,0.0,True,False,63,222
3408,0.0005169992090755134,8.088604926433918,8.085297443030429,8.088604926433918,0.0,True,False,23,44
3409,0.0005164502147424721,8.088604926433918,8.085297443030429,inf,inf,False,False,225,79
3410,0.0005159018033789445,8.088604926433918,8.085297443030429,8.088604926433918,0.0,True,False,202,72
3411,0.0005153539743658841,8.088604926433918,8.085297443030429,inf,inf,False,False,10,11
3412,0.0005148067270849006,8.088604926433918,8.085297443030429,8.110041571916808,0.021436645482889816,False,False,181,186
3413,0.0005142600609182605,8.088604926433918,8.085297443030429,8.088604926433918,0.0,True,False,179,77
3414,0.0005137139752488868,8.088604926433918,8.085297443030429,8.093559024147345,0.004954097713426364,False,False,121,181
3415,0.0005131684694603572,8.088604926433918,8.085297443030429,8.088604926433918,0.0,True,False,118,187
3416,0.0005126235429369047,8.088604926433918,8.085297443030429,8.09027060917085,0.0016656827369310179,False,False,215,116
3417,0.0005120791950634153,8.088604926433918,8.085297443030429,8.088604926433918,0.0,True,False,37,88
3418,0.0005115354252254285,8.088499889302387,8.085297443030429,8.088499889302387,-0.00010503713153120486,True,False,12,141
3419,0.0005109922328091367,8.088499889302387,8.085297443030429,8.088499889302387,0.0,True,False,27,89
3420,0.0005104496172013834,8.088499889302387,8.085297443030429,8.115291025194558,0.026791135892171525,False,False,53,116
3421,0.000509907577789664,8.088499889302387,8.085297443030429,8.088499889302387,0.0,True,False,4,145
3422,0.0005093661139621237,8.088499889302387,8.085297443030429,8.088499889302387,0.0,True,False,114,115
3423,0.0005088252251075571,8.088499889302387,8.085297443030429,8.088499889302387,0.0,True,False,0,222
3424,0.0005082849106154092,8.088499889302387,8.085297443030429,8.088499889302387,0.0,True,False,126,201
3425,0.0005077451698757717,8.088499889302387,8.085297443030429,8.088499889302387,0.0,True,False,103,14
3426,0.0005072060022793853,8.088499889302387,8.085297443030429,8.088499889302387,0.0,True,False,11,61
3427,0.0005066674072176368,8.088499889302387,8.085297443030429,8.088499889302387,0.0,True,False,106,203
3428,0.0005061293840825594,8.088499889302387,8.085297443030429,8.088499889302387,0.0,True,False,150,220
3429,0.0005055919322668324,8.088499889302387,8.085297443030429,8.088499889302387,0.0,True,False,187,66
3430,0.0005050550511637793,8.088499889302387,8.085297443030429,8.088499889302387,0.0,True,False,28,229
3431,0.0005045187401673687,8.088499889302387,8.085297443030429,8.088499889302387,0.0,True,False,175,32
3432,0.0005039829986722118,8.088499889302387,8.085297443030429,8.188930021000372,0.1004301316979852,False,False,90,196
3433,0.0005034478260735628,8.088499889302387,8.085297443030429,8.088499889302387,0.0,True,False,55,0
3434,0.0005029132217673191,8.088499889302387,8.085297443030429,8.088499889302387,0.0,True,False,111,117
3435,0.0005023791851500182,8.088499889302387,8.085297443030429,8.088499889302387,0.0,True,False,15,11
3436,0.0005018457156188395,8.088499889302387,8.085297443030429,8.088499889302387,0.0,True,False,213,113
3437,0.0005013128125716018,8.088499889302387,8.085297443030429,inf,inf,False,False,162,135
3438,0.0005007804754067634,8.088499889302387,8.085297443030429,8.088499889302387,0.0,True,False,223,85
3439,0.000500248703523422,8.088499889302387,8.085297443030429,inf,inf,False,False,227,45
3440,0.0004997174963213129,8.088499889302387,8.085297443030429,inf,inf,False,False,45,104
3441,0.0004991868532008085,8.088499889302387,8.085297443030429,8.088499889302387,0.0,True,False,191,28
3442,0.0004986567735629189,8.088499889302387,8.085297443030429,8.088499889302387,0.0,True,False,90,135
3443,0.000498127256809289,8.088499889302387,8.085297443030429,8.088499889302387,0.0,True,False,146,51
3444,0.0004975983023422005,8.088499889302387,8.085297443030429,8.193742010239362,0.10524212093697471,False,False,84,234
3445,0.0004970699095645687,8.088499889302387,8.085297443030429,8.088499889302387,0.0,True,False,231,111
3446,0.000496542077879943,8.088499889302387,8.085297443030429,inf,inf,False,False,7,105
3447,0.0004960148066925072,8.088499889302387,8.085297443030429,8.088499889302387,0.0,True,False,5,46
3448,0.0004954880954070763,8.088499889302387,8.085297443030429,8.102456236432566,0.013956347130179125,False,False,50,159
3449,0.0004949619434290987,8.088499889302387,8.085297443030429,8.145565815740031,0.05706592643764452,False,False,35,119
3450,0.0004944363501646532,8.087791126306788,8.085297443030429,8.087791126306788,-0.000708762995598633,True,False,17,156
3451,0.0004939113150204496,8.087791126306788,8.085297443030429,8.087791126306788,0.0,True,False,194,39
3452,0.0004933868374038279,8.088017088113437,8.085297443030429,8.088017088113437,0.00022596180664891108,True,False,72,54
3453,0.0004928629167227568,8.088017088113437,8.085297443030429,8.088017088113437,0.0,True,False,63,129
3454,0.0004923395523858348,8.088017088113437,8.085297443030429,8.088017088113437,0.0,True,False,208,145
3455,0.0004918167438022873,8.088017088113437,8.085297443030429,8.112789884491344,0.024772796377906303,False,False,131,99
3456,0.0004912944903819672,8.088017088113437,8.085297443030429,8.132548957428892,0.04453186931545439,False,False,188,226
3457,0.000490772791535355,8.088017088113437,8.085297443030429,8.088017088113437,0.0,True,False,43,11
3458,0.0004902516466735559,8.088017088113437,8.085297443030429,8.088017088113437,0.0,True,False,174,132
3459,0.0004897310552083016,8.088017088113437,8.085297443030429,inf,inf,False,False,170,88
3460,0.0004892110165519476,8.088017088113437,8.085297443030429,8.088017088113437,0.0,True,False,117,212
3461,0.0004886915301174734,8.088017088113437,8.085297443030429,8.088017088113437,0.0,True,False,17,39
3462,0.0004881725953184831,8.088017088113437,8.085297443030429,8.088017088113437,0.0,True,False,67,75
3463,0.00048765421156920174,8.088017088113437,8.085297443030429,inf,inf,False,False,155,31
3464,0.00048713637828447785,8.088017088113437,8.085297443030429,inf,inf,False,False,10,222
3465,0.00048661909487978045,8.088017088113437,8.085297443030429,8.120216891525367,0.032199803411929295,False,False,193,130
3466,0.0004861023607711992,8.088017088113437,8.085297443030429,8.18142864714995,0.09341155903651277,False,False,23,26
3467,0.00048558617537544467,8.088017088113437,8.085297443030429,8.088017088113437,0.0,True,False,90,85
3468,0.00048507053810984584,8.088017088113437,8.085297443030429,8.088017088113437,0.0,True,False,76,120
3469,0.00048455544839235126,8.088017088113437,8.085297443030429,inf,inf,False,False,219,37
3470,0.000484040905641527,8.088017088113437,8.085297443030429,8.088017088113437,0.0,True,False,199,19
3471,0.0004835269092765563,8.088017088113437,8.085297443030429,inf,inf,False,False,79,197
3472,0.0004830134587172401,8.088017088113437,8.085297443030429,inf,inf,False,False,219,51
3473,0.0004825005533839945,8.088017088113437,8.085297443030429,8.110220749278497,0.022203661165059785,False,False,38,167
3474,0.0004819881926978519,8.088017088113437,8.085297443030429,inf,inf,False,False,101,25
3475,0.0004814763760804588,8.088017088113437,8.085297443030429,inf,inf,False,False,62,90
3476,0.00048096510295407574,8.088017088113437,8.085297443030429,8.11398391488653,0.025966826773093032,False,False,107,131
3477,0.00048045437274157773,8.08799992532536,8.085297443030429,8.08799992532536,-1.716278807784022e-05,True,False,198,189
3478,0.0004799441848664515,8.08799992532536,8.085297443030429,inf,inf,False,False,213,155
3479,0.0004794345387527969,8.08799992532536,8.085297443030429,8.08799992532536,0.0,True,False,223,29
3480,0.00047892543382532473,8.08799992532536,8.085297443030429,8.08799992532536,0.0,True,False,149,37
3481,0.0004784168695093565,8.08799992532536,8.085297443030429,8.08799992532536,0.0,True,False,160,216
3482,0.0004779088452308248,8.08799992532536,8.085297443030429,8.143550499480968,0.0555505741556086,False,False,156,82
3483,0.00047740136041627096,8.08799992532536,8.085297443030429,8.091394966938877,0.0033950416135173356,False,False,109,144
3484,0.00047689441449284603,8.08799992532536,8.085297443030429,inf,inf,False,False,45,132
3485,0.00047638800688830867,8.08799992532536,8.085297443030429,8.099634239715316,0.011634314389956657,False,False,148,113
3486,0.0004758821370310252,8.08799992532536,8.085297443030429,8.088478592277555,0.00047866695219589417,False,False,56,93
3487,0.0004753768043499699,8.088090715574227,8.085297443030429,8.088090715574227,9.079024886737841e-05,True,False,224,134
3488,0.000474872008274722,8.088090715574227,8.085297443030429,8.088090715574227,0.0,True,False,194,192
3489,0.0004743677482354679,8.088090715574227,8.085297443030429,8.088090715574227,0.0,True,False,96,121
3490,0.00047386402366299794,8.088090715574227,8.085297443030429,8.088090715574227,0.0,True,False,9,28
3491,0.00047336083398870723,8.088090715574227,8.085297443030429,inf,inf,False,False,219,146
3492,0.0004728581786445951,8.088090715574227,8.085297443030429,8.088090715574227,0.0,True,False,11,183
3493,0.0004723560570632634,8.088240336685427,8.085297443030429,8.088240336685427,0.00014962111120020438,True,False,47,77
3494,0.0004718544686779171,8.0879224353305,8.085297443030429,8.0879224353305,-0.0003179013549274856,True,False,17,129
3495,0.00047135341292236263,8.0879224353305,8.085297443030429,8.0879224353305,0.0,True,False,146,61
3496,0.0004708528892310074,8.0879224353305,8.085297443030429,8.0879224353305,0.0,True,False,164,223
3497,0.00047035289703886035,8.0879224353305,8.085297443030429,8.0879224353305,0.0,True,False,188,9
3498,0.0004698534357815295,8.0879224353305,8.085297443030429,8.114536661398809,0.02661422606830932,False,False,152,59
3499,0.0004693545048952222,8.0879224353305,8.085297443030429,8.0879224353305,0.0,True,False,87,136
3500,0.00046885610381674543,8.086830382021791,8.085297443030429,8.086830382021791,-0.0010920533087084294,True,False,63,116
3501,0.0004683582319835029,8.086830382021791,8.085297443030429,8.086830382021791,0.0,True,False,22,60
3502,0.00046786088883349694,8.086830382021791,8.085297443030429,8.086830382021791,0.0,True,False,148,199
3503,0.0004673640738053259,8.086830382021791,8.085297443030429,8.12320903275089,0.03637865072909818,False,False,108,140
3504,0.00046686778633818417,8.086830382021791,8.085297443030429,8.116018513068223,0.02918813104643192,False,False,74,167
3505,0.00046637202587186243,8.086830382021791,8.085297443030429,8.086830382021791,0.0,True,False,153,124
3506,0.0004658767918467454,8.086830382021791,8.085297443030429,8.086830382021791,0.0,True,False,114,235
3507,0.0004653820837038129,8.086830382021791,8.085297443030429,8.086830382021791,0.0,True,False,139,38
3508,0.00046488790088463754,8.086830382021791,8.085297443030429,8.086830382021791,0.0,True,False,13,0
3509,0.00046439424283138507,8.086830382021791,8.085297443030429,8.109593559768058,0.022763177746266905,False,False,130,9
3510,0.0004639011089868143,8.086830382021791,8.085297443030429,8.086830382021791,0.0,True,False,128,188
3511,0.0004634084987942747,8.086873977678142,8.085297443030429,8.086873977678142,4.3595656350703393e-05,True,False,57,178
3512,0.00046291641169770805,8.086873977678142,8.085297443030429,8.086873977678142,0.0,True,False,58,15
3513,0.0004624248471416456,8.086873977678142,8.085297443030429,8.174647921300714,0.0877739436225724,False,False,152,141
3514,0.0004619338045712084,8.086873977678142,8.085297443030429,8.086873977678142,0.0,True,False,14,42
3515,0.00046144328343210783,8.086873977678142,8.085297443030429,8.086873977678142,0.0,True,False,200,28
3516,0.00046095328317064254,8.086873977678142,8.085297443030429,8.10975564313822,0.022881665460078082,False,False,1,58
3517,0.00046046380323370035,8.086873977678142,8.085297443030429,8.113718432961923,0.026844455283780988,False,False,153,196
3518,0.00045997484306875536,8.086873977678142,8.085297443030429,8.106717947926695,0.019843970248553333,False,False,235,50
3519,0.0004594864021238688,8.086873977678142,8.085297443030429,8.151359179933682,0.06448520225553978,False,False,149,60
3520,0.00045899847984768845,8.086873977678142,8.085297443030429,8.08761721082935,0.0007432331512085,False,False,33,215
3521,0.0004585110756894467,8.086873977678142,8.085297443030429,8.086873977678142,0.0,True,False,227,124
3522,0.00045802418909896177,8.086873977678142,8.085297443030429,8.086873977678142,0.0,True,False,206,123
3523,0.0004575378195266353,8.086873977678142,8.085297443030429,8.086873977678142,0.0,True,False,23,8
3524,0.0004570519664234526,8.086873977678142,8.085297443030429,8.086873977678142,0.0,True,False,41,100
3525,0.0004565666292409827,8.08675403278797,8.085297443030429,8.08675403278797,-0.00011994489017119747,True,False,208,138
3526,0.00045608180743137605,8.08675403278797,8.085297443030429,8.08675403278797,0.0,True,False,53,120
3527,0.0004555975004473657,8.08675403278797,8.085297443030429,8.08675403278797,0.0,True,False,216,95
3528,0.00045511370774226534,8.08675403278797,8.085297443030429,8.08675403278797,0.0,True,False,209,212
3529,0.0004546304287699689,8.08675403278797,8.085297443030429,8.08675403278797,0.0,True,False,57,68
3530,0.00045414766298495124,8.08675403278797,8.085297443030429,8.08675403278797,0.0,True,False,61,47
3531,0.0004536654098422653,8.08675403278797,8.085297443030429,8.08675403278797,0.0,True,False,33,13
3532,0.0004531836687975437,8.08675403278797,8.085297443030429,inf,inf,False,False,50,127
3533,0.0004527024393069964,8.08675403278797,8.085297443030429,8.08675403278797,0.0,True,False,13,60
3534,0.00045222172082741094,8.08675403278797,8.085297443030429,8.08675403278797,0.0,True,False,91,222
3535,0.0004517415128161523,8.08675403278797,8.085297443030429,8.08675403278797,0.0,True,False,30,19
3536,0.0004512618147311607,8.08675403278797,8.085297443030429,8.08675403278797,0.0,True,False,94,59
3537,0.0004507826260309529,8.08675403278797,8.085297443030429,8.08675403278797,0.0,True,False,37,105
3538,0.00045030394617462003,8.08675403278797,8.085297443030429,8.140841583711282,0.05408755092331141,False,False,82,53
3539,0.00044982577462182745,8.08675403278797,8.085297443030429,8.08675403278797,0.0,True,False,126,94
3540,0.00044934811083281533,8.08675403278797,8.085297443030429,8.08675403278797,0.0,True,False,122,36
3541,0.00044887095426839556,8.08675403278797,8.085297443030429,8.08675403278797,0.0,True,False,154,128
3542,0.00044839430438995407,8.08675403278797,8.085297443030429,8.098170272141093,0.011416239353122748,False,False,221,80
3543,0.00044791816065944766,8.086751804099658,8.085297443030429,8.086751804099658,-2.228688313010707e-06,True,False,138,71
3544,0.0004474425225394045,8.086751804099658,8.085297443030429,8.086751804099658,0.0,True,False,159,200
3545,0.0004469673894929244,8.086751804099658,8.085297443030429,8.086751804099658,0.0,True,False,21,52
3546,0.0004464927609836762,8.086751804099658,8.085297443030429,8.086751804099658,0.0,True,False,66,152
3547,0.0004460186364758992,8.086751804099658,8.085297443030429,inf,inf,False,False,166,156
3548,0.000445545015434401,8.086751804099658,8.085297443030429,8.086751804099658,0.0,True,False,230,37
3549,0.00044507189732455744,8.086751804099658,8.085297443030429,8.086751804099658,0.0,True,False,94,212
3550,0.0004445992816123128,8.086751804099658,8.085297443030429,8.086751804099658,0.0,True,False,57,85
3551,0.00044412716776417744,8.086751804099658,8.085297443030429,8.086751804099658,0.0,True,False,125,114
3552,0.0004436555552472295,8.08675403278797,8.085297443030429,8.08675403278797,2.228688313010707e-06,True,False,210,138
3553,0.0004431844435291118,8.08675403278797,8.085297443030429,8.08675403278797,0.0,True,False,212,105
3554,0.0004427138320780329,8.08675403278797,8.085297443030429,8.10461508216367,0.017861049375699878,False,False,158,177
3555,0.00044224372036276655,8.08675403278797,8.085297443030429,8.10791295053012,0.02115891774214873,False,False,126,20
3556,0.00044177410785264985,8.08675403278797,8.085297443030429,8.08675403278797,0.0,True,False,14,171
3557,0.00044130499401758363,8.08675403278797,8.085297443030429,8.08675403278797,0.0,True,False,159,212
3558,0.00044083637832803216,8.08675403278797,8.085297443030429,8.08675403278797,0.0,True,False,71,116
3559,0.0004403682602550211,8.08675403278797,8.085297443030429,inf,inf,False,False,125,10
3560,0.0004399006392701388,8.08675403278797,8.085297443030429,8.090570499788072,0.003816467000101298,False,False,80,18
3561,0.0004394335148455339,8.08675403278797,8.085297443030429,8.09270799863958,0.005953965851610121,False,False,92,128
3562,0.0004389668864539157,8.08675403278797,8.085297443030429,8.111142059456517,0.02438802666854656,False,False,93,197
3563,0.00043850075356855416,8.08675403278797,8.085297443030429,inf,inf,False,False,166,40
3564,0.00043803511566327754,8.08675403278797,8.085297443030429,8.08675403278797,0.0,True,False,204,95
3565,0.00043756997221247373,8.08675403278797,8.085297443030429,8.088380599767733,0.0016265669797626003,False,False,172,163
3566,0.00043710532269108807,8.08675403278797,8.085297443030429,8.08675403278797,0.0,True,False,218,122
3567,0.0004366411665746235,8.08675403278797,8.085297443030429,8.08675403278797,0.0,True,False,51,226
3568,0.00043617750333914065,8.08675403278797,8.085297443030429,8.08675403278797,0.0,True,False,87,222
3569,0.0004357143324612555,8.08675403278797,8.085297443030429,inf,inf,False,False,45,91
3570,0.00043525165341814077,8.08675403278797,8.085297443030429,8.08675403278797,0.0,True,False,86,159
3571,0.00043478946568752374,8.08675403278797,8.085297443030429,8.08675403278797,0.0,True,False,235,135
3572,0.0004343277687476861,8.08675403278797,8.085297443030429,8.08675403278797,0.0,True,False,152,97
3573,0.00043386656207746436,8.086796118809993,8.085297443030429,8.086796118809993,4.208602202204759e-05,True,False,198,146
3574,0.00043340584515624755,8.086796118809993,8.085297443030429,8.086829098687016,3.297987702310934e-05,False,False,215,210
3575,0.00043294561746397856,8.086796118809993,8.085297443030429,inf,inf,False,False,4,155
3576,0.0004324858784811514,8.086796118809993,8.085297443030429,inf,inf,False,False,191,79
3577,0.00043202662768881213,8.087192717329058,8.085297443030429,8.087192717329058,0.0003965985190657051,True,False,146,229
3578,0.0004315678645685586,8.087192717329058,8.085297443030429,8.087192717329058,0.0,True,False,133,221
3579,0.00043110958860253785,8.087192717329058,8.085297443030429,8.130957720802817,0.04376500347375867,False,False,188,64
3580,0.0004306517992734482,8.087192717329058,8.085297443030429,8.087192717329058,0.0,True,False,231,169
3581,0.0004301944960645363,8.087192717329058,8.085297443030429,8.09668124697757,0.00948852964851099,False,False,1,212
3582,0.00042973767845959744,8.087192717329058,8.085297443030429,8.087192717329058,0.0,True,False,134,119
3583,0.00042928134594297614,8.087192717329058,8.085297443030429,8.117884969516936,0.030692252187877855,False,False,26,103
3584,0.0004288254979995633,8.087192717329058,8.085297443030429,inf,inf,False,False,170,167
3585,0.00042837013411479763,8.087192717329058,8.085297443030429,inf,inf,False,False,53,162
3586,0.0004279152537746638,8.088367093478247,8.085297443030429,8.088367093478247,0.001174376149188916,True,False,238,153
3587,0.0004274608564656922,8.088367093478247,8.085297443030429,8.088367093478247,0.0,True,False,154,65
3588,0.00042700694167495916,8.088367093478247,8.085297443030429,8.153419918427005,0.06505282494875786,False,False,136,82
3589,0.00042655350889008473,8.087527071769152,8.085297443030429,8.087527071769152,-0.0008400217090951401,True,False,216,147
3590,0.000426100557599234,8.087527071769152,8.085297443030429,inf,inf,False,False,185,10
3591,0.0004256480872911149,8.0875071430489,8.085297443030429,8.0875071430489,-1.992872025269321e-05,True,False,70,107
3592,0.00042519609745497825,8.0875071430489,8.085297443030429,8.145469233730328,0.057962090681428435,False,False,172,142
3593,0.00042474458758061796,8.0875071430489,8.085297443030429,8.089640823643162,0.0021336805942624437,False,False,153,72
3594,0.00042429355715836866,8.0875071430489,8.085297443030429,8.144961750464695,0.05745460741579578,False,False,171,61
3595,0.00042384300567910733,8.0875071430489,8.085297443030429,8.0875071430489,0.0,True,False,139,39
3596,0.00042339293263425083,8.0875071430489,8.085297443030429,8.0875071430489,0.0,True,False,150,110
3597,0.0004229433375157559,8.0875071430489,8.085297443030429,8.10949209110011,0.02198494805121065,False,False,80,26
3598,0.0004224942198161197,8.0875071430489,8.085297443030429,8.0875071430489,0.0,True,False,178,35
3599,0.00042204557902837724,8.0875071430489,8.085297443030429,8.0875071430489,0.0,True,False,72,65
3600,0.0004215974146461027,8.0875071430489,8.085297443030429,8.089507017901564,0.001999874852664618,False,False,229,86
3601,0.0004211497261634076,8.0875071430489,8.085297443030429,8.088610909669287,0.0011037666203872476,False,False,94,185
3602,0.0004207025130749404,8.0875071430489,8.085297443030429,8.0875071430489,0.0,True,False,112,113
3603,0.00042025577487588716,8.0875071430489,8.085297443030429,inf,inf,False,False,66,62
3604,0.0004198095110619686,8.0875071430489,8.085297443030429,8.11106477231128,0.02355762926238114,False,False,26,210
3605,0.0004193637211294424,8.0875071430489,8.085297443030429,8.0875071430489,0.0,True,False,202,137
3606,0.0004189184045751002,8.0875071430489,8.085297443030429,8.087758061773618,0.00025091872471882937,False,False,18,208
3607,0.0004184735608962678,8.0875071430489,8.085297443030429,8.087758061773618,0.00025091872471882937,False,False,215,208
3608,0.00041802918959080583,8.0875071430489,8.085297443030429,8.091110607389025,0.003603464340125484,False,False,227,182
3609,0.0004175852901571073,8.0875071430489,8.085297443030429,8.0875071430489,0.0,True,False,88,89
3610,0.0004171418620940978,8.0875071430489,8.085297443030429,8.0875071430489,0.0,True,False,70,145
3611,0.0004166989049012358,8.0875071430489,8.085297443030429,8.0875071430489,0.0,True,False,57,122
3612,0.0004162564180785103,8.0875071430489,8.085297443030429,inf,inf,False,False,170,197
3613,0.00041581440112644215,8.0875071430489,8.085297443030429,8.0875071430489,0.0,True,False,3,179
3614,0.0004153728535460821,8.0875071430489,8.085297443030429,8.0875071430489,0.0,True,False,201,87
3615,0.00041493177483901034,8.087527071769152,8.085297443030429,8.087527071769152,1.992872025269321e-05,True,False,75,114
3616,0.0004144911645073374,8.087527071769152,8.085297443030429,inf,inf,False,False,127,65
3617,0.00041405102205370145,8.08747054905962,8.085297443030429,8.08747054905962,-5.652270953149241e-05,True,False,113,75
3618,0.00041361134698126965,8.08747054905962,8.085297443030429,8.08747054905962,0.0,True,False,175,52
3619,0.00041317213879373617,8.08747054905962,8.085297443030429,8.089343330610443,0.0018727815508228218,False,False,127,232
3620,0.00041273339699532207,8.08747054905962,8.085297443030429,8.150348778523698,0.0628782294640775,False,False,86,142
3621,0.00041229512109077567,8.08747054905962,8.085297443030429,8.109901938817513,0.022431389757892717,False,False,3,163
3622,0.0004118573105853703,8.08747054905962,8.085297443030429,8.101664682052869,0.014194132993248232,False,False,122,160
3623,0.00041141996498490535,8.08747054905962,8.085297443030429,8.08747054905962,0.0,True,False,209,201
3624,0.0004109830837957046,8.08747054905962,8.085297443030429,8.08747054905962,0.0,True,False,32,89
3625,0.0004105466665246158,8.08747054905962,8.085297443030429,8.08747054905962,0.0,True,False,36,70
3626,0.00041011071267901117,8.08747054905962,8.085297443030429,8.17565693515022,0.08818638609059981,False,False,41,167
3627,0.00040967522176678514,8.08747054905962,8.085297443030429,8.08747054905962,0.0,True,False,209,49
3628,0.0004092401932963555,8.08747054905962,8.085297443030429,inf,inf,False,False,187,113
3629,0.00040880562677666165,8.08747054905962,8.085297443030429,8.092982697884446,0.005512148824825758,False,False,113,172
3630,0.00040837152171716414,8.08747054905962,8.085297443030429,8.08747054905962,0.0,True,False,92,19
3631,0.00040793787762784516,8.08747054905962,8.085297443030429,8.112420742255894,0.024950193196273673,False,False,179,218
3632,0.00040750469401920636,8.08747054905962,8.085297443030429,inf,inf,False,False,155,54
3633,0.0004070719704022702,8.08747054905962,8.085297443030429,8.08747054905962,0.0,True,False,138,8
3634,0.00040663970628857757,8.08747054905962,8.085297443030429,inf,inf,False,False,7,218
3635,0.0004062079011901881,8.08747054905962,8.085297443030429,8.114007486244539,0.02653693718491823,False,False,229,26
3636,0.0004057765546196802,8.08747054905962,8.085297443030429,8.130102329484,0.04263178042437943,False,False,26,191
3637,0.0004053456660901489,8.08747054905962,8.085297443030429,8.08778489511227,0.0003143460526491282,False,False,63,185
3638,0.0004049152351152074,8.08747054905962,8.085297443030429,8.194533133132934,0.10706258407331326,False,False,233,9
3639,0.0004044852612089845,8.08747054905962,8.085297443030429,8.08747054905962,0.0,True,False,149,88
3640,0.00040405574388612507,8.08747054905962,8.085297443030429,8.08747054905962,0.0,True,False,151,198
3641,0.0004036266826617898,8.08747054905962,8.085297443030429,8.08747054905962,0.0,True,False,212,92
3642,0.0004031980770516537,8.08747054905962,8.085297443030429,8.16606467573535,0.07859412667573018,False,False,181,156
3643,0.00040276992657190664,8.08747054905962,8.085297443030429,8.08747054905962,0.0,True,False,235,201
3644,0.0004023422307392518,8.08747054905962,8.085297443030429,8.08747054905962,0.0,True,False,183,118
3645,0.00040191498907090543,8.08747054905962,8.085297443030429,8.08747054905962,0.0,True,False,48,49
3646,0.00040148820108459714,8.08747054905962,8.085297443030429,8.13517747559848,0.04770692653885966,False,False,100,61
3647,0.00040106186629856785,8.08747054905962,8.085297443030429,inf,inf,False,False,165,194
3648,0.0004006359842315709,8.08747054905962,8.085297443030429,inf,inf,False,False,10,221
3649,0.0004002105544028699,8.08747054905962,8.085297443030429,8.08747054905962,0.0,True,False,36,19
3650,0.0003997855763322389,8.08747054905962,8.085297443030429,inf,inf,False,False,9,81
3651,0.00039936104953996294,8.087467423282545,8.085297443030429,8.087467423282545,-3.1257770753967407e-06,True,False,28,97
3652,0.0003989369735468351,8.087467423282545,8.085297443030429,8.124283317125666,0.03681589384312112,False,False,2,26
3653,0.00039851334787415854,8.087467423282545,8.085297443030429,8.087467423282545,0.0,True,False,214,124
3654,0.00039809017204374387,8.087467423282545,8.085297443030429,8.087467423282545,0.0,True,False,139,38
3655,0.0003976674455779096,8.087467423282545,8.085297443030429,8.107154411817799,0.019686988535253747,False,False,50,175
3656,0.0003972451679994823,8.087467423282545,8.085297443030429,8.087467423282545,0.0,True,False,150,188
3657,0.0003968233388317938,8.087467423282545,8.085297443030429,8.087467423282545,0.0,True,False,49,59
3658,0.0003964019575986838,8.087334786190057,8.085297443030429,8.087334786190057,-0.00013263709248789723,True,False,146,95
3659,0.00039598102382449614,8.087334786190057,8.085297443030429,8.113529384186197,0.02619459799613999,False,False,233,46
3660,0.00039556053703408033,8.087334786190057,8.085297443030429,8.087334786190057,0.0,True,False,118,178
3661,0.0003951404967527909,8.087334786190057,8.085297443030429,8.087334786190057,0.0,True,False,213,215
3662,0.00039472090250648544,8.087334786190057,8.085297443030429,8.087334786190057,0.0,True,False,229,3
3663,0.00039430175382152615,8.087334786190057,8.085297443030429,8.087334786190057,0.0,True,False,8,119
3664,0.0003938830502247772,8.087334786190057,8.085297443030429,inf,inf,False,False,179,6
3665,0.00039346479124360536,8.087334786190057,8.085297443030429,inf,inf,False,False,155,68
3666,0.00039304697640588,8.087334786190057,8.085297443030429,8.106741875717173,0.019407089527115673,False,False,138,158
3667,0.000392629605239971,8.087334786190057,8.085297443030429,8.112102816347758,0.024768030157700238,False,False,123,1
3668,0.00039221267727474927,8.087334786190057,8.085297443030429,8.087334786190057,0.0,True,False,199,133
3669,0.00039179619203958646,8.087334786190057,8.085297443030429,8.087334786190057,0.0,True,False,103,109
3670,0.0003913801490643532,8.087334786190057,8.085297443030429,inf,inf,False,False,62,0
3671,0.0003909645478794202,8.087334786190057,8.085297443030429,8.087334786190057,0.0,True,False,189,198
3672,0.00039054938801565624,8.087334786190057,8.085297443030429,8.099061507846255,0.01172672165619737,False,False,27,128
3673,0.00039013466900442823,8.087334786190057,8.085297443030429,8.087334786190057,0.0,True,False,68,34
3674,0.0003897203903776013,8.087334786190057,8.085297443030429,8.176621013609205,0.08928622741914793,False,False,13,181
3675,0.0003893065516675371,8.087334786190057,8.085297443030429,8.087334786190057,0.0,True,False,117,38
3676,0.00038889315240709423,8.087387447655106,8.085297443030429,8.087387447655106,5.266146504823155e-05,True,False,28,21
3677,0.0003884801921296271,8.087387447655106,8.085297443030429,8.087387447655106,0.0,True,False,67,2
3678,0.0003880676703689857,8.087385158574836,8.085297443030429,8.087385158574836,-2.2890802693353862e-06,True,False,0,208
3679,0.0003876555866595153,8.087385158574836,8.085297443030429,8.109305336232014,0.021920177657177575,False,False,50,97
3680,0.00038724394053605486,8.087385158574836,8.085297443030429,inf,inf,False,False,236,155
3681,0.0003868327315339385,8.087385158574836,8.085297443030429,8.087385158574836,0.0,True,False,134,46
3682,0.0003864219591889928,8.087385158574836,8.085297443030429,8.087385158574836,0.0,True,False,227,100
3683,0.00038601162303753727,8.087385158574836,8.085297443030429,8.087385158574836,0.0,True,False,68,121
3684,0.0003856017226163845,8.087385158574836,8.085297443030429,8.087385158574836,0.0,True,False,88,126
3685,0.00038519225746283807,8.087385158574836,8.085297443030429,8.100765545099158,0.013380386524321608,False,False,211,233
3686,0.0003847832271146938,8.087385158574836,8.085297443030429,8.11057331436025,0.02318815578541411,False,False,2,192
3687,0.00038437463111023746,8.087385158574836,8.085297443030429,inf,inf,False,False,165,210
3688,0.0003839664689882454,8.087385158574836,8.085297443030429,8.11360935748211,0.026224198907273788,False,False,96,173
3689,0.00038355874028798417,8.087385158574836,8.085297443030429,8.172983645392014,0.08559848681717774,False,False,129,163
3690,0.00038315144454920884,8.087385158574836,8.085297443030429,8.087385158574836,0.0,True,False,56,9
3691,0.00038274458131216395,8.087385158574836,8.085297443030429,8.110012996110727,0.02262783753589126,False,False,182,42
3692,0.00038233815011758164,8.087385158574836,8.085297443030429,8.087385158574836,0.0,True,False,102,226
3693,0.00038193215050668185,8.087036524844214,8.085297443030429,8.087036524844214,-0.0003486337306224385,True,False,122,95
3694,0.0003815265820211722,8.0869591210468,8.085297443030429,8.0869591210468,-7.740379741427716e-05,True,False,178,1
3695,0.000381121444203246,8.0869591210468,8.085297443030429,8.0869591210468,0.0,True,False,68,156
3696,0.000380716736595584,8.0869591210468,8.085297443030429,8.0869591210468,0.0,True,False,213,192
3697,0.0003803124587413515,8.0869591210468,8.085297443030429,inf,inf,False,False,127,70
3698,0.000379908610184199,8.0869591210468,8.085297443030429,8.0869591210468,0.0,True,False,135,146
3699,0.00037950519046826234,8.0869591210468,8.085297443030429,8.130880735887517,0.04392161484071799,False,False,171,173
3700,0.0003791021991381605,8.0869591210468,8.085297443030429,8.0869591210468,0.0,True,False,139,15
3701,0.0003786996357389968,8.0869591210468,8.085297443030429,8.0869591210468,0.0,True,False,102,5
3702,0.00037829749981635723,8.0869591210468,8.085297443030429,8.0869591210468,0.0,True,False,126,193
3703,0.00037789579091631,8.0869591210468,8.085297443030429,8.101003840545184,0.014044719498384595,False,False,96,100
3704,0.00037749450858540624,8.0869591210468,8.085297443030429,8.10603101874508,0.019071897698280438,False,False,69,112
3705,0.0003770936523706776,8.0869591210468,8.085297443030429,8.0869591210468,0.0,True,False,124,184
3706,0.0003766932218196376,8.0869591210468,8.085297443030429,8.0869591210468,0.0,True,False,9,224
3707,0.0003762932164802796,8.0869591210468,8.085297443030429,8.12243531200363,0.03547619095682997,False,False,97,63
3708,0.000375893635901077,8.0869591210468,8.085297443030429,8.0869591210468,0.0,True,False,200,28
3709,0.00037549447963098324,8.0869591210468,8.085297443030429,8.125320917573227,0.03836179652642713,False,False,17,214
3710,0.00037509574721943,8.0869591210468,8.085297443030429,8.0869591210468,0.0,True,False,107,201
3711,0.000374697438216328,8.0869591210468,8.085297443030429,8.11443225456047,0.02747313351366998,False,False,20,4
3712,0.00037429955217206553,8.0869591210468,8.085297443030429,8.11432773669809,0.027368615651290895,False,False,185,4
3713,0.00037390208863750826,8.087063192736661,8.085297443030429,8.087063192736661,0.00010407168986148463,True,False,21,68
3714,0.0003735050471639993,8.087063192736661,8.085297443030429,8.087063192736661,0.0,True,False,14,183
3715,0.00037310842730335744,8.087063192736661,8.085297443030429,8.087063192736661,0.0,True,False,205,105
3716,0.0003727122286078782,8.087063192736661,8.085297443030429,8.087063192736661,0.0,True,False,90,171
3717,0.00037231645063033196,8.087063192736661,8.085297443030429,8.087063192736661,0.0,True,False,151,90
3718,0.0003719210929239638,8.087063192736661,8.085297443030429,inf,inf,False,False,85,161
3719,0.0003715261550424941,8.087063192736661,8.085297443030429,8.087063192736661,0.0,True,False,189,75
3720,0.00037113163654011616,8.087063192736661,8.085297443030429,inf,inf,False,False,10,117
3721,0.00037073753697149743,8.087063192736661,8.085297443030429,8.136421036186745,0.04935784345008365,False,False,160,57
3722,0.00037034385589177773,8.086970086484152,8.085297443030429,8.086970086484152,-9.310625250869009e-05,True,False,68,59
3723,0.0003699505928565694,8.086970086484152,8.085297443030429,8.086970086484152,0.0,True,False,150,110
3724,0.00036955774742195697,8.086970086484152,8.085297443030429,8.104983607649492,0.018013521165340052,False,False,42,80
3725,0.00036916531914449606,8.086970086484152,8.085297443030429,8.178175125902944,0.09120503941879221,False,False,105,82
3726,0.0003687733075812129,8.086970086484152,8.085297443030429,inf,inf,False,False,5,7
3727,0.000368381712289605,8.086970086484152,8.085297443030429,8.086970086484152,0.0,True,False,123,224
3728,0.00036799053282763873,8.086970086484152,8.085297443030429,8.086970086484152,0.0,True,False,27,192
3729,0.00036759976875375063,8.086970086484152,8.085297443030429,8.126747349561256,0.03977726307710405,False,False,17,105
3730,0.0003672094196268458,8.086970086484152,8.085297443030429,8.086970086484152,0.0,True,False,206,179
3731,0.00036681948500629755,8.086970086484152,8.085297443030429,8.086970086484152,0.0,True,False,12,206
3732,0.00036642996445194754,8.087044522093668,8.085297443030429,8.087044522093668,7.443560951614359e-05,True,False,191,216
3733,0.0003660408575241043,8.087044522093668,8.085297443030429,inf,inf,False,False,83,62
3734,0.0003656521637835439,8.087044522093668,8.085297443030429,inf,inf,False,False,196,187
3735,0.00036526388279150825,8.087044522093668,8.085297443030429,inf,inf,False,False,146,10
3736,0.0003648760141097053,8.087044522093668,8.085297443030429,8.089497114696583,0.0024525926029141942,False,False,206,178
3737,0.00036448855730030876,8.087044522093668,8.085297443030429,8.153429881936008,0.0663853598423394,False,False,82,26
3738,0.00036410151192595657,8.087044522093668,8.085297443030429,inf,inf,False,False,7,86
3739,0.0003637148775497521,8.087044522093668,8.085297443030429,8.087044522093668,0.0,True,False,22,206
3740,0.0003633286537352617,8.087082247810608,8.085297443030429,8.087082247810608,3.772571693971827e-05,True,False,40,59
3741,0.0003629428400465156,8.087082247810608,8.085297443030429,8.139092086193875,0.05200983838326678,False,False,85,125
3742,0.000362557436048007,8.087082247810608,8.085297443030429,8.087082247810608,0.0,True,False,19,31
3743,0.00036217244130469126,8.087082247810608,8.085297443030429,8.087082247810608,0.0,True,False,42,2
3744,0.00036178785538198635,8.087082247810608,8.085297443030429,inf,inf,False,False,186,165
3745,0.00036140367784577105,8.087082247810608,8.085297443030429,8.107086543130512,0.020004295319903775,False,False,116,197
3746,0.0003610199082623852,8.087082247810608,8.085297443030429,8.160133374717862,0.07305112690725402,False,False,132,11
3747,0.0003606365461986297,8.087082247810608,8.085297443030429,8.095092312316874,0.008010064506265735,False,False,71,169
3748,0.00036025359122176463,8.087082247810608,8.085297443030429,8.087082247810608,0.0,True,False,228,42
3749,0.00035987104289951055,8.087082247810608,8.085297443030429,8.087082247810608,0.0,True,False,209,72
3750,0.00035948890080004625,8.087082247810608,8.085297443030429,8.087082247810608,0.0,True,False,204,16
3751,0.0003591071644920091,8.087082247810608,8.085297443030429,8.087082247810608,0.0,True,False,194,115
3752,0.0003587258335444953,8.087082247810608,8.085297443030429,8.087082247810608,0.0,True,False,84,70
3753,0.00035834490752705765,8.087082247810608,8.085297443030429,8.087082247810608,0.0,True,False,206,110
3754,0.0003579643860097069,8.087082247810608,8.085297443030429,8.127553618848609,0.04047137103800047,False,False,18,17
3755,0.0003575842685629097,8.087082247810608,8.085297443030429,inf,inf,False,False,222,98
3756,0.00035720455475758895,8.087082247810608,8.085297443030429,8.087082247810608,0.0,True,False,32,128
3757,0.00035682524416512373,8.087082247810608,8.085297443030429,8.17564578399049,0.08856353617988155,False,False,64,24
3758,0.00035644633635734753,8.087082247810608,8.085297443030429,8.087082247810608,0.0,True,False,192,22
3759,0.0003560678309065492,8.087082247810608,8.085297443030429,8.087082247810608,0.0,True,False,51,67
3760,0.0003556897273854711,8.08715359414773,8.085297443030429,8.08715359414773,7.134633712269078e-05,True,False,181,78
3761,0.0003553120253673096,8.08715359414773,8.085297443030429,8.08715359414773,0.0,True,False,14,93
3762,0.0003549347244257145,8.08715359414773,8.085297443030429,8.08715359414773,0.0,True,False,77,136
3763,0.00035455782413478784,8.08715359414773,8.085297443030429,inf,inf,False,False,232,140
3764,0.0003541813240690846,8.08715359414773,8.085297443030429,inf,inf,False,False,145,79
3765,0.0003538052238036109,8.08715359414773,8.085297443030429,8.08715359414773,0.0,True,False,115,218
3766,0.0003534295229138241,8.08715359414773,8.085297443030429,8.101493657343728,0.014340063195996677,False,False,139,3
3767,0.0003530542209756333,8.08715359414773,8.085297443030429,8.233371165627865,0.14621757148013437,False,False,161,25
3768,0.0003526793175653966,8.08715359414773,8.085297443030429,inf,inf,False,False,10,38
3769,0.00035230481225992334,8.08715359414773,8.085297443030429,inf,inf,False,False,194,86
3770,0.00035193070463647116,8.08715359414773,8.085297443030429,8.148204403497981,0.061050809350250645,False,False,72,112
3771,0.0003515569942727469,8.08715359414773,8.085297443030429,8.08715359414773,0.0,True,False,71,152
3772,0.00035118368074690636,8.08715359414773,8.085297443030429,8.08715359414773,0.0,True,False,55,40
3773,0.0003508107636375523,8.08715359414773,8.085297443030429,8.08715359414773,0.0,True,False,205,228
3774,0.0003504382425237361,8.08715359414773,8.085297443030429,8.08715359414773,0.0,True,False,77,23
3775,0.0003500661169849552,8.08715359414773,8.085297443030429,8.088236703793633,0.0010831096459025247,False,False,187,0
3776,0.00034969438660115387,8.08715359414773,8.085297443030429,8.08715359414773,0.0,True,False,34,216
3777,0.00034932305095272285,8.08715359414773,8.085297443030429,8.08715359414773,0.0,True,False,61,101
3778,0.0003489521096204976,8.08715359414773,8.085297443030429,8.08715359414773,0.0,True,False,176,138
3779,0.0003485815621857597,8.08715359414773,8.085297443030429,8.08715359414773,0.0,True,False,224,16
3780,0.0003482114082302345,8.08715359414773,8.085297443030429,8.08715359414773,0.0,True,False,53,124
3781,0.0003478416473360918,8.08715359414773,8.085297443030429,8.08715359414773,0.0,True,False,115,229
3782,0.00034747227908594547,8.08715359414773,8.085297443030429,8.08715359414773,0.0,True,False,75,88
3783,0.000347103303062852,8.08715359414773,8.085297443030429,8.087764190241792,0.0006105960940612221,False,False,187,43
3784,0.0003467347188503108,8.08643369121203,8.085297443030429,8.08643369121203,-0.0007199029357014552,True,False,114,63
3785,0.00034636652603226394,8.08643369121203,8.085297443030429,8.08643369121203,0.0,True,False,222,168
3786,0.0003459987241930947,8.08643369121203,8.085297443030429,8.08704428730609,0.0006105960940612221,False,False,191,117
3787,0.0003456313129176283,8.08643369121203,8.085297443030429,inf,inf,False,False,87,3
3788,0.00034526429179113045,8.08643369121203,8.085297443030429,8.119680289481579,0.033246598269549565,False,False,28,213
3789,0.00034489766039930695,8.08643369121203,8.085297443030429,8.111809197982359,0.02537550677032918,False,False,38,20
3790,0.00034453141832830453,8.08643369121203,8.085297443030429,8.08643369121203,0.0,True,False,37,75
3791,0.00034416556516470834,8.086482401072212,8.085297443030429,8.086482401072212,4.8709860182682974e-05,True,False,164,176
3792,0.00034380010049554326,8.086482401072212,8.085297443030429,8.10705611300484,0.020573711932627248,False,False,190,237
3793,0.0003434350239082723,8.086482401072212,8.085297443030429,8.086482401072212,0.0,True,False,100,85
3794,0.00034307033499079634,8.086482401072212,8.085297443030429,8.086482401072212,0.0,True,False,30,39
3795,0.00034270603333145464,8.086482401072212,8.085297443030429,8.08704428730609,0.0005618862338785391,False,False,115,176
3796,0.00034234211851902276,8.086482401072212,8.085297443030429,8.135956302606134,0.04947390153392206,False,False,233,101
3797,0.00034197859014271367,8.086482401072212,8.085297443030429,8.117125831099324,0.030643430027112117,False,False,142,144
3798,0.000341615447792176,8.086482401072212,8.085297443030429,inf,inf,False,False,10,119
3799,0.00034125269105749406,8.086482401072212,8.085297443030429,inf,inf,False,False,185,142
3800,0.0003408903195291881,8.086482401072212,8.085297443030429,inf,inf,False,False,117,125
3801,0.0003405283327982123,8.086482401072212,8.085297443030429,8.086482401072212,0.0,True,False,111,171
3802,0.00034016673045595634,8.086482401072212,8.085297443030429,8.086482401072212,0.0,True,False,53,70
3803,0.0003398055120942427,8.086482401072212,8.085297443030429,8.086482401072212,0.0,True,False,180,43
3804,0.0003394446773053275,8.086482401072212,8.085297443030429,8.086482401072212,0.0,True,False,69,57
3805,0.0003390842256819007,8.086482401072212,8.085297443030429,8.086482401072212,0.0,True,False,34,151
3806,0.00033872415681708356,8.086482401072212,8.085297443030429,8.086482401072212,0.0,True,False,21,151
3807,0.00033836447030443045,8.086482401072212,8.085297443030429,8.086482401072212,0.0,True,False,51,119
3808,0.00033800516573792675,8.086482401072212,8.085297443030429,8.088063060930006,0.0015806598577938757,False,False,80,5
3809,0.00033764624271198873,8.086482401072212,8.085297443030429,8.086482401072212,0.0,True,False,201,8
3810,0.0003372877008214643,8.086482401072212,8.085297443030429,8.086482401072212,0.0,True,False,95,97
3811,0.0003369295396616305,8.087263011425447,8.085297443030429,8.087263011425447,0.0007806103532352893,True,False,80,128
3812,0.00033657175882819513,8.087263011425447,8.085297443030429,inf,inf,False,False,50,165
3813,0.0003362143579172947,8.087263011425447,8.085297443030429,inf,inf,False,False,107,73
3814,0.0003358573365254943,8.087263011425447,8.085297443030429,8.087263011425447,0.0,True,False,58,27
3815,0.0003355006942497883,8.087263011425447,8.085297443030429,inf,inf,False,False,6,160
3816,0.0003351444306875983,8.087263011425447,8.085297443030429,inf,inf,False,False,10,202
3817,0.0003347885454367739,8.087263011425447,8.085297443030429,8.087263011425447,0.0,True,False,67,14
3818,0.0003344330380955913,8.087263011425447,8.085297443030429,8.087263011425447,0.0,True,False,85,109
3819,0.00033407790826275337,8.087263011425447,8.085297443030429,inf,inf,False,False,168,200
3820,0.00033372315553738935,8.087263011425447,8.085297443030429,inf,inf,False,False,125,78
3821,0.00033336877951905386,8.087263011425447,8.085297443030429,inf,inf,False,False,213,66
3822,0.00033301477980772715,8.087263011425447,8.085297443030429,inf,inf,False,False,85,143
3823,0.00033266115600381386,8.087263011425447,8.085297443030429,8.087263011425447,0.0,True,False,77,211
3824,0.00033230790770814286,8.087263011425447,8.085297443030429,8.087263011425447,0.0,True,False,219,159
3825,0.0003319550345219676,8.087263011425447,8.085297443030429,inf,inf,False,False,45,207
3826,0.00033160253604696394,8.087263011425447,8.085297443030429,8.087263011425447,0.0,True,False,116,179
3827,0.00033125041188523176,8.087263011425447,8.085297443030429,8.135159074302363,0.047896062876915835,False,False,239,167
3828,0.0003308986616392927,8.085391641840866,8.085297443030429,8.085391641840866,-0.0018713695845811174,True,False,153,96
3829,0.0003305472849120906,8.085391641840866,8.085297443030429,inf,inf,False,False,223,168
3830,0.0003301962813069915,8.085391641840866,8.085297443030429,8.085391641840866,0.0,True,False,105,205
3831,0.00032984565042778156,8.085391641840866,8.085297443030429,8.085391641840866,0.0,True,False,181,211
3832,0.00032949539187866885,8.085391641840866,8.085297443030429,8.085391641840866,0.0,True,False,24,55
3833,0.000329145505264281,8.085391641840866,8.085297443030429,8.085391641840866,0.0,True,False,32,15
3834,0.0003287959901896655,8.085391641840866,8.085297443030429,8.086808655276052,0.0014170134351854102,False,False,15,122
3835,0.00032844684626028963,8.085391641840866,8.085297443030429,8.085391641840866,0.0,True,False,76,112
3836,0.0003280980730820393,8.085391641840866,8.085297443030429,8.085391641840866,0.0,True,False,23,60
3837,0.0003277496702612187,8.085391641840866,8.085297443030429,8.099145516494477,0.01375387465361122,False,False,148,238
3838,0.0003274016374045508,8.085391641840866,8.085297443030429,8.085391641840866,0.0,True,False,90,215
3839,0.0003270539741191755,8.085391641840866,8.085297443030429,8.085391641840866,0.0,True,False,30,138
3840,0.00032670668001265037,8.085391641840866,8.085297443030429,8.085391641840866,0.0,True,False,174,199
3841,0.0003263597546929493,8.085391641840866,8.085297443030429,inf,inf,False,False,87,23
3842,0.00032601319776846263,8.085391641840866,8.085297443030429,8.11705233357707,0.031660691736203006,False,False,152,143
3843,0.0003256670088479967,8.085391641840866,8.085297443030429,8.085391641840866,0.0,True,False,229,19
3844,0.00032532118754077295,8.085391641840866,8.085297443030429,8.085391641840866,0.0,True,False,172,44
3845,0.0003249757334564281,8.085391641840866,8.085297443030429,inf,inf,False,False,27,45
3846,0.0003246306462050133,8.085391641840866,8.085297443030429,8.085391641840866,0.0,True,False,118,113
3847,0.0003242859253969933,8.085391641840866,8.085297443030429,8.085391641840866,0.0,True,False,52,216
3848,0.0003239415706432474,8.085391641840866,8.085297443030429,8.085391641840866,0.0,True,False,15,174
3849,0.0003235975815550673,8.085391641840866,8.085297443030429,inf,inf,False,False,230,155
3850,0.000323253957744158,8.085391641840866,8.085297443030429,8.101055316795954,0.01566367495508736,False,False,83,57
3851,0.0003229106988226365,8.085391641840866,8.085297443030429,inf,inf,False,False,213,81
3852,0.0003225678044030316,8.085391641840866,8.085297443030429,8.085391641840866,0.0,True,False,74,153
3853,0.0003222252740982841,8.085391641840866,8.085297443030429,inf,inf,False,False,10,14
3854,0.00032188310752174506,8.085391641840866,8.085297443030429,inf,inf,False,False,198,161
3855,0.000321541304287177,8.083093886876973,8.083093886876973,8.083093886876973,-0.0022977549638927286,True,True,179,178
3856,0.0003211998640087517,8.083093886876973,8.083093886876973,inf,inf,False,False,83,155
3857,0.000320858786301051,8.083093886876973,8.083093886876973,inf,inf,False,False,67,6
3858,0.00032051807077906647,8.083093886876973,8.083093886876973,inf,inf,False,False,234,217
3859,0.0003201777170581975,8.083093886876973,8.083093886876973,inf,inf,False,False,87,67
3860,0.000319837724754253,8.083093886876973,8.083093886876973,inf,inf,False,False,237,7
3861,0.0003194980934834491,8.083093886876973,8.083093886876973,8.083093886876973,0.0,True,False,76,31
3862,0.00031915882286240955,8.083093886876973,8.083093886876973,8.083093886876973,0.0,True,False,104,101
3863,0.0003188199125081657,8.083093886876973,8.083093886876973,8.083093886876973,0.0,True,False,23,120
3864,0.0003184813620381547,8.083093886876973,8.083093886876973,8.083093886876973,0.0,True,False,32,140
3865,0.000318143171070221,8.083093886876973,8.083093886876973,8.090259106954086,0.007165220077112622,False,False,123,96
3866,0.00031780533922261397,8.083093886876973,8.083093886876973,inf,inf,False,False,173,143
3867,0.0003174678661139885,8.083093886876973,8.083093886876973,inf,inf,False,False,196,13
3868,0.0003171307513634051,8.083093886876973,8.083093886876973,8.083093886876973,0.0,True,False,201,34
3869,0.0003167939945903279,8.083093886876973,8.083093886876973,8.104805753536938,0.02171186665996494,False,False,158,102
3870,0.00031645759541462583,8.083093886876973,8.083093886876973,8.083093886876973,0.0,True,False,66,94
3871,0.00031612155345657104,8.083093886876973,8.083093886876973,8.083093886876973,0.0,True,False,118,156
3872,0.0003157858683368388,8.083093886876973,8.083093886876973,8.083093886876973,0.0,True,False,34,153
3873,0.00031545053967650785,8.083093886876973,8.083093886876973,inf,inf,False,False,91,170
3874,0.0003151155670970585,8.083093886876973,8.083093886876973,8.083093886876973,0.0,True,False,48,116
3875,0.0003147809502203736,8.083093886876973,8.083093886876973,8.085273293549122,0.002179406672148332,False,False,210,58
3876,0.0003144466886687373,8.083093886876973,8.083093886876973,8.083093886876973,0.0,True,False,146,34
3877,0.00031411278206483446,8.083093886876973,8.083093886876973,8.08686548530145,0.0037715984244766076,False,False,145,141
3878,0.0003137792300317515,8.083093886876973,8.083093886876973,8.083093886876973,0.0,True,False,226,147
3879,0.0003134460321929741,8.083093886876973,8.083093886876973,8.083093886876973,0.0,True,False,160,5
3880,0.0003131131881723885,8.083093886876973,8.083093886876973,8.083597192793043,0.0005033059160695075,False,False,70,122
3881,0.00031278069759428005,8.083093886876973,8.083093886876973,8.083093886876973,0.0,True,False,32,39
3882,0.0003124485600833327,8.083093886876973,8.083093886876973,inf,inf,False,False,173,140
3883,0.0003121167752646298,8.083037327481282,8.083037327481282,8.083037327481282,-5.655939569138013e-05,True,True,24,43
3884,0.00031178534276365185,8.083037327481282,8.083037327481282,8.085001763456926,0.0019644359756441077,False,False,238,96
3885,0.000311454262206278,8.083093886876973,8.083037327481282,8.083093886876973,5.655939569138013e-05,True,False,61,43
3886,0.00031112353321878386,8.083093886876973,8.083037327481282,8.124839944647197,0.041746057770224,False,False,69,130
3887,0.00031079315542784206,8.082156896824731,8.082156896824731,8.082156896824731,-0.000936990052242237,True,True,182,185
3888,0.0003104631284605223,8.082156896824731,8.082156896824731,8.082156896824731,0.0,True,False,59,202
3889,0.0003101334519442893,8.082156896824731,8.082156896824731,8.082658986850383,0.0005020900256518246,False,False,19,157
3890,0.0003098041255070044,8.082156896824731,8.082156896824731,8.082156896824731,0.0,True,False,30,32
3891,0.0003094751487769233,8.082156896824731,8.082156896824731,8.082156896824731,0.0,True,False,239,70
3892,0.0003091465213826966,8.082156896824731,8.082156896824731,8.082156896824731,0.0,True,False,91,216
3893,0.0003088182429533698,8.082156896824731,8.082156896824731,8.082156896824731,0.0,True,False,140,76
3894,0.0003084903131183815,8.082156896824731,8.082156896824731,8.116953158132704,0.03479626130797264,False,False,173,112
3895,0.0003081627315075642,8.082156896824731,8.082156896824731,8.082156896824731,0.0,True,False,228,102
3896,0.00030783549775114375,8.082156896824731,8.082156896824731,8.082156896824731,0.0,True,False,228,119
3897,0.00030750861147973795,8.082156896824731,8.082156896824731,8.082156896824731,0.0,True,False,154,111
3898,0.0003071820723243578,8.082156896824731,8.082156896824731,8.129904368234186,0.04774747140945479,False,False,167,40
3899,0.00030685587991640507,8.082156896824731,8.082156896824731,8.134017761812489,0.05186086498775744,False,False,142,107
3900,0.0003065300338876735,8.082156896824731,8.082156896824731,inf,inf,False,False,168,194
3901,0.00030620453387034813,8.082156896824731,8.082156896824731,inf,inf,False,False,65,170
3902,0.00030587937949700376,8.082156896824731,8.082156896824731,inf,inf,False,False,4,193
3903,0.00030555457040060623,8.082156896824731,8.082156896824731,inf,inf,False,False,166,87
3904,0.0003052301062145106,8.082156896824731,8.082156896824731,8.136632561543097,0.054475664718365735,False,False,106,26
3905,0.00030490598657246094,8.082156896824731,8.082156896824731,8.082156896824731,0.0,True,False,13,202
3906,0.0003045822111085913,8.082156896824731,8.082156896824731,8.082156896824731,0.0,True,False,90,226
3907,0.0003042587794574232,8.082156896824731,8.082156896824731,8.103999270139875,0.021842373315143604,False,False,158,11
3908,0.000303935691253867,8.082156896824731,8.082156896824731,8.10922657813219,0.027069681307459348,False,False,146,20
3909,0.00030361294613322025,8.082156896824731,8.082156896824731,inf,inf,False,False,43,12
3910,0.0003032905437311676,8.082156896824731,8.082156896824731,8.082156896824731,0.0,True,False,92,32
3911,0.0003029684836837816,8.082156896824731,8.082156896824731,inf,inf,False,False,162,197
3912,0.0003026467656275199,8.082156896824731,8.082156896824731,8.082156896824731,0.0,True,False,46,35
3913,0.00030232538919922725,8.082156896824731,8.082156896824731,8.082658986850383,0.0005020900256518246,False,False,104,157
3914,0.00030200435403613356,8.082156896824731,8.082156896824731,8.082156896824731,0.0,True,False,68,227
3915,0.0003016836597758537,8.082156896824731,8.082156896824731,8.132337487128568,0.050180590303837036,False,False,126,17
3916,0.00030136330605638805,8.082156896824731,8.082156896824731,8.140837770972523,0.05868087414779133,False,False,82,69
3917,0.0003010432925161208,8.082156896824731,8.082156896824731,8.084555392493497,0.002398495668765932,False,False,61,138
3918,0.0003007236187938205,8.082156896824731,8.082156896824731,8.089410015994615,0.007253119169883249,False,False,163,212
3919,0.00030040428452863914,8.082156896824731,8.082156896824731,inf,inf,False,False,173,22
3920,0.0003000852893601116,8.082156896824731,8.082156896824731,8.113712033686358,0.03155513686162692,False,False,150,130
3921,0.0002997666329281562,8.082156896824731,8.082156896824731,8.082156896824731,0.0,True,False,194,59
3922,0.0002994483148730729,8.082066789361846,8.082066789361846,8.082066789361846,-9.010746288495852e-05,True,True,0,231
3923,0.0002991303348355443,8.082066789361846,8.082066789361846,8.12607343918852,0.044006649826673794,False,False,85,17
3924,0.00029881269245663405,8.082066789361846,8.082066789361846,inf,inf,False,False,45,228
3925,0.0002984953873777869,8.082066789361846,8.082066789361846,8.082658986850383,0.0005921974885367831,False,False,122,28
3926,0.000298178419240829,8.082066789361846,8.082066789361846,8.082066789361846,0.0,True,False,137,57
3927,0.000297861787687966,8.082066789361846,8.082066789361846,8.082066789361846,0.0,True,False,171,38
3928,0.00029754549236178424,8.082066789361846,8.082066789361846,8.082066789361846,0.0,True,False,218,186
3929,0.00029722953290524905,8.082066789361846,8.082066789361846,8.082066789361846,0.0,True,False,183,199
3930,0.00029691390896170494,8.082066789361846,8.082066789361846,8.142594239198967,0.060527449837120884,False,False,73,33
3931,0.0002965986201748756,8.082066789361846,8.082066789361846,8.082066789361846,0.0,True,False,124,200
3932,0.0002962836661888625,8.082066789361846,8.082066789361846,8.082066789361846,0.0,True,False,38,195
3933,0.0002959690466481455,8.082066789361846,8.082066789361846,8.082066789361846,0.0,True,False,106,215
3934,0.0002956547611975816,8.082066789361846,8.082066789361846,inf,inf,False,False,18,81
3935,0.00029534080948240494,8.082066789361846,8.082066789361846,8.082066789361846,0.0,True,False,2,56
3936,0.00029502719114822676,8.082066789361846,8.082066789361846,inf,inf,False,False,134,79
3937,0.0002947139058410342,8.082066789361846,8.082066789361846,8.084198580762362,0.002131791400515226,False,False,102,176
3938,0.00029440095320719064,8.082066789361846,8.082066789361846,8.149212217921182,0.06714542855933558,False,False,142,110
3939,0.0002940883328934348,8.082066789361846,8.082066789361846,8.082066789361846,0.0,True,False,5,147
3940,0.00029377604454688033,8.082066789361846,8.082066789361846,inf,inf,False,False,10,124
3941,0.00029346408781501617,8.082039887657004,8.082039887657004,8.082039887657004,-2.6901704842430263e-05,True,True,229,176
3942,0.000293152462345705,8.082039887657004,8.082039887657004,8.149185316216343,0.06714542855933914,False,False,78,72
3943,0.00029284116778718395,8.082039887657004,8.082039887657004,8.082039887657004,0.0,True,False,54,66
3944,0.00029253020378806324,8.082039887657004,8.082039887657004,8.082039887657004,0.0,True,False,30,100
3945,0.0002922195699973262,8.082039887657004,8.082039887657004,8.082476224443074,0.000436336786069802,False,False,113,182
3946,0.0002919092660643295,8.082039887657004,8.082039887657004,inf,inf,False,False,63,155
3947,0.0002915992916388014,8.082039887657004,8.082039887657004,inf,inf,False,False,79,124
3948,0.00029128964637084283,8.082039887657004,8.082039887657004,8.082039887657004,0.0,True,False,171,203
3949,0.0002909803299109257,8.082039887657004,8.082039887657004,8.082039887657004,0.0,True,False,67,216
3950,0.0002906713419098931,8.082039887657004,8.082039887657004,8.082039887657004,0.0,True,False,93,223
3951,0.0002903626820189594,8.082039887657004,8.082039887657004,8.168505707620568,0.08646581996356417,False,False,48,132
3952,0.0002900543498897089,8.082039887657004,8.082039887657004,8.09078166408836,0.00874177643135532,False,False,154,82
3953,0.00028974634517409575,8.082039887657004,8.082039887657004,8.082039887657004,0.0,True,False,152,39
3954,0.0002894386675244443,8.082039887657004,8.082039887657004,8.106948625282932,0.024908737625928268,False,False,12,118
3955,0.00028913131659344735,8.082039887657004,8.082039887657004,8.082039887657004,0.0,True,False,73,72
3956,0.0002888242920341672,8.082039887657004,8.082039887657004,8.082039887657004,0.0,True,False,21,59
3957,0.00028851759350003413,8.082039887657004,8.082039887657004,8.082039887657004,0.0,True,False,104,134
3958,0.0002882112206448463,8.082039887657004,8.082039887657004,8.117174473377247,0.035134585720243194,False,False,213,163
3959,0.00028790517312277,8.08176863650293,8.08176863650293,8.08176863650293,-0.00027125115407322653,True,True,89,65
3960,0.00028759945058833827,8.08176863650293,8.08176863650293,8.126077415976546,0.044308779473615445,False,False,1,17
3961,0.0002872940526964515,8.08176863650293,8.08176863650293,8.08176863650293,0.0,True,False,102,239
3962,0.00028698897910237606,8.08176863650293,8.08176863650293,8.08176863650293,0.0,True,False,39,126
3963,0.0002866842294617444,8.08176863650293,8.08176863650293,8.081910568698328,0.00014193219539748725,False,False,194,191
3964,0.0002863798034305552,8.08176863650293,8.08176863650293,8.08176863650293,0.0,True,False,41,98
3965,0.00028607570066517166,8.08176863650293,8.08176863650293,8.112331520454209,0.030562883951278152,False,False,147,64
3966,0.0002857719208223227,8.08176863650293,8.08176863650293,inf,inf,False,False,159,70
3967,0.0002854684635591011,8.08176863650293,8.08176863650293,8.08176863650293,0.0,True,False,51,220
3968,0.00028516532853296384,8.08176863650293,8.08176863650293,8.08176863650293,0.0,True,False,205,213
3969,0.00028486251540173213,8.08176863650293,8.08176863650293,8.08176863650293,0.0,True,False,160,84
3970,0.0002845600238235899,8.08176863650293,8.08176863650293,8.105507791690833,0.023739155187902483,False,False,138,4
3971,0.0002842578534570847,8.08176863650293,8.08176863650293,inf,inf,False,False,155,31
3972,0.0002839560039611261,8.08176863650293,8.08176863650293,inf,inf,False,False,63,143
3973,0.000283654474994986,8.081866858726862,8.08176863650293,8.081866858726862,9.822222393118807e-05,True,False,122,236
3974,0.00028335326621829846,8.081866858726862,8.08176863650293,8.091962627799408,0.010095769072545835,False,False,163,230
3975,0.0002830523772910584,8.081866858726862,8.08176863650293,8.107126369234138,0.025259510507275706,False,False,20,8
3976,0.00028275180787362247,8.081866858726862,8.08176863650293,inf,inf,False,False,6,177
3977,0.0002824515576267074,8.081866858726862,8.08176863650293,8.081866858726862,0.0,True,False,8,91
3978,0.0002821516262113903,8.081866858726862,8.08176863650293,8.081866858726862,0.0,True,False,86,90
3979,0.0002818520132891086,8.081866858726862,8.08176863650293,8.081866858726862,0.0,True,False,205,74
3980,0.0002815527185216586,8.081866858726862,8.08176863650293,inf,inf,False,False,73,161
3981,0.00028125374157119635,8.081966275815882,8.08176863650293,8.081966275815882,9.941708901983759e-05,True,False,151,210
3982,0.00028095508210023633,8.081966275815882,8.08176863650293,8.081966275815882,0.0,True,False,153,41
3983,0.00028065673977165117,8.081983861667895,8.08176863650293,8.081983861667895,1.758585201372398e-05,True,False,63,78
3984,0.00028035871424867206,8.081983861667895,8.08176863650293,8.15469571031513,0.07271184864723423,False,False,76,87
3985,0.0002800610051948873,8.081983861667895,8.08176863650293,inf,inf,False,False,45,9
3986,0.00027976361227424285,8.081983861667895,8.08176863650293,8.081983861667895,0.0,True,False,122,34
3987,0.00027946653515104107,8.081983861667895,8.08176863650293,8.081983861667895,0.0,True,False,49,88
3988,0.00027916977348994094,8.081983861667895,8.08176863650293,inf,inf,False,False,230,232
3989,0.0002788733269559579,8.081983861667895,8.08176863650293,8.081983861667895,0.0,True,False,186,51
3990,0.0002785771952144625,8.081983861667895,8.08176863650293,8.163764357862721,0.08178049619482586,False,False,66,30
3991,0.0002782813779311812,8.081983861667895,8.08176863650293,inf,inf,False,False,161,56
3992,0.00027798587477219507,8.081983861667895,8.08176863650293,inf,inf,False,False,153,79
3993,0.00027769068540393964,8.081983861667895,8.08176863650293,8.106616962439407,0.024633100771511707,False,False,137,80
3994,0.0002773958094932052,8.081983861667895,8.08176863650293,8.128458892841373,0.04647503117347718,False,False,26,114
3995,0.0002771012467071352,8.081983861667895,8.08176863650293,8.157952575966869,0.07596871429897334,False,False,47,167
3996,0.00027680699671322724,8.081983861667895,8.08176863650293,8.100842393820757,0.01885853215286204,False,False,196,216
3997,0.0002765130591793314,8.081983861667895,8.08176863650293,inf,inf,False,False,119,79
3998,0.0002762194337736506,8.081983861667895,8.08176863650293,8.081983861667895,0.0,True,False,47,139
3999,0.0002759261201647405,8.081983861667895,8.08176863650293,8.081983861667895,0.0,True,False,178,98
4000,0.00027563311802150805,8.081983861667895,8.08176863650293,8.081983861667895,0.0,True,False,4,137
4001,0.0002753404270132125,8.081983861667895,8.08176863650293,8.101973380904134,0.019989519236238706,False,False,107,196
4002,0.0002750480468094637,8.081983861667895,8.08176863650293,inf,inf,False,False,66,162
4003,0.0002747559770802226,8.081983861667895,8.08176863650293,inf,inf,False,False,128,170
4004,0.0002744642174958008,8.081983861667895,8.08176863650293,8.124228699352638,0.042244837684743075,False,False,230,26
4005,0.00027417276772685945,8.081983861667895,8.08176863650293,8.083032417329681,0.001048555661785855,False,False,191,52
4006,0.0002738816274444102,8.081983861667895,8.08176863650293,inf,inf,False,False,6,156
4007,0.0002735907963198133,8.081983861667895,8.08176863650293,8.092043850813734,0.010059989145839054,False,False,28,196
4008,0.00027330027402477827,8.081983861667895,8.08176863650293,inf,inf,False,False,188,89
4009,0.0002730100602313635,8.081983861667895,8.08176863650293,8.081983861667895,0.0,True,False,140,59
4010,0.0002727201546119752,8.081983861667895,8.08176863650293,8.081983861667895,0.0,True,False,57,171
4011,0.0002724305568393675,8.081983861667895,8.08176863650293,8.081983861667895,0.0,True,False,154,104
4012,0.00027214126658664246,8.081983861667895,8.08176863650293,8.081983861667895,0.0,True,False,88,194
4013,0.0002718522835272486,8.08215149831611,8.08176863650293,8.08215149831611,0.0001676366482143976,True,False,185,114
4014,0.00027156360733498195,8.08215149831611,8.08176863650293,8.08215149831611,0.0,True,False,68,113
4015,0.0002712752376839843,8.08215149831611,8.08176863650293,inf,inf,False,False,180,7
4016,0.00027098717424874357,8.08215149831611,8.08176863650293,inf,inf,False,False,155,21
4017,0.0002706994167040938,8.08215149831611,8.08176863650293,8.08215149831611,0.0,True,False,56,38
4018,0.00027041196472521364,8.08215149831611,8.08176863650293,8.08215149831611,0.0,True,False,171,46
4019,0.0002701248179876274,8.08215149831611,8.08176863650293,8.08215149831611,0.0,True,False,168,202
4020,0.0002698379761672033,8.08215149831611,8.08176863650293,8.08215149831611,0.0,True,False,71,91
4021,0.00026955143894015395,8.08215149831611,8.08176863650293,8.08215149831611,0.0,True,False,168,22
4022,0.0002692652059830361,8.08215149831611,8.08176863650293,8.08215149831611,0.0,True,False,172,215
4023,0.0002689792769727494,8.08215149831611,8.08176863650293,8.116137099784567,0.03398560146845675,False,False,237,160
4024,0.0002686936515865372,8.08215149831611,8.08176863650293,inf,inf,False,False,58,165
4025,0.00026840832950198514,8.08215149831611,8.08176863650293,8.08215149831611,0.0,True,False,149,178
4026,0.0002681233103970212,8.08215149831611,8.08176863650293,inf,inf,False,False,163,25
4027,0.00026783859394991584,8.08215149831611,8.08176863650293,8.098828966021903,0.016677467705793703,False,False,105,204
4028,0.0002675541798392806,8.08215149831611,8.08176863650293,8.08215149831611,0.0,True,False,111,95
4029,0.0002672700677440688,8.082204170234842,8.08176863650293,8.082204170234842,5.267191873237209e-05,True,False,236,124
4030,0.00026698625734357433,8.082204170234842,8.08176863650293,inf,inf,False,False,39,155
4031,0.00026670274831743147,8.082204170234842,8.08176863650293,8.09153528194142,0.009331111706577744,False,False,177,119
4032,0.00026641954034561536,8.082204170234842,8.08176863650293,8.082204170234842,0.0,True,False,93,37
4033,0.00026613663310844017,8.082204170234842,8.08176863650293,8.082204170234842,0.0,True,False,164,154
4034,0.0002658540262865603,8.082204170234842,8.08176863650293,inf,inf,False,False,9,62
4035,0.00026557171956096873,8.082204170234842,8.08176863650293,8.082204170234842,0.0,True,False,236,148
4036,0.0002652897126129972,8.082204170234842,8.08176863650293,8.082839110948408,0.0006349407135655127,False,False,114,180
4037,0.00026500800512431624,8.082204170234842,8.08176863650293,8.082204170234842,0.0,True,False,68,20
4038,0.0002647265967769339,8.082204170234842,8.08176863650293,8.082204170234842,0.0,True,False,13,201
4039,0.00026444548725319643,8.082204170234842,8.08176863650293,8.082204170234842,0.0,True,False,137,41
4040,0.00026416467623578704,8.082204170234842,8.08176863650293,inf,inf,False,False,6,176
4041,0.00026388416340772576,8.082204170234842,8.08176863650293,inf,inf,False,False,104,170
4042,0.0002636039484523697,8.082204170234842,8.08176863650293,8.082204170234842,0.0,True,False,94,116
4043,0.00026332403105341174,8.082204170234842,8.08176863650293,8.175759924618719,0.09355575438387653,False,False,179,70
4044,0.0002630444108948811,8.082204170234842,8.08176863650293,inf,inf,False,False,162,104
4045,0.0002627650876611421,8.082204170234842,8.08176863650293,8.09902204518114,0.01681787494629816,False,False,124,125
4046,0.0002624860610368942,8.082204170234842,8.08176863650293,8.082204170234842,0.0,True,False,31,98
4047,0.0002622073307071723,8.082204170234842,8.08176863650293,8.082618199205044,0.00041402897020148544,False,False,129,209
4048,0.0002619288963573449,8.082204170234842,8.08176863650293,8.082204170234842,0.0,True,False,102,44
4049,0.00026165075767311543,8.082204170234842,8.08176863650293,8.082204170234842,0.0,True,False,76,147
4050,0.00026137291434052046,8.082204170234842,8.08176863650293,8.106074685399841,0.023870515164999162,False,False,190,89
4051,0.00026109536604593,8.082204170234842,8.08176863650293,8.091111811612382,0.008907641377540187,False,False,133,144
4052,0.0002608181124760476,8.082204170234842,8.08176863650293,8.082204170234842,0.0,True,False,68,236
4053,0.0002605411533179088,8.082204170234842,8.08176863650293,inf,inf,False,False,141,155
4054,0.00026026448825888223,8.082204170234842,8.08176863650293,8.146237480125672,0.06403330989082967,False,False,72,124
4055,0.0002599881169866678,8.082204170234842,8.08176863650293,8.082204170234842,0.0,True,False,35,152
4056,0.0002597120391892973,8.082204170234842,8.08176863650293,inf,inf,False,False,155,129
4057,0.0002594362545551342,8.082204170234842,8.08176863650293,8.095339611429019,0.013135441194176423,False,False,47,39
4058,0.0002591607627728721,8.082204170234842,8.08176863650293,8.082204170234842,0.0,True,False,146,126
4059,0.00025888556353153593,8.082204170234842,8.08176863650293,inf,inf,False,False,176,217
4060,0.0002586106565204804,8.082204170234842,8.08176863650293,inf,inf,False,False,144,151
4061,0.00025833604142939004,8.082204170234842,8.08176863650293,8.094520804901055,0.012316634666213133,False,False,46,144
4062,0.00025806171794827935,8.082204170234842,8.08176863650293,inf,inf,False,False,10,91
4063,0.00025778768576749156,8.082204170234842,8.08176863650293,8.082204170234842,0.0,True,False,35,61
4064,0.0002575139445776988,8.082204170234842,8.08176863650293,8.082204170234842,0.0,True,False,140,43
4065,0.0002572404940699019,8.082204170234842,8.08176863650293,8.082204170234842,0.0,True,False,149,148
4066,0.0002569673339354295,8.082204170234842,8.08176863650293,8.111525457277713,0.029321287042870736,False,False,147,114
4067,0.00025669446386593836,8.082204170234842,8.08176863650293,8.082204170234842,0.0,True,False,203,138
4068,0.0002564218835534124,8.082204170234842,8.08176863650293,8.082204170234842,0.0,True,False,146,113
4069,0.00025614959269016247,8.082204170234842,8.08176863650293,8.085758389007053,0.0035542187722104046,False,False,144,116
4070,0.0002558775909688268,8.082204170234842,8.08176863650293,inf,inf,False,False,91,89
4071,0.00025560587808236913,8.082204170234842,8.08176863650293,8.14885786388281,0.06665369364796803,False,False,83,20
4072,0.0002553344537240801,8.082204170234842,8.08176863650293,8.082204170234842,0.0,True,False,176,115
4073,0.00025506331758757536,8.082204170234842,8.08176863650293,8.082204170234842,0.0,True,False,104,202
4074,0.00025479246936679613,8.082204170234842,8.08176863650293,8.082204170234842,0.0,True,False,226,55
4075,0.00025452190875600893,8.082204170234842,8.08176863650293,inf,inf,False,False,95,7
4076,0.0002542516354498043,8.082204170234842,8.08176863650293,8.082204170234842,0.0,True,False,199,0
4077,0.0002539816491430979,8.082204170234842,8.08176863650293,8.082204170234842,0.0,True,False,199,221
4078,0.00025371194953112874,8.082204170234842,8.08176863650293,8.082204170234842,0.0,True,False,91,150
4079,0.0002534425363094594,8.082204170234842,8.08176863650293,8.082204170234842,0.0,True,False,135,37
4080,0.0002531734091739763,8.082204170234842,8.08176863650293,8.082204170234842,0.0,True,False,30,103
4081,0.0002529045678208882,8.082204170234842,8.08176863650293,inf,inf,False,False,232,137
4082,0.000252636011946727,8.082204170234842,8.08176863650293,8.082204170234842,0.0,True,False,230,105
4083,0.00025236774124834637,8.082204170234842,8.08176863650293,8.123619138090403,0.04141496785556065,False,False,112,97
4084,0.00025209975542292196,8.082204170234842,8.08176863650293,8.082204170234842,0.0,True,False,33,225
4085,0.00025183205416795144,8.082204170234842,8.08176863650293,8.082204170234842,0.0,True,False,136,146
4086,0.00025156463718125304,8.082204170234842,8.08176863650293,8.159601678855008,0.07739750862016592,False,False,66,214
4087,0.00025129750416096644,8.082204170234842,8.08176863650293,8.082204170234842,0.0,True,False,76,9
4088,0.0002510306548055516,8.082204170234842,8.08176863650293,8.083192576016163,0.000988405781320978,False,False,107,58
4089,0.0002507640888137884,8.082204170234842,8.08176863650293,8.122134263161154,0.039930092926312,False,False,170,124
4090,0.00025049780588477734,8.082204170234842,8.08176863650293,8.082204170234842,0.0,True,False,121,18
4091,0.0002502318057179376,8.082204170234842,8.08176863650293,8.082204170234842,0.0,True,False,73,212
4092,0.00024996608801300824,8.082204170234842,8.08176863650293,8.082204170234842,0.0,True,False,61,208
4093,0.0002497006524700467,8.082204170234842,8.08176863650293,8.082204170234842,0.0,True,False,186,35
4094,0.00024943549878942887,8.082204170234842,8.08176863650293,8.082204170234842,0.0,True,False,135,172
4095,0.00024917062667184945,8.082204170234842,8.08176863650293,8.086090521074533,0.003886350839691133,False,False,151,134
4096,0.0002489060358183201,8.082204170234842,8.08176863650293,8.082204170234842,0.0,True,False,9,178
4097,0.00024864172593017076,8.082204170234842,8.08176863650293,8.082204170234842,0.0,True,False,77,119
4098,0.0002483776967090481,8.082204170234842,8.08176863650293,8.082204170234842,0.0,True,False,67,27
4099,0.0002481139478569153,8.082204170234842,8.08176863650293,8.098014237086332,0.01581006685148978,False,False,219,122
4100,0.0002478504790760529,8.082204170234842,8.08176863650293,8.082204170234842,0.0,True,False,13,57
4101,0.0002475872900690567,8.082204170234842,8.08176863650293,8.107347151715617,0.02514298148077465,False,False,113,131
4102,0.000247324380538839,8.082204170234842,8.08176863650293,8.082204170234842,0.0,True,False,190,211
4103,0.0002470617501886271,8.082204170234842,8.08176863650293,8.082204170234842,0.0,True,False,65,223
4104,0.00024679939872196345,8.082204170234842,8.08176863650293,8.087977421008892,0.005773250774049998,False,False,158,58
4105,0.00024653732584270575,8.082204170234842,8.08176863650293,inf,inf,False,False,159,63
4106,0.0002462755312550256,8.082204170234842,8.08176863650293,8.107062195411164,0.02485802517632152,False,False,182,125
4107,0.00024601401466340934,8.082204170234842,8.08176863650293,8.082333884979613,0.00012971474477119216,False,False,187,39
4108,0.0002457527757726565,8.082204170234842,8.08176863650293,8.082204170234842,0.0,True,False,9,151
4109,0.00024549181428788037,8.082204170234842,8.08176863650293,8.105719658125592,0.023515487890749753,False,False,147,143
4110,0.0002452311299145076,8.082204170234842,8.08176863650293,8.082204170234842,0.0,True,False,153,201
4111,0.0002449707223582771,8.082204170234842,8.08176863650293,8.082204170234842,0.0,True,False,98,52
4112,0.0002447105913252408,8.082204170234842,8.08176863650293,8.110833355922942,0.028629185688100023,False,False,170,228
4113,0.00024445073652176253,8.082204170234842,8.08176863650293,8.082204170234842,0.0,True,False,221,32
4114,0.0002441911576545177,8.082204170234842,8.08176863650293,8.082204170234842,0.0,True,False,223,104
4115,0.0002439318544304937,8.082204170234842,8.08176863650293,8.082618199205044,0.00041402897020148544,False,False,30,231
4116,0.00024367282655698858,8.082204170234842,8.08176863650293,inf,inf,False,False,52,25
4117,0.00024341407374161162,8.082204170234842,8.08176863650293,8.082204170234842,0.0,True,False,211,23
4118,0.00024315559569228226,8.082204170234842,8.08176863650293,inf,inf,False,False,87,222
4119,0.00024289739211723013,8.082204170234842,8.08176863650293,8.082204170234842,0.0,True,False,87,95
4120,0.00024263946272499502,8.082204170234842,8.08176863650293,inf,inf,False,False,75,162
4121,0.00024238180722442588,8.082204170234842,8.08176863650293,8.082204170234842,0.0,True,False,60,111
4122,0.0002421244253246807,8.082204170234842,8.08176863650293,8.082204170234842,0.0,True,False,42,125
4123,0.00024186731673522688,8.082204170234842,8.08176863650293,8.10303494615219,0.020830775917348276,False,False,233,12
4124,0.00024161048116583974,8.082204170234842,8.08176863650293,8.170288115424976,0.0880839451901334,False,False,21,129
4125,0.00024135391832660322,8.082204170234842,8.08176863650293,8.082204170234842,0.0,True,False,16,53
4126,0.0002410976279279089,8.082204170234842,8.08176863650293,8.13943183438042,0.05722766414557867,False,False,101,108
4127,0.0002408416096804557,8.082204170234842,8.08176863650293,8.082618199205044,0.00041402897020148544,False,False,129,152
4128,0.00024058586329525028,8.082204170234842,8.08176863650293,8.082204170234842,0.0,True,False,123,59
4129,0.00024033038848360558,8.082204170234842,8.08176863650293,8.082204170234842,0.0,True,False,31,57
4130,0.00024007518495714166,8.082204170234842,8.08176863650293,8.082204170234842,0.0,True,False,18,206
4131,0.00023982025242778445,8.082204170234842,8.08176863650293,8.082204170234842,0.0,True,False,224,32
4132,0.00023956559060776562,8.082204170234842,8.08176863650293,8.10837445399849,0.026170283763647717,False,False,229,36
4133,0.00023931119920962297,8.082204170234842,8.08176863650293,inf,inf,False,False,180,217
4134,0.00023905707794619896,8.082204170234842,8.08176863650293,8.082204170234842,0.0,True,False,135,95
4135,0.00023880322653064152,8.082204170234842,8.08176863650293,8.082204170234842,0.0,True,False,210,34
4136,0.00023854964467640285,8.082204170234842,8.08176863650293,8.082204170234842,0.0,True,False,205,181
4137,0.00023829633209723929,8.082204170234842,8.08176863650293,8.084682787795689,0.0024786175608468852,False,False,96,121
4138,0.00023804328850721165,8.082204170234842,8.08176863650293,8.082204170234842,0.0,True,False,90,211
4139,0.0002377905136206838,8.082204170234842,8.08176863650293,8.082204170234842,0.0,True,False,189,204
4140,0.00023753800715232347,8.082204170234842,8.08176863650293,8.128758271148937,0.04655410091409529,False,False,57,174
4141,0.00023728576881710097,8.082204170234842,8.08176863650293,8.13567134960818,0.053467179373337004,False,False,99,108
4142,0.00023703379833028926,8.082204170234842,8.08176863650293,8.103117442498045,0.020913272263202387,False,False,225,196
4143,0.00023678209540746413,8.082204170234842,8.08176863650293,inf,inf,False,False,7,211
4144,0.00023653065976450278,8.082204170234842,8.08176863650293,8.094830033433286,0.012625863198444165,False,False,179,28
4145,0.00023627949111758463,8.082204170234842,8.08176863650293,8.082204170234842,0.0,True,False,173,46
4146,0.00023602858918319022,8.082204170234842,8.08176863650293,8.082204170234842,0.0,True,False,109,235
4147,0.00023577795367810096,8.082204170234842,8.08176863650293,8.082204170234842,0.0,True,False,86,214
4148,0.00023552758431939958,8.082204170234842,8.08176863650293,8.082204170234842,0.0,True,False,209,230
4149,0.00023527748082446858,8.082204170234842,8.08176863650293,inf,inf,False,False,220,10
4150,0.00023502764291099122,8.082204170234842,8.08176863650293,8.082204170234842,0.0,True,False,18,77
4151,0.00023477807029695006,8.082204170234842,8.08176863650293,8.082204170234842,0.0,True,False,13,88
4152,0.00023452876270062714,8.082204170234842,8.08176863650293,8.082204170234842,0.0,True,False,91,146
4153,0.00023427971984060406,8.082204170234842,8.08176863650293,inf,inf,False,False,101,222
4154,0.0002340309414357607,8.082204170234842,8.08176863650293,8.132461970689631,0.05025780045478889,False,False,100,27
4155,0.00023378242720527607,8.082204170234842,8.08176863650293,inf,inf,False,False,165,16
4156,0.00023353417686862693,8.082204170234842,8.08176863650293,8.082204170234842,0.0,True,False,100,8
4157,0.00023328619014558786,8.082204170234842,8.08176863650293,inf,inf,False,False,32,81
4158,0.00023303846675623154,8.082204170234842,8.08176863650293,8.082204170234842,0.0,True,False,195,74
4159,0.00023279100642092725,8.082204170234842,8.08176863650293,inf,inf,False,False,1,127
4160,0.00023254380886034178,8.082204170234842,8.08176863650293,8.120669850555615,0.03846568032077258,False,False,100,234
4161,0.00023229687379543819,8.082204170234842,8.08176863650293,8.082204170234842,0.0,True,False,101,27
4162,0.00023205020094747576,8.082204170234842,8.08176863650293,8.082204170234842,0.0,True,False,223,27
4163,0.00023180379003801018,8.082204170234842,8.08176863650293,8.110701413596257,0.02849724336141435,False,False,128,143
4164,0.00023155764078889237,8.082204170234842,8.08176863650293,8.082204170234842,0.0,True,False,132,29
4165,0.00023131175292226907,8.082204170234842,8.08176863650293,8.104295228937918,0.022091058703075817,False,False,222,33
4166,0.00023106612616058164,8.082204170234842,8.08176863650293,8.124703868800173,0.0424996985653312,False,False,185,17
4167,0.00023082076022656623,8.082204170234842,8.08176863650293,8.125505623557515,0.04330145332267321,False,False,3,234
4168,0.00023057565484325382,8.082204170234842,8.08176863650293,8.082204170234842,0.0,True,False,205,119
4169,0.0002303308097339689,8.082204170234842,8.08176863650293,8.082204170234842,0.0,True,False,139,160
4170,0.00023008622462233037,8.082204170234842,8.08176863650293,8.129960019161368,0.04775584892652596,False,False,237,103
4171,0.00022984189923225013,8.082204170234842,8.08176863650293,8.082204170234842,0.0,True,False,115,213
4172,0.00022959783328793337,8.082204170234842,8.08176863650293,inf,inf,False,False,93,25
4173,0.0002293540265138785,8.082204170234842,8.08176863650293,8.107950296286893,0.0257461260520504,False,False,177,74
4174,0.0002291104786348758,8.082204170234842,8.08176863650293,inf,inf,False,False,136,127
4175,0.00022886718937600856,8.082204170234842,8.08176863650293,inf,inf,False,False,25,184
4176,0.00022862415846265145,8.082204170234842,8.08176863650293,8.082204170234842,0.0,True,False,57,193
4177,0.00022838138562047083,8.082204170234842,8.08176863650293,8.08595235174416,0.0037481815093176607,False,False,84,96
4178,0.00022813887057542467,8.082204170234842,8.08176863650293,8.082204170234842,0.0,True,False,43,238
4179,0.0002278966130537617,8.082204170234842,8.08176863650293,8.122045771416726,0.039841601181883846,False,False,153,196
4180,0.00022765461278202118,8.082204170234842,8.08176863650293,8.082204170234842,0.0,True,False,40,164
4181,0.00022741286948703331,8.082204170234842,8.08176863650293,inf,inf,False,False,179,155
4182,0.0002271713828959177,8.082204170234842,8.08176863650293,8.082204170234842,0.0,True,False,117,200
4183,0.0002269301527360843,8.082204170234842,8.08176863650293,8.082204170234842,0.0,True,False,12,208
4184,0.00022668917873523218,8.082204170234842,8.08176863650293,8.082782109731214,0.0005779394963720819,False,False,74,182
4185,0.0002264484606213495,8.082204170234842,8.08176863650293,8.082204170234842,0.0,True,False,14,106
4186,0.00022620799812271363,8.082204170234842,8.08176863650293,8.082204170234842,0.0,True,False,55,120
4187,0.00022596779096789008,8.081793311844415,8.08176863650293,8.081793311844415,-0.0004108583904276486,True,False,63,68
4188,0.000225727838885733,8.081793311844415,8.08176863650293,8.081793311844415,0.0,True,False,134,38
4189,0.00022548814160538408,8.081793311844415,8.08176863650293,8.081793311844415,0.0,True,False,33,34
4190,0.0002252486988562727,8.081793311844415,8.08176863650293,8.08366636117782,0.0018730493334047082,False,False,230,131
4191,0.0002250095103681159,8.081793311844415,8.08176863650293,inf,inf,False,False,161,212
4192,0.00022477057587091725,8.081793311844415,8.08176863650293,inf,inf,False,False,14,129
4193,0.00022453189509496745,8.081793311844415,8.08176863650293,8.187461892596554,0.10566858075213936,False,False,93,219
4194,0.00022429346777084333,8.081793311844415,8.08176863650293,8.081793311844415,0.0,True,False,115,105
4195,0.0002240552936294077,8.081793311844415,8.08176863650293,8.081793311844415,0.0,True,False,28,57
4196,0.00022381737240180968,8.081793311844415,8.08176863650293,8.092209143525695,0.010415831681280352,False,False,144,24
4197,0.00022357970381948328,8.081793311844415,8.08176863650293,8.081793311844415,0.0,True,False,189,39
4198,0.00022334228761414817,8.081793311844415,8.08176863650293,8.081793311844415,0.0,True,False,141,221
4199,0.0002231051235178086,8.081793311844415,8.08176863650293,inf,inf,False,False,11,161
4200,0.00022286821126275342,8.081793311844415,8.08176863650293,8.111015140406119,0.0292218285617043,False,False,8,96
4201,0.00022263155058155609,8.081793311844415,8.08176863650293,8.081793311844415,0.0,True,False,17,99
4202,0.00022239514120707347,8.081793311844415,8.08176863650293,8.094927072166833,0.013133760322418198,False,False,8,47
4203,0.00022215898287244676,8.081793311844415,8.08176863650293,8.081793311844415,0.0,True,False,28,175
4204,0.00022192307531109998,8.081793311844415,8.08176863650293,8.116440714586737,0.0346474027423227,False,False,122,192
4205,0.00022168741825674042,8.081793311844415,8.08176863650293,inf,inf,False,False,166,205
4206,0.00022145201144335838,8.081793311844415,8.08176863650293,8.094855463116978,0.013062151272563938,False,False,47,137
4207,0.00022121685460522612,8.081793311844415,8.08176863650293,8.081793311844415,0.0,True,False,117,66
4208,0.00022098194747689865,8.081793311844415,8.08176863650293,8.081793311844415,0.0,True,False,193,57
4209,0.00022074728979321246,8.081793311844415,8.08176863650293,inf,inf,False,False,235,159
4210,0.00022051288128928555,8.081793311844415,8.08176863650293,8.081793311844415,0.0,True,False,180,22
4211,0.0002202787217005177,8.081793311844415,8.08176863650293,8.081793311844415,0.0,True,False,49,216
4212,0.00022004481076258903,8.081793311844415,8.08176863650293,8.106147408801608,0.02435409695719315,False,False,143,22
4213,0.00021981114821146089,8.081793311844415,8.08176863650293,8.152047617812332,0.07025430596791793,False,False,196,50
4214,0.00021957773378337465,8.081793311844415,8.08176863650293,inf,inf,False,False,161,32
4215,0.00021934456721485173,8.081793311844415,8.08176863650293,8.103481884732926,0.021688572888511004,False,False,18,196
4216,0.00021911164824269376,8.081793311844415,8.08176863650293,8.084960955917229,0.003167644072814113,False,False,58,193
4217,0.0002188789766039813,8.081793311844415,8.08176863650293,8.081793311844415,0.0,True,False,31,147
4218,0.00021864655203607461,8.081793311844415,8.08176863650293,8.081793311844415,0.0,True,False,34,86
4219,0.00021841437427661252,8.081793311844415,8.08176863650293,8.081793311844415,0.0,True,False,149,84
4220,0.0002181824430635124,8.081793311844415,8.08176863650293,8.081793311844415,0.0,True,False,59,175
4221,0.0002179507581349703,8.081793311844415,8.08176863650293,inf,inf,False,False,222,106
4222,0.0002177193192294598,8.081793311844415,8.08176863650293,8.081793311844415,0.0,True,False,75,74
4223,0.00021748812608573268,8.081793311844415,8.08176863650293,8.096395825843718,0.014602513999303568,False,False,58,50
4224,0.0002172571784428178,8.081793311844415,8.08176863650293,8.10055961022948,0.018766298385065383,False,False,129,89
4225,0.00021702647604002111,8.081793311844415,8.08176863650293,8.081793311844415,0.0,True,False,203,13
4226,0.0002167960186169257,8.081793311844415,8.08176863650293,8.081793311844415,0.0,True,False,149,224
4227,0.00021656580591339082,8.081793311844415,8.08176863650293,8.109055644271491,0.02726233242707643,False,False,52,144
4228,0.00021633583766955233,8.081793311844415,8.08176863650293,8.081793311844415,0.0,True,False,76,40
4229,0.00021610611362582176,8.081793311844415,8.08176863650293,inf,inf,False,False,39,81
4230,0.00021587663352288624,8.081793311844415,8.08176863650293,8.104049925167041,0.02225661332262696,False,False,50,101
4231,0.00021564739710170868,8.081793311844415,8.08176863650293,8.10361345799794,0.02182014615352479,False,False,177,228
4232,0.0002154184041035265,8.081793311844415,8.08176863650293,8.081793311844415,0.0,True,False,200,183
4233,0.00021518965426985245,8.081793311844415,8.08176863650293,8.095863158859295,0.014069847014880565,False,False,57,237
4234,0.00021496114734247335,8.081793311844415,8.08176863650293,8.086204309606554,0.004410997762139601,False,False,227,185
4235,0.00021473288306345022,8.081793311844415,8.08176863650293,8.081793311844415,0.0,True,False,27,72
4236,0.0002145048611751184,8.081793311844415,8.08176863650293,8.081793311844415,0.0,True,False,72,35
4237,0.0002142770814200864,8.081793311844415,8.08176863650293,8.081793311844415,0.0,True,False,215,31
4238,0.0002140495435412361,8.081793311844415,8.08176863650293,8.081793311844415,0.0,True,False,59,139
4239,0.00021382224728172275,8.081793311844415,8.08176863650293,inf,inf,False,False,154,162
4240,0.00021359519238497385,8.081793311844415,8.08176863650293,8.081793311844415,0.0,True,False,38,141
4241,0.0002133683785946899,8.081793311844415,8.08176863650293,inf,inf,False,False,170,114
4242,0.00021314180565484316,8.081793311844415,8.08176863650293,8.081793311844415,0.0,True,False,84,186
4243,0.00021291547330967763,8.081793311844415,8.08176863650293,inf,inf,False,False,217,199
4244,0.00021268938130370948,8.081793311844415,8.08176863650293,inf,inf,False,False,180,161
4245,0.00021246352938172558,8.081793311844415,8.08176863650293,8.102436915770674,0.020643603926259857,False,False,196,13
4246,0.00021223791728878429,8.081793311844415,8.08176863650293,8.081793311844415,0.0,True,False,232,221
4247,0.0002120125447702143,8.081793311844415,8.08176863650293,8.081793311844415,0.0,True,False,18,21
4248,0.00021178741157161477,8.081793311844415,8.08176863650293,8.081793311844415,0.0,True,False,220,98
4249,0.00021156251743885543,8.081793311844415,8.08176863650293,8.082207340814618,0.0004140289702032618,False,False,112,157
4250,0.00021133786211807528,8.081793311844415,8.08176863650293,8.081793311844415,0.0,True,False,113,212
4251,0.0002111134453556834,8.081793311844415,8.08176863650293,8.104049925167041,0.02225661332262696,False,False,41,50
4252,0.0002108892668983578,8.081793311844415,8.08176863650293,8.081793311844415,0.0,True,False,101,200
4253,0.00021066532649304553,8.081793311844415,8.08176863650293,8.081793311844415,0.0,True,False,146,135
4254,0.00021044162388696264,8.081793311844415,8.08176863650293,8.166011833546161,0.0842185217017466,False,False,124,142
4255,0.00021021815882759317,8.081793311844415,8.08176863650293,inf,inf,False,False,192,162
4256,0.0002099949310626898,8.081793311844415,8.08176863650293,inf,inf,False,False,37,161
4257,0.0002097719403402727,8.081793311844415,8.08176863650293,8.081793311844415,0.0,True,False,132,30
4258,0.0002095491864086296,8.081793311844415,8.08176863650293,8.136902880040429,0.055109568196014536,False,False,75,179
4259,0.0002093266690163158,8.081793311844415,8.08176863650293,8.081793311844415,0.0,True,False,30,49
4260,0.00020910438791215332,8.081793311844415,8.08176863650293,inf,inf,False,False,142,161
4261,0.00020888234284523123,8.081793311844415,8.08176863650293,8.081793311844415,0.0,True,False,134,106
4262,0.00020866053356490469,8.081793311844415,8.08176863650293,8.081793311844415,0.0,True,False,209,33
4263,0.00020843895982079508,8.081793311844415,8.08176863650293,inf,inf,False,False,190,222
4264,0.00020821762136278996,8.081793311844415,8.08176863650293,8.081793311844415,0.0,True,False,90,18
4265,0.000207996517941042,8.081793311844415,8.08176863650293,8.081793311844415,0.0,True,False,188,29
4266,0.0002077756493059697,8.081793311844415,8.08176863650293,8.138995608567933,0.05720229672351884,False,False,34,234
4267,0.0002075550152082562,8.081793311844415,8.08176863650293,8.081793311844415,0.0,True,False,175,65
4268,0.00020733461539884944,8.081793311844415,8.08176863650293,8.081793311844415,0.0,True,False,19,77
4269,0.00020711444962896207,8.081793311844415,8.08176863650293,inf,inf,False,False,141,159
4270,0.00020689451765007054,8.081793311844415,8.08176863650293,8.082250138059766,0.00045682621535192425,False,False,78,124
4271,0.00020667481921391562,8.081793311844415,8.08176863650293,inf,inf,False,False,208,7
4272,0.00020645535407250144,8.081793311844415,8.08176863650293,8.081793311844415,0.0,True,False,123,146
4273,0.0002062361219780954,8.081793311844415,8.08176863650293,inf,inf,False,False,196,217
4274,0.00020601712268322826,8.081793311844415,8.08176863650293,8.084727480830544,0.002934168986129748,False,False,123,9
4275,0.00020579835594069324,8.081793311844415,8.08176863650293,8.081793311844415,0.0,True,False,102,53
4276,0.00020557982150354643,8.081793311844415,8.08176863650293,8.104760064641868,0.022966752797453083,False,False,96,185
4277,0.00020536151912510585,8.081793311844415,8.08176863650293,8.081793311844415,0.0,True,False,71,38
4278,0.00020514344855895137,8.081793311844415,8.08176863650293,inf,inf,False,False,165,20
4279,0.00020492560955892502,8.081793311844415,8.08176863650293,8.09891078740282,0.017117475558405815,False,False,187,133
4280,0.00020470800187912967,8.081793311844415,8.08176863650293,8.081793311844415,0.0,True,False,214,193
4281,0.00020449062527392982,8.081793311844415,8.08176863650293,inf,inf,False,False,125,161
4282,0.00020427347949795037,8.081793311844415,8.08176863650293,8.081793311844415,0.0,True,False,190,184
4283,0.00020405656430607684,8.081793311844415,8.08176863650293,8.081793311844415,0.0,True,False,125,20
4284,0.0002038398794534554,8.081793311844415,8.08176863650293,8.08492988533546,0.003136573491046235,False,False,144,224
4285,0.00020362342469549177,8.081793311844415,8.08176863650293,8.09780961483887,0.01601630299445489,False,False,60,40
4286,0.00020340719978785178,8.081793311844415,8.08176863650293,8.081793311844415,0.0,True,False,60,94
4287,0.0002031912044864605,8.081793311844415,8.08176863650293,8.165328979654252,0.08353566780983712,False,False,219,89
4288,0.000202975438547502,8.081793311844415,8.08176863650293,8.081793311844415,0.0,True,False,178,34
4289,0.0002027599017274198,8.081793311844415,8.08176863650293,inf,inf,False,False,184,127
4290,0.00020254459378291555,8.081793311844415,8.08176863650293,8.088116388718912,0.006323076874497957,False,False,92,129
4291,0.00020232951447094933,8.081793311844415,8.08176863650293,8.081793311844415,0.0,True,False,227,24
4292,0.00020211466354873965,8.081793311844415,8.08176863650293,8.082802283497395,0.0010089716529808612,False,False,186,128
4293,0.0002019000407737623,8.081793311844415,8.08176863650293,8.081793311844415,0.0,True,False,115,99
4294,0.00020168564590375117,8.081793311844415,8.08176863650293,8.081793311844415,0.0,True,False,160,65
4295,0.00020147147869669694,8.081793311844415,8.08176863650293,8.10235151552571,0.02055820368129524,False,False,149,236
4296,0.00020125753891084739,8.081793311844415,8.08176863650293,8.081793311844415,0.0,True,False,71,37
4297,0.00020104382630470728,8.081793311844415,8.08176863650293,8.081793311844415,0.0,True,False,102,239
4298,0.00020083034063703742,8.081793311844415,8.08176863650293,8.081793311844415,0.0,True,False,94,84
4299,0.00020061708166685513,8.081793311844415,8.08176863650293,8.081793311844415,0.0,True,False,125,77
4300,0.0002004040491534334,8.081793311844415,8.08176863650293,inf,inf,False,False,81,29
4301,0.00020019124285630086,8.081793311844415,8.08176863650293,inf,inf,False,False,222,73
4302,0.00019997866253524166,8.081793311844415,8.08176863650293,8.081793311844415,0.0,True,False,95,90
4303,0.00019976630795029478,8.081793311844415,8.08176863650293,8.081793311844415,0.0,True,False,184,123
4304,0.0001995541788617544,8.081793311844415,8.08176863650293,inf,inf,False,False,166,57
4305,0.0001993422750301688,8.081793311844415,8.08176863650293,8.084085241288863,0.0022919294444481153,False,False,96,230
4306,0.00019913059621634067,8.081793311844415,8.08176863650293,8.081793311844415,0.0,True,False,133,56
4307,0.00019891914218132694,8.081793311844415,8.08176863650293,8.081793311844415,0.0,True,False,104,239
4308,0.00019870791268643793,8.081793311844415,8.08176863650293,8.081793311844415,0.0,True,False,171,53
4309,0.00019849690749323772,8.081793311844415,8.08176863650293,8.104021109684501,0.02222779784008644,False,False,196,195
4310,0.0001982861263635434,8.081793311844415,8.08176863650293,8.081793311844415,0.0,True,False,134,54
4311,0.00019807556905942486,8.081793311844415,8.08176863650293,8.084799018134921,0.003005706290506893,False,False,15,163
4312,0.00019786523534320502,8.081793311844415,8.08176863650293,8.081793311844415,0.0,True,False,137,21
4313,0.0001976551249774588,8.081793311844415,8.08176863650293,8.081793311844415,0.0,True,False,41,204
4314,0.0001974452377250136,8.081793311844415,8.08176863650293,8.081793311844415,0.0,True,False,49,239
4315,0.00019723557334894837,8.081793311844415,8.08176863650293,inf,inf,False,False,166,44
4316,0.00019702613161259365,8.081793311844415,8.08176863650293,8.081793311844415,0.0,True,False,184,117
4317,0.00019681691227953164,8.081793311844415,8.08176863650293,8.081793311844415,0.0,True,False,123,30
4318,0.0001966079151135951,8.081793311844415,8.08176863650293,8.081793311844415,0.0,True,False,74,121
4319,0.00019639913987886805,8.081793311844415,8.08176863650293,8.081793311844415,0.0,True,False,2,69
4320,0.0001961905863396847,8.081793311844415,8.08176863650293,8.119997866228065,0.038204554383650446,False,False,211,94
4321,0.0001959822542606295,8.081793311844415,8.08176863650293,8.082241334352101,0.0004480225076868294,False,False,231,113
4322,0.00019577414340653723,8.081793311844415,8.08176863650293,8.084250261825146,0.0024569499807309825,False,False,144,223
4323,0.00019556625354249184,8.081793311844415,8.08176863650293,8.081793311844415,0.0,True,False,118,88
4324,0.00019535858443382736,8.081793311844415,8.08176863650293,8.112503565946188,0.030710254101773415,False,False,160,170
4325,0.00019515113584612655,8.081793311844415,8.08176863650293,8.10499166605256,0.0231983542081462,False,False,197,198
4326,0.00019494390754522115,8.081793311844415,8.08176863650293,8.101213712088649,0.019420400244234415,False,False,50,189
4327,0.00019473689929719182,8.081793311844415,8.08176863650293,8.081793311844415,0.0,True,False,21,106
4328,0.0001945301108683673,8.081793311844415,8.08176863650293,8.150654704519303,0.06886139267488822,False,False,135,189
4329,0.00019432354202532479,8.081793311844415,8.08176863650293,8.106727525766178,0.02493421392176387,False,False,172,233
4330,0.000194117192534889,8.081793311844415,8.08176863650293,inf,inf,False,False,45,184
4331,0.0001939110621641324,8.081793311844415,8.08176863650293,8.081793311844415,0.0,True,False,239,193
4332,0.00019370515068037504,8.081793311844415,8.08176863650293,8.106364293268411,0.02457098142399694,False,False,84,179
4333,0.00019349945785118356,8.081793311844415,8.08176863650293,8.081793311844415,0.0,True,False,104,57
4334,0.0001932939834443719,8.081793311844415,8.08176863650293,8.081793311844415,0.0,True,False,74,193
4335,0.00019308872722800034,8.081793311844415,8.08176863650293,8.081793311844415,0.0,True,False,206,109
4336,0.00019288368897037525,8.081793311844415,8.08176863650293,8.081793311844415,0.0,True,False,236,33
4337,0.0001926788684400495,8.081793311844415,8.08176863650293,8.12437535193974,0.042582040095325624,False,False,142,31
4338,0.00019247426540582122,8.081793311844415,8.08176863650293,8.081886016409394,9.270456497922908e-05,False,False,145,204
4339,0.00019226987963673458,8.081793311844415,8.08176863650293,8.081793311844415,0.0,True,False,40,160
4340,0.00019206571090207855,8.081793311844415,8.08176863650293,8.081793311844415,0.0,True,False,238,123
4341,0.00019186175897138721,8.081793311844415,8.08176863650293,8.122374957325992,0.040581645481577056,False,False,18,94
4342,0.0001916580236144396,8.081793311844415,8.08176863650293,8.111166124514547,0.029372812670132475,False,False,34,121
4343,0.00019145450460125884,8.081793311844415,8.08176863650293,8.114182223571389,0.032388911726974,False,False,222,8
4344,0.00019125120170211267,8.081793311844415,8.08176863650293,8.101380540633084,0.019587228788669364,False,False,143,15
4345,0.00019104811468751248,8.081793311844415,8.08176863650293,inf,inf,False,False,210,170
4346,0.00019084524332821335,8.081793311844415,8.08176863650293,8.081793311844415,0.0,True,False,204,140
4347,0.00019064258739521407,8.081793311844415,8.08176863650293,8.081793311844415,0.0,True,False,60,111
4348,0.00019044014665975633,8.081793311844415,8.08176863650293,8.081793311844415,0.0,True,False,99,186
4349,0.00019023792089332473,8.081793311844415,8.08176863650293,8.081793311844415,0.0,True,False,198,169
4350,0.00019003590986764688,8.081793311844415,8.08176863650293,inf,inf,False,False,7,87
4351,0.0001898341133546922,8.081793311844415,8.08176863650293,inf,inf,False,False,28,222
4352,0.00018963253112667293,8.081793311844415,8.08176863650293,8.120547480307607,0.038754168463192684,False,False,123,94
4353,0.00018943116295604267,8.081635066695632,8.081635066695632,8.081635066695632,-0.00015824514878204354,True,True,159,62
4354,0.00018923000861549672,8.081635066695632,8.081635066695632,8.081635066695632,0.0,True,False,215,41
4355,0.00018902906787797213,8.081635066695632,8.081635066695632,8.081635066695632,0.0,True,False,174,208
4356,0.00018882834051664655,8.081635066695632,8.081635066695632,8.087065189512062,0.005430122816429517,False,False,82,23
4357,0.00018862782630493894,8.081635066695632,8.081635066695632,8.081635066695632,0.0,True,False,168,238
4358,0.00018842752501650853,8.081635066695632,8.081635066695632,8.081635066695632,0.0,True,False,135,42
4359,0.00018822743642525497,8.081635066695632,8.081635066695632,inf,inf,False,False,24,89
4360,0.00018802756030531826,8.081635066695632,8.081635066695632,inf,inf,False,False,6,198
4361,0.00018782789643107784,8.081635066695632,8.081635066695632,inf,inf,False,False,91,80
4362,0.00018762844457715307,8.081635066695632,8.081635066695632,8.081635066695632,0.0,True,False,44,172
4363,0.0001874292045184025,8.081647227883662,8.081635066695632,8.081647227883662,1.2161188029935488e-05,True,False,239,229
4364,0.00018723017602992356,8.081647227883662,8.081635066695632,8.081647227883662,0.0,True,False,57,49
4365,0.00018703135888705296,8.081647227883662,8.081635066695632,8.081647227883662,0.0,True,False,229,105
4366,0.00018683275286536546,8.081647227883662,8.081635066695632,8.081647227883662,0.0,True,False,95,173
4367,0.00018663435774067462,8.081647227883662,8.081635066695632,8.081647227883662,0.0,True,False,194,169
4368,0.00018643617328903175,8.081647227883662,8.081635066695632,8.081647227883662,0.0,True,False,227,8
4369,0.0001862381992867259,8.081647227883662,8.081635066695632,8.082382405714105,0.0007351778304425238,False,False,239,18
4370,0.000186040435510284,8.081647227883662,8.081635066695632,8.081647227883662,0.0,True,False,67,107
4371,0.00018584288173646994,8.081647227883662,8.081635066695632,8.1696824982623,0.08803527037863823,False,False,129,31
4372,0.00018564553774228507,8.081647227883662,8.081635066695632,8.081647227883662,0.0,True,False,69,22
4373,0.00018544840330496714,8.081647227883662,8.081635066695632,8.123247506790527,0.041600278906864574,False,False,109,180
4374,0.00018525147820199048,8.081647227883662,8.081635066695632,8.101671296381348,0.02002406849768512,False,False,104,143
4375,0.00018505476221106608,8.081647227883662,8.081635066695632,8.081647227883662,0.0,True,False,135,188
4376,0.0001848582551101405,8.081647227883662,8.081635066695632,inf,inf,False,False,25,122
4377,0.00018466195667739656,8.081119659321926,8.081119659321926,8.081119659321926,-0.0005275685617363024,True,True,77,58
4378,0.0001844658666912523,8.081119659321926,8.081119659321926,8.081119659321926,0.0,True,False,54,70
4379,0.00018426998493036105,8.081119659321926,8.081119659321926,8.081870869722955,0.000751210401029212,False,False,234,236
4380,0.00018407431117361143,8.081119659321926,8.081119659321926,8.114857012093372,0.03373735277144618,False,False,47,119
4381,0.00018387884520012655,8.081119659321926,8.081119659321926,8.081119659321926,0.0,True,False,95,206
4382,0.00018368358678926445,8.081119659321926,8.081119659321926,8.081119659321926,0.0,True,False,141,186
4383,0.00018348853572061708,8.081119659321926,8.081119659321926,8.10749451742509,0.0263748581031642,False,False,118,50
4384,0.0001832936917740106,8.081119659321926,8.081119659321926,8.081119659321926,0.0,True,False,95,125
4385,0.00018309905472950504,8.081119659321926,8.081119659321926,inf,inf,False,False,90,166
4386,0.0001829046243673938,8.081037858815419,8.081037858815419,8.081037858815419,-8.180050650707926e-05,True,True,213,182
4387,0.00018271040046820386,8.081037858815419,8.081037858815419,8.081037858815419,0.0,True,False,225,75
4388,0.00018251638281269503,8.081037858815419,8.081037858815419,inf,inf,False,False,127,58
4389,0.00018232257118185985,8.081867857111433,8.081037858815419,8.081867857111433,0.0008299982960142671,True,False,239,48
4390,0.00018212896535692378,8.081867857111433,8.081037858815419,8.081867857111433,0.0,True,False,29,23
4391,0.00018193556511934415,8.081867857111433,8.081037858815419,8.169116676055449,0.08724881894401548,False,False,149,142
4392,0.00018174237025081076,8.081867857111433,8.081037858815419,8.120349451714809,0.03848159460337541,False,False,87,237
4393,0.00018154938053324503,8.081867857111433,8.081037858815419,inf,inf,False,False,83,6
4394,0.00018135659574879982,8.081867857111433,8.081037858815419,8.081867857111433,0.0,True,False,49,36
4395,0.0001811640156798597,8.081867857111433,8.081037858815419,8.081867857111433,0.0,True,False,92,95
4396,0.00018097164010903984,8.081867857111433,8.081037858815419,8.081867857111433,0.0,True,False,105,186
4397,0.00018077946881918679,8.081867857111433,8.081037858815419,8.081867857111433,0.0,True,False,55,150
4398,0.00018058750159337725,8.081867857111433,8.081037858815419,8.081867857111433,0.0,True,False,41,207
4399,0.0001803957382149183,8.081873560425427,8.081037858815419,8.081873560425427,5.7033139935214194e-06,True,False,33,236
4400,0.00018020417846734753,8.081873560425427,8.081037858815419,inf,inf,False,False,7,185
4401,0.00018001282213443186,8.081873560425427,8.081037858815419,8.106573753987098,0.024700193561670858,False,False,129,71
4402,0.0001798216690001683,8.081873560425427,8.081037858815419,8.081873560425427,0.0,True,False,107,53
4403,0.00017963071884878284,8.081737937649523,8.081037858815419,8.081737937649523,-0.0001356227759039541,True,False,223,124
4404,0.00017943997146473067,8.081737937649523,8.081037858815419,8.081737937649523,0.0,True,False,141,125
4405,0.00017924942663269624,8.08106206468772,8.081037858815419,8.08106206468772,-0.000675872961803492,True,False,33,200
4406,0.0001790590841375922,8.08106206468772,8.081037858815419,8.140120964657314,0.059058899969594236,False,False,14,29
4407,0.00017886894376455963,8.08106206468772,8.081037858815419,8.08106206468772,0.0,True,False,24,172
4408,0.0001786790052989681,8.08106206468772,8.081037858815419,8.12020576442374,0.039143699736021276,False,False,237,51
4409,0.0001784892685264147,8.08106206468772,8.081037858815419,8.08106206468772,0.0,True,False,139,31
4410,0.00017829973323272457,8.08106206468772,8.081037858815419,8.103972135490572,0.0229100708028529,False,False,59,50
4411,0.00017811039920394997,8.08106206468772,8.081037858815419,8.106049567708146,0.024987503020426516,False,False,185,138
4412,0.00017792126622637034,8.08106206468772,8.081037858815419,8.08106206468772,0.0,True,False,133,95
4413,0.0001777323340864925,8.08106206468772,8.081037858815419,8.08106206468772,0.0,True,False,19,90
4414,0.00017754360257104932,8.08106206468772,8.081037858815419,8.08106206468772,0.0,True,False,124,65
4415,0.00017735507146700072,8.08106206468772,8.081037858815419,inf,inf,False,False,25,33
4416,0.00017716674056153254,8.08106206468772,8.081037858815419,8.095577635972827,0.014515571285107498,False,False,60,128
4417,0.00017697860964205656,8.08106206468772,8.081037858815419,8.081267939192715,0.0002058745049957622,False,False,129,213
4418,0.00017679067849621057,8.08106206468772,8.081037858815419,8.09886514176062,0.017803077072899853,False,False,182,83
4419,0.00017660294691185756,8.08106206468772,8.081037858815419,8.08106206468772,0.0,True,False,164,187
4420,0.0001764154146770861,8.08106206468772,8.081037858815419,8.08106206468772,0.0,True,False,66,171
4421,0.0001762280815802095,8.08106206468772,8.081037858815419,8.08106206468772,0.0,True,False,102,17
4422,0.00017604094740976596,8.08106206468772,8.081037858815419,8.110437111075905,0.029375046388185666,False,False,210,97
4423,0.00017585401195451835,8.08106206468772,8.081037858815419,8.08106206468772,0.0,True,False,53,133
4424,0.00017566727500345353,8.08106206468772,8.081037858815419,8.13405221671726,0.05299015202954038,False,False,114,178
4425,0.00017548073634578293,8.08106206468772,8.081037858815419,8.083188159500832,0.0021260948131125446,False,False,77,175
4426,0.0001752943957709414,8.08106206468772,8.081037858815419,8.08106206468772,0.0,True,False,116,0
4427,0.00017510825306858737,8.08106206468772,8.081037858815419,inf,inf,False,False,61,155
4428,0.00017492230802860305,8.08106206468772,8.081037858815419,8.08106206468772,0.0,True,False,176,199
4429,0.0001747365604410932,8.08106206468772,8.081037858815419,8.12325099142977,0.042188926742051436,False,False,130,128
4430,0.00017455101009638602,8.08106206468772,8.081037858815419,8.08106206468772,0.0,True,False,106,194
4431,0.00017436565678503204,8.08106206468772,8.081037858815419,8.08106206468772,0.0,True,False,39,205
4432,0.00017418050029780407,8.08106206468772,8.081037858815419,8.103761233306004,0.022699168618284915,False,False,185,173
4433,0.00017399554042569747,8.08106206468772,8.081037858815419,8.088128528126285,0.007066463438565762,False,False,69,163
4434,0.00017381077695992927,8.08106206468772,8.081037858815419,8.114152051762053,0.03308998707433375,False,False,132,34
4435,0.0001736262096919384,8.08106206468772,8.081037858815419,8.08106206468772,0.0,True,False,18,35
4436,0.00017344183841338506,8.08106206468772,8.081037858815419,8.104555690687672,0.023493625999952528,False,False,177,29
4437,0.00017325766291615064,8.08106206468772,8.081037858815419,inf,inf,False,False,7,181
4438,0.00017307368299233794,8.08106206468772,8.081037858815419,inf,inf,False,False,162,135
4439,0.00017288989843426995,8.081005905665293,8.081005905665293,8.081005905665293,-5.61590224261721e-05,True,True,134,16
4440,0.00017270630903449074,8.081005905665293,8.081005905665293,8.10541585256725,0.024409946901956303,False,False,186,50
4441,0.00017252291458576429,8.081005905665293,8.081005905665293,8.12471864745124,0.04371274178594753,False,False,194,93
4442,0.00017233971488107464,8.081005905665293,8.081005905665293,8.13822876399032,0.05722285832502649,False,False,14,229
4443,0.00017215670971362603,8.081005905665293,8.081005905665293,8.081005905665293,0.0,True,False,75,44
4444,0.0001719738988768418,8.081005905665293,8.081005905665293,8.082471377426737,0.0014654717614437374,False,False,200,183
4445,0.00017179128216436514,8.081005905665293,8.081005905665293,inf,inf,False,False,45,36
4446,0.00017160885937005799,8.081005905665293,8.081005905665293,8.081005905665293,0.0,True,False,211,71
4447,0.00017142663028800123,8.081005905665293,8.081005905665293,8.081005905665293,0.0,True,False,60,207
4448,0.0001712445947124947,8.081005905665293,8.081005905665293,8.10527127882681,0.024265373161517445,False,False,185,71
4449,0.00017106275243805623,8.081005905665293,8.081005905665293,inf,inf,False,False,170,13
4450,0.00017088110325942234,8.081005905665293,8.081005905665293,inf,inf,False,False,7,93
4451,0.00017069964697154712,8.081005905665293,8.081005905665293,8.081005905665293,0.0,True,False,4,115
4452,0.0001705183833696024,8.081005905665293,8.081005905665293,8.141946674890738,0.06094076922544467,False,False,197,12
4453,0.0001703373122489779,8.081005905665293,8.081005905665293,8.169044582554012,0.08803867688871847,False,False,35,196
4454,0.00017015643340528017,8.081005905665293,8.081005905665293,8.10366175491646,0.02265584925116748,False,False,158,189
4455,0.00016997574663433313,8.081005905665293,8.081005905665293,8.081005905665293,0.0,True,False,182,29
4456,0.00016979525173217732,8.081005905665293,8.081005905665293,8.08774711818818,0.006741212522886286,False,False,202,5
4457,0.0001696149484950698,8.081005905665293,8.081005905665293,8.08246341122451,0.001457505559216088,False,False,101,224
4458,0.00016943483671948433,8.08097695630425,8.08097695630425,8.08097695630425,-2.8949361043473232e-05,True,True,66,169
4459,0.00016925491620211028,8.08097695630425,8.08097695630425,8.08097695630425,0.0,True,False,117,110
4460,0.00016907518673985346,8.08097695630425,8.08097695630425,8.08097695630425,0.0,True,False,66,183
4461,0.00016889564812983495,8.08097695630425,8.08097695630425,8.102476560499666,0.021499604195415856,False,False,167,94
4462,0.00016871630016939128,8.08097695630425,8.08097695630425,inf,inf,False,False,79,226
4463,0.00016853714265607455,8.08097695630425,8.08097695630425,8.08097695630425,0.0,True,False,100,123
4464,0.00016835817538765144,8.08097695630425,8.08097695630425,8.081226649073802,0.0002496927695521123,False,False,70,78
4465,0.00016817939816210338,8.08097695630425,8.08097695630425,8.08097695630425,0.0,True,False,72,216
4466,0.00016800081077762672,8.08097695630425,8.08097695630425,8.08097695630425,0.0,True,False,132,238
4467,0.00016782241303263162,8.08097695630425,8.08097695630425,8.08097695630425,0.0,True,False,95,33
4468,0.00016764420472574276,8.08097695630425,8.08097695630425,8.103695677188478,0.022718720884228105,False,False,236,157
4469,0.00016746618565579828,8.08097695630425,8.08097695630425,8.101688520303515,0.020711563999265437,False,False,82,201
4470,0.00016728835562185,8.080940571617829,8.080940571617829,8.080940571617829,-3.6384686421087054e-05,True,True,203,208
4471,0.00016711071442316341,8.080940571617829,8.080940571617829,8.093043495640469,0.012102924022640238,False,False,207,143
4472,0.0001669332618592167,8.080940571617829,8.080940571617829,8.080940571617829,0.0,True,False,199,181
4473,0.00016675599772970152,8.080940571617829,8.080940571617829,8.080940571617829,0.0,True,False,4,111
4474,0.00016657892183452182,8.080940571617829,8.080940571617829,inf,inf,False,False,222,189
4475,0.000166402033973794,8.080940571617829,8.080940571617829,8.162452468837232,0.08151189721940355,False,False,130,196
4476,0.00016622533394784712,8.080940571617829,8.080940571617829,8.080940571617829,0.0,True,False,43,21
4477,0.0001660488215572218,8.080903648759147,8.080903648759147,8.080903648759147,-3.6922858681620596e-05,True,True,175,48
4478,0.00016587249660267084,8.080903648759147,8.080903648759147,8.132398420365144,0.0514947716059968,False,False,142,136
4479,0.00016569635888515844,8.080903648759147,8.080903648759147,inf,inf,False,False,27,221
4480,0.00016552040820586,8.080903648759147,8.080903648759147,8.171908464441755,0.09100481568260754,False,False,182,108
4481,0.0001653446443661625,8.080903648759147,8.080903648759147,8.099765629395087,0.0188619806359398,False,False,122,112
4482,0.00016516906716766323,8.080903648759147,8.080903648759147,8.095191496363489,0.014287847604341763,False,False,179,188
4483,0.00016499367641217077,8.080906924923614,8.080903648759147,8.080906924923614,3.2761644668255485e-06,True,False,231,214
4484,0.00016481847190170367,8.080906924923614,8.080903648759147,8.080906924923614,0.0,True,False,121,93
4485,0.0001646434534384909,8.080906924923614,8.080903648759147,8.080906924923614,0.0,True,False,49,181
4486,0.00016446862082497162,8.080906924923614,8.080903648759147,8.094109265887967,0.013202340964353354,False,False,36,202
4487,0.00016429397386379436,8.080906924923614,8.080903648759147,8.080906924923614,0.0,True,False,102,172
4488,0.0001641195123578177,8.080906924923614,8.080903648759147,8.090754330242575,0.009847405318961222,False,False,138,196
4489,0.00016394523611010917,8.080906924923614,8.080903648759147,inf,inf,False,False,199,6
4490,0.0001637711449239455,8.080906924923614,8.080903648759147,inf,inf,False,False,66,25
4491,0.00016359723860281264,8.080906924923614,8.080903648759147,8.080906924923614,0.0,True,False,12,203
4492,0.00016342351695040468,8.080906924923614,8.080903648759147,8.10610079689877,0.025193871975156767,False,False,56,237
4493,0.00016324997977062468,8.080906924923614,8.080903648759147,8.080906924923614,0.0,True,False,132,13
4494,0.0001630766268675836,8.080906924923614,8.080903648759147,8.113590114853713,0.03268318993009878,False,False,64,149
4495,0.0001629034580456004,8.080906924923614,8.080903648759147,8.080906924923614,0.0,True,False,182,59
4496,0.00016273047310920216,8.080906924923614,8.080903648759147,8.098749625358083,0.01784270043446945,False,False,1,129
4497,0.0001625576718631231,8.081156617693166,8.080903648759147,8.081156617693166,0.0002496927695521123,True,False,91,78
4498,0.00016238505411230524,8.081156617693166,8.080903648759147,8.081156617693166,0.0,True,False,216,186
4499,0.0001622126196618973,8.081156617693166,8.080903648759147,8.113993593567427,0.03283697587426104,False,False,148,210
4500,0.00016204036831725507,8.081156617693166,8.080903648759147,inf,inf,False,False,51,200
4501,0.00016186829988394126,8.081156617693166,8.080903648759147,8.129569875848965,0.048413258155799,False,False,74,91
4502,0.00016169641416772466,8.081238789088077,8.080903648759147,8.081238789088077,8.217139491151215e-05,True,False,87,164
4503,0.00016152471097458066,8.081238789088077,8.080903648759147,inf,inf,False,False,166,51
4504,0.00016135319011069044,8.081238789088077,8.080903648759147,inf,inf,False,False,22,165
4505,0.00016118185138244102,8.081238789088077,8.080903648759147,8.081238789088077,0.0,True,False,99,226
4506,0.00016101069459642522,8.081238789088077,8.080903648759147,8.081238789088077,0.0,True,False,189,145
4507,0.00016083971955944094,8.081238789088077,8.080903648759147,8.081238789088077,0.0,True,False,110,169
4508,0.00016066892607849155,8.081238789088077,8.080903648759147,inf,inf,False,False,45,17
4509,0.0001604983139607851,8.081238789088077,8.080903648759147,8.081238789088077,0.0,True,False,208,65
4510,0.0001603278830137344,8.081238789088077,8.080903648759147,inf,inf,False,False,6,58
4511,0.000160157633044957,8.081238789088077,8.080903648759147,8.081238789088077,0.0,True,False,58,226
4512,0.00015998756386227436,8.081238789088077,8.080903648759147,inf,inf,False,False,212,221
4513,0.00015981767527371244,8.081238789088077,8.080903648759147,8.081238789088077,0.0,True,False,228,145
4514,0.0001596479670875007,8.081238789088077,8.080903648759147,8.081238789088077,0.0,True,False,38,54
4515,0.00015947843911207229,8.081238789088077,8.080903648759147,8.081238789088077,0.0,True,False,91,183
4516,0.00015930909115606406,8.081238789088077,8.080903648759147,8.081238789088077,0.0,True,False,189,182
4517,0.00015913992302831568,8.081238789088077,8.080903648759147,8.081238789088077,0.0,True,False,139,235
4518,0.00015897093453787024,8.081238789088077,8.080903648759147,8.098366343514376,0.017127554426298985,False,False,128,133
4519,0.00015880212549397317,8.081238789088077,8.080903648759147,8.092002368987117,0.010763579899039755,False,False,92,86
4520,0.00015863349570607264,8.081238789088077,8.080903648759147,8.081238789088077,0.0,True,False,61,238
4521,0.0001584650449838193,8.081238789088077,8.080903648759147,8.12416103651276,0.042922247424682425,False,False,138,97
4522,0.00015829677313706575,8.081238789088077,8.080903648759147,inf,inf,False,False,217,193
4523,0.0001581286799758665,8.081238789088077,8.080903648759147,8.104027205176642,0.022788416088564745,False,False,150,158
4524,0.00015796076531047793,8.081238789088077,8.080903648759147,8.081238789088077,0.0,True,False,124,112
4525,0.00015779302895135768,8.081238789088077,8.080903648759147,8.081238789088077,0.0,True,False,0,192
4526,0.00015762547070916497,8.081238789088077,8.080903648759147,inf,inf,False,False,143,25
4527,0.00015745809039475973,8.081238789088077,8.080903648759147,8.084554997887677,0.003316208799599707,False,False,79,155
4528,0.0001572908878192029,8.081238789088077,8.080903648759147,inf,inf,False,False,165,15
4529,0.00015712386279375618,8.081238789088077,8.080903648759147,8.089558019465706,0.008319230377628273,False,False,29,130
4530,0.00015695701512988134,8.081238789088077,8.080903648759147,8.081238789088077,0.0,True,False,239,228
4531,0.00015679034463924078,8.081238789088077,8.080903648759147,8.081238789088077,0.0,True,False,160,86
4532,0.00015662385113369667,8.081238789088077,8.080903648759147,inf,inf,False,False,200,25
4533,0.00015645753442531074,8.081238789088077,8.080903648759147,8.116162913303166,0.03492412421508817,False,False,188,148
4534,0.0001562913943263448,8.081238789088077,8.080903648759147,8.081527083693382,0.00028829460530488404,False,False,121,224
4535,0.00015612543064925957,8.081238789088077,8.080903648759147,8.090391659963682,0.00915287087560479,False,False,175,168
4536,0.00015595964320671521,8.081238789088077,8.080903648759147,8.081238789088077,0.0,True,False,117,19
4537,0.00015579403181157064,8.081238789088077,8.080903648759147,inf,inf,False,False,25,223
4538,0.00015562859627688344,8.081238789088077,8.080903648759147,8.081238789088077,0.0,True,False,107,47
4539,0.00015546333641591002,8.081238789088077,8.080903648759147,8.134139955636257,0.05290116654818,False,False,183,125
4540,0.00015529825204210472,8.081238789088077,8.080903648759147,8.145514222030911,0.06427543294283389,False,False,108,107
4541,0.00015513334296912026,8.081238789088077,8.080903648759147,8.081238789088077,0.0,True,False,13,156
4542,0.00015496860901080705,8.081238789088077,8.080903648759147,8.081238789088077,0.0,True,False,105,42
4543,0.00015480404998121316,8.081238789088077,8.080903648759147,8.081238789088077,0.0,True,False,210,54
4544,0.00015463966569458437,8.081238789088077,8.080903648759147,8.091312319983603,0.010073530895525096,False,False,59,143
4545,0.00015447545596536334,8.081238789088077,8.080903648759147,8.094480666864333,0.013241877776255961,False,False,223,82
4546,0.00015431142060819014,8.081238789088077,8.080903648759147,inf,inf,False,False,222,152
4547,0.00015414755943790143,8.081238789088077,8.080903648759147,8.138613094767244,0.05737430567916668,False,False,68,97
4548,0.00015398387226953043,8.081238789088077,8.080903648759147,8.08184379828888,0.0006050092008020869,False,False,181,37
4549,0.00015382035891830714,8.081238789088077,8.080903648759147,8.081737758579651,0.0004989694915735754,False,False,11,157
4550,0.00015365701919965732,8.081238789088077,8.080903648759147,8.081238789088077,0.0,True,False,192,74
4551,0.00015349385292920308,8.081238789088077,8.080903648759147,inf,inf,False,False,174,51
4552,0.00015333085992276215,8.081238789088077,8.080903648759147,8.082067506996928,0.0008287179088508623,False,False,120,224
4553,0.00015316803999634773,8.081238789088077,8.080903648759147,8.144149892725109,0.06291110363703112,False,False,152,167
4554,0.00015300539296616867,8.081238789088077,8.080903648759147,inf,inf,False,False,11,162
4555,0.00015284291864862872,8.081238789088077,8.080903648759147,8.096905127271372,0.015666338183294215,False,False,144,29
4556,0.00015268061686032688,8.081238789088077,8.080903648759147,inf,inf,False,False,26,166
4557,0.00015251848741805663,8.081238789088077,8.080903648759147,8.081238789088077,0.0,True,False,65,120
4558,0.000152356530138806,8.081238789088077,8.080903648759147,inf,inf,False,False,138,221
4559,0.00015219474483975763,8.081238789088077,8.080903648759147,8.081238789088077,0.0,True,False,55,28
4560,0.00015203313133828797,8.081238789088077,8.080903648759147,8.081238789088077,0.0,True,False,123,156
4561,0.0001518716894519677,8.081238789088077,8.080903648759147,8.081238789088077,0.0,True,False,71,98
4562,0.00015171041899856094,8.081238789088077,8.080903648759147,8.124565048495606,0.04332625940752877,False,False,97,21
4563,0.00015154931979602536,8.081238789088077,8.080903648759147,8.212653560447814,0.13141477135973645,False,False,217,161
4564,0.00015138839166251226,8.081238789088077,8.080903648759147,inf,inf,False,False,212,62
4565,0.00015122763441636553,8.081238789088077,8.080903648759147,8.095687130028349,0.014448340940271365,False,False,60,143
4566,0.00015106704787612248,8.081238789088077,8.080903648759147,8.081737758579651,0.0004989694915735754,False,False,218,157
4567,0.00015090663186051275,8.081238789088077,8.080903648759147,8.106511175886004,0.025272386797926316,False,False,23,233
4568,0.00015074638618845851,8.081238789088077,8.080903648759147,8.081238789088077,0.0,True,False,38,36
4569,0.00015058631067907445,8.081238789088077,8.080903648759147,8.081238789088077,0.0,True,False,20,136
4570,0.000150426405151667,8.081238789088077,8.080903648759147,8.081238789088077,0.0,True,False,101,44
4571,0.00015026666942573482,8.081238789088077,8.080903648759147,8.081238789088077,0.0,True,False,3,202
4572,0.00015010710332096793,8.081238789088077,8.080903648759147,inf,inf,False,False,66,79
4573,0.00014994770665724796,8.081238789088077,8.080903648759147,8.115492516107796,0.03425372701971874,False,False,134,142
4574,0.0001497884792546479,8.081238789088077,8.080903648759147,8.081238789088077,0.0,True,False,201,100
4575,0.00014962942093343167,8.081238789088077,8.080903648759147,8.081238789088077,0.0,True,False,90,4
4576,0.00014947053151405392,8.081238789088077,8.080903648759147,8.143287877258441,0.062049088170363476,False,False,82,133
4577,0.00014931181081716035,8.081238789088077,8.080903648759147,8.081238789088077,0.0,True,False,38,102
4578,0.0001491532586635867,8.081238789088077,8.080903648759147,8.09321768121124,0.011978892123162055,False,False,109,143
4579,0.0001489948748743593,8.081238789088077,8.080903648759147,8.106099440544355,0.024860651456277694,False,False,50,5
4580,0.00014883665927069425,8.081238789088077,8.080903648759147,8.081238789088077,0.0,True,False,175,15
4581,0.0001486786116739976,8.081238789088077,8.080903648759147,8.081238789088077,0.0,True,False,154,33
4582,0.0001485207319058652,8.081238789088077,8.080903648759147,8.100305197216212,0.019066408128134427,False,False,114,78
4583,0.00014836301978808202,8.081238789088077,8.080903648759147,8.081238789088077,0.0,True,False,236,90
4584,0.0001482054751426227,8.081238789088077,8.080903648759147,inf,inf,False,False,232,62
4585,0.00014804809779165058,8.081238789088077,8.080903648759147,8.13366629132154,0.05242750223346171,False,False,82,229
4586,0.00014789088755751782,8.081238789088077,8.080903648759147,8.081238789088077,0.0,True,False,93,216
4587,0.00014773384426276556,8.081238789088077,8.080903648759147,8.081238789088077,0.0,True,False,204,12
4588,0.000147576967730123,8.081238789088077,8.080903648759147,8.086154909590821,0.004916120502743482,False,False,34,228
4589,0.00014742025778250793,8.081238789088077,8.080903648759147,8.081238789088077,0.0,True,False,117,176
4590,0.00014726371424302588,8.081238789088077,8.080903648759147,8.11138365366157,0.03014486457349186,False,False,142,21
4591,0.00014710733693497032,8.081238789088077,8.080903648759147,8.081238789088077,0.0,True,False,84,213
4592,0.00014695112568182254,8.081238789088077,8.080903648759147,8.100273362588084,0.019034573500006147,False,False,177,202
4593,0.00014679508030725094,8.081238789088077,8.080903648759147,inf,inf,False,False,106,78
4594,0.00014663920063511153,8.081238789088077,8.080903648759147,8.157732364258282,0.07649357517020405,False,False,93,57
4595,0.00014648348648944707,8.081238789088077,8.080903648759147,inf,inf,False,False,152,217
4596,0.00014632793769448724,8.081238789088077,8.080903648759147,8.081238789088077,0.0,True,False,186,20
4597,0.00014617255407464854,8.081238789088077,8.080903648759147,8.115681702106357,0.03444291301827995,False,False,142,176
4598,0.00014601733545453364,8.081238789088077,8.080903648759147,8.081440612046729,0.0002018229586511211,False,False,135,106
4599,0.00014586228165893174,8.081238789088077,8.080903648759147,8.10424494128748,0.023006152199402052,False,False,122,177
4600,0.00014570739251281792,8.081238789088077,8.080903648759147,8.091123826346458,0.00988503725838008,False,False,95,196
4601,0.00014555266784135304,8.081238789088077,8.080903648759147,8.12448084359933,0.04324205451125174,False,False,61,148
4602,0.00014539810746988394,8.081238789088077,8.080903648759147,8.081238789088077,0.0,True,False,86,140
4603,0.00014524371122394248,8.081238789088077,8.080903648759147,8.081238789088077,0.0,True,False,0,147
4604,0.0001450894789292463,8.081238789088077,8.080903648759147,8.081238789088077,0.0,True,False,75,183
4605,0.0001449354104116977,8.081238789088077,8.080903648759147,8.081238789088077,0.0,True,False,172,102
4606,0.00014478150549738386,8.081238789088077,8.080903648759147,8.081238789088077,0.0,True,False,37,220
4607,0.00014462776401257695,8.081238789088077,8.080903648759147,8.081238789088077,0.0,True,False,213,124
4608,0.0001444741857837333,8.081238789088077,8.080903648759147,8.081238789088077,0.0,True,False,203,121
4609,0.0001443207706374938,8.081238789088077,8.080903648759147,8.109338857153354,0.028100068065276318,False,False,138,171
4610,0.0001441675184006832,8.081238789088077,8.080903648759147,8.081238789088077,0.0,True,False,228,238
4611,0.0001440144289003101,8.081238789088077,8.080903648759147,8.081238789088077,0.0,True,False,145,16
4612,0.00014386150196356713,8.081238789088077,8.080903648759147,8.13601116128693,0.05477237219885289,False,False,49,82
4613,0.00014370873741783005,8.081238789088077,8.080903648759147,8.130480172566914,0.04924138347883655,False,False,174,27
4614,0.00014355613509065823,8.081238789088077,8.080903648759147,8.121144180483222,0.03990539139514482,False,False,54,68
4615,0.00014340369480979394,8.081238789088077,8.080903648759147,8.093435192888863,0.012196403800786015,False,False,34,149
4616,0.00014325141640316236,8.081238789088077,8.080903648759147,8.125752602578787,0.04451381349070971,False,False,169,87
4617,0.00014309929969887162,8.081238789088077,8.080903648759147,8.118681339405558,0.037442550317480894,False,False,91,109
4618,0.0001429473445252121,8.081238789088077,8.080903648759147,8.128335060300147,0.047096271212069496,False,False,111,89
4619,0.0001427955507106568,8.081238789088077,8.080903648759147,inf,inf,False,False,144,225
4620,0.0001426439180838606,8.081238789088077,8.080903648759147,8.081238789088077,0.0,True,False,229,28
4621,0.00014249244647366043,8.081238789088077,8.080903648759147,8.081238789088077,0.0,True,False,44,220
4622,0.0001423411357090751,8.081238789088077,8.080903648759147,inf,inf,False,False,237,25
4623,0.00014218998561930468,8.081238789088077,8.080903648759147,8.091811429508839,0.010572640420761559,False,False,130,175
4624,0.000142038996033731,8.081238789088077,8.080903648759147,8.081238789088077,0.0,True,False,22,4
4625,0.00014188816678191682,8.081238789088077,8.080903648759147,8.081238789088077,0.0,True,False,69,121
4626,0.00014173749769360577,8.081238789088077,8.080903648759147,8.081238789088077,0.0,True,False,115,122
4627,0.00014158698859872266,8.081238789088077,8.080903648759147,8.081238789088077,0.0,True,False,80,35
4628,0.00014143663932737245,8.081238789088077,8.080903648759147,8.131637555492597,0.05039876640451979,False,False,12,82
4629,0.00014128644970984094,8.081238789088077,8.080903648759147,8.081238789088077,0.0,True,False,20,28
4630,0.00014113641957659389,8.081238789088077,8.080903648759147,8.081238789088077,0.0,True,False,0,49
4631,0.00014098654875827697,8.081238789088077,8.080903648759147,8.081617666664508,0.00037887757643062514,False,False,223,117
4632,0.0001408368370857161,8.080921974012622,8.080903648759147,8.080921974012622,-0.0003168150754557786,True,False,200,9
4633,0.00014068728438991645,8.080921974012622,8.080903648759147,8.080921974012622,0.0,True,False,65,2
4634,0.00014053789050206275,8.080921974012622,8.080903648759147,8.080921974012622,0.0,True,False,86,32
4635,0.0001403886552535192,8.080921974012622,8.080903648759147,8.13782936270235,0.05690738868972822,False,False,121,142
4636,0.00014023957847582866,8.080921974012622,8.080903648759147,8.080921974012622,0.0,True,False,219,166
4637,0.0001400906600007134,8.080921974012622,8.080903648759147,8.080921974012622,0.0,True,False,190,140
4638,0.0001399418996600739,8.080921974012622,8.080903648759147,8.080921974012622,0.0,True,False,190,47
4639,0.00013979329728598935,8.080921974012622,8.080903648759147,8.080921974012622,0.0,True,False,160,188
4640,0.00013964485271071735,8.080921974012622,8.080903648759147,8.080921974012622,0.0,True,False,66,208
4641,0.0001394965657666934,8.080921974012622,8.080903648759147,inf,inf,False,False,59,127
4642,0.00013934843628653118,8.080921974012622,8.080903648759147,8.080921974012622,0.0,True,False,126,194
4643,0.00013920046410302188,8.080921974012622,8.080903648759147,8.086413600738751,0.005491626726129795,False,False,163,107
4644,0.0001390526490491343,8.080921974012622,8.080903648759147,8.090457629714138,0.009535655701515822,False,False,131,126
4645,0.00013890499095801486,8.080921974012622,8.080903648759147,inf,inf,False,False,118,81
4646,0.00013875748966298674,8.080921974012622,8.080903648759147,8.080921974012622,0.0,True,False,212,4
4647,0.00013861014499755054,8.080921974012622,8.080903648759147,inf,inf,False,False,141,219
4648,0.00013846295679538332,8.080921974012622,8.080903648759147,inf,inf,False,False,16,6
4649,0.00013831592489033884,8.080921974012622,8.080903648759147,inf,inf,False,False,170,172
4650,0.00013816904911644753,8.080921974012622,8.080903648759147,8.080921974012622,0.0,True,False,31,53
4651,0.0001380223293079157,8.080921974012622,8.080903648759147,8.080921974012622,0.0,True,False,202,91
4652,0.000137875765299126,8.080921974012622,8.080903648759147,8.080921974012622,0.0,True,False,46,67
4653,0.00013772935692463677,8.080921974012622,8.080903648759147,8.080921974012622,0.0,True,False,201,107
4654,0.00013758310401918204,8.080923125156012,8.080903648759147,8.080923125156012,1.1511433903876878e-06,True,False,110,129
4655,0.00013743700641767153,8.080923125156012,8.080903648759147,8.112047818926795,0.031124693770783196,False,False,197,107
4656,0.00013729106395518994,8.080923125156012,8.080903648759147,8.085283049019175,0.004359923863162862,False,False,4,144
4657,0.00013714527646699746,8.080923125156012,8.080903648759147,8.080923125156012,0.0,True,False,145,164
4658,0.00013699964378852895,8.080923125156012,8.080903648759147,8.080923125156012,0.0,True,False,54,201
4659,0.00013685416575539403,8.080923125156012,8.080903648759147,8.080923125156012,0.0,True,False,93,151
4660,0.00013670884220337709,8.080923125156012,8.080903648759147,8.080923125156012,0.0,True,False,5,210
4661,0.00013656367296843657,8.080923125156012,8.080903648759147,8.080923125156012,0.0,True,False,202,67
4662,0.0001364186578867055,8.080923125156012,8.080903648759147,8.080923125156012,0.0,True,False,191,107
4663,0.00013627379679449062,8.080923125156012,8.080903648759147,8.105557138964059,0.024634013808046973,False,False,146,89
4664,0.00013612908952827252,8.080923125156012,8.080903648759147,8.080923125156012,0.0,True,False,73,105
4665,0.00013598453592470562,8.080923125156012,8.080903648759147,inf,inf,False,False,106,223
4666,0.00013584013582061756,8.080923125156012,8.080903648759147,8.123995967150448,0.04307284199443551,False,False,108,126
4667,0.00013569588905300946,8.080923125156012,8.080903648759147,inf,inf,False,False,127,178
4668,0.00013555179545905537,8.080923125156012,8.080903648759147,8.080923125156012,0.0,True,False,102,9
4669,0.00013540785487610224,8.080923125156012,8.080903648759147,8.111904961535245,0.03098183637923313,False,False,40,108
4670,0.00013526406714166995,8.080923125156012,8.080903648759147,inf,inf,False,False,25,164
4671,0.00013512043209345056,8.080923125156012,8.080903648759147,8.089906398885255,0.008983273729242569,False,False,82,39
4672,0.0001349769495693089,8.080923125156012,8.080903648759147,8.088043043262802,0.007119918106790024,False,False,84,134
4673,0.00013483361940728165,8.080923125156012,8.080903648759147,8.080923125156012,0.0,True,False,80,112
4674,0.0001346904414455775,8.080923125156012,8.080903648759147,8.080923125156012,0.0,True,False,229,89
4675,0.00013454741552257717,8.080923125156012,8.080903648759147,8.080923125156012,0.0,True,False,150,89
4676,0.00013440454147683274,8.080923125156012,8.080903648759147,8.080923125156012,0.0,True,False,211,191
4677,0.000134261819147068,8.080923125156012,8.080903648759147,8.080923125156012,0.0,True,False,182,194
4678,0.00013411924837217768,8.080923125156012,8.080903648759147,8.11335836016611,0.03243523501009804,False,False,8,165
4679,0.00013397682899122777,8.080923125156012,8.080903648759147,8.080923125156012,0.0,True,False,103,193
4680,0.00013383456084345527,8.080923125156012,8.080903648759147,8.080923125156012,0.0,True,False,12,122
4681,0.00013369244376826756,8.080923125156012,8.080903648759147,8.080923125156012,0.0,True,False,98,69
4682,0.0001335504776052429,8.080923125156012,8.080903648759147,8.080923125156012,0.0,True,False,180,15
4683,0.00013340866219412972,8.080923125156012,8.080903648759147,8.133837402987757,0.05291427783174463,False,False,48,108
4684,0.00013326699737484652,8.080923125156012,8.080903648759147,8.080923125156012,0.0,True,False,30,27
4685,0.00013312548298748206,8.080923125156012,8.080903648759147,8.094959501558892,0.014036376402879469,False,False,47,144
4686,0.00013298411887229463,8.080923125156012,8.080903648759147,inf,inf,False,False,205,219
4687,0.00013284290486971246,8.080923125156012,8.080903648759147,inf,inf,False,False,10,9
4688,0.0001327018408203329,8.080923125156012,8.080903648759147,inf,inf,False,False,179,127
4689,0.00013256092656492265,8.080923125156012,8.080903648759147,8.094177148292989,0.013254023136976656,False,False,120,200
4690,0.00013242016194441774,8.080923125156012,8.080903648759147,8.080923125156012,0.0,True,False,193,125
4691,0.00013227954679992287,8.080923125156012,8.080903648759147,8.080923125156012,0.0,True,False,218,195
4692,0.00013213908097271137,8.080923125156012,8.080903648759147,inf,inf,False,False,162,86
4693,0.0001319987643042255,8.080923125156012,8.080903648759147,8.080923125156012,0.0,True,False,172,54
4694,0.00013185859663607548,8.080923125156012,8.080903648759147,8.126184724218133,0.045261599062120794,False,False,67,58
4695,0.00013171857781004006,8.080923125156012,8.080903648759147,8.082477278694672,0.0015541535386596195,False,False,144,202
4696,0.0001315787076680658,8.080923125156012,8.080903648759147,8.084797720377535,0.003874595221523336,False,False,0,163
4697,0.00013143898605226704,8.080923125156012,8.080903648759147,8.112848107217147,0.0319249820611347,False,False,65,134
4698,0.00013129941280492607,8.080923125156012,8.080903648759147,8.094628310601127,0.01370518544511512,False,False,131,31
4699,0.00013115998776849227,8.080923125156012,8.080903648759147,8.080923125156012,0.0,True,False,115,61
4700,0.0001310207107855827,8.080923125156012,8.080903648759147,8.092804083766765,0.011880958610753112,False,False,111,107
4701,0.00013088158169898128,8.080923125156012,8.080903648759147,8.183057952617949,0.1021348274619367,False,False,208,82
4702,0.0001307426003516389,8.080923125156012,8.080903648759147,8.126438019589479,0.04551489443346668,False,False,64,15
4703,0.0001306037665866734,8.080923125156012,8.080903648759147,8.080923125156012,0.0,True,False,230,28
4704,0.00013046508024736894,8.080923125156012,8.080903648759147,inf,inf,False,False,219,235
4705,0.00013032654117717642,8.080923125156012,8.080903648759147,8.080923125156012,0.0,True,False,53,116
4706,0.00013018814921971273,8.080923125156012,8.080903648759147,8.080923125156012,0.0,True,False,118,113
4707,0.00013004990421876077,8.080923125156012,8.080903648759147,8.080923125156012,0.0,True,False,8,141
4708,0.00012991180601826965,8.080923125156012,8.080903648759147,8.080923125156012,0.0,True,False,188,235
4709,0.00012977385446235378,8.080923125156012,8.080903648759147,8.080923125156012,0.0,True,False,232,165
4710,0.0001296360493952935,8.080923125156012,8.080903648759147,8.080923125156012,0.0,True,False,121,215
4711,0.00012949839066153424,8.080923125156012,8.080903648759147,8.080923125156012,0.0,True,False,145,12
4712,0.00012936087810568657,8.080923125156012,8.080903648759147,inf,inf,False,False,25,229
4713,0.00012922351157252637,8.080923125156012,8.080903648759147,8.080923125156012,0.0,True,False,226,225
4714,0.00012908629090699399,8.080923125156012,8.080903648759147,8.080923125156012,0.0,True,False,46,205
4715,0.00012894921595419477,8.080923125156012,8.080903648759147,8.080923125156012,0.0,True,False,118,42
4716,0.00012881228655939827,8.080923125156012,8.080903648759147,8.080923125156012,0.0,True,False,145,224
4717,0.0001286755025680384,8.080923125156012,8.080903648759147,8.090525817930995,0.009602692774983268,False,False,8,96
4718,0.0001285388638257134,8.080923125156012,8.080903648759147,inf,inf,False,False,7,226
4719,0.00012840237017818518,8.080923125156012,8.080903648759147,8.080923125156012,0.0,True,False,132,209
4720,0.0001282660214713797,8.080923125156012,8.080903648759147,8.080923125156012,0.0,True,False,183,91
4721,0.00012812981755138634,8.080923125156012,8.080903648759147,8.080923125156012,0.0,True,False,147,215
4722,0.00012799375826445794,8.080923125156012,8.080903648759147,inf,inf,False,False,152,162
4723,0.00012785784345701074,8.080923125156012,8.080903648759147,8.088981800264195,0.008058675108182811,False,False,197,126
4724,0.00012772207297562387,8.080923125156012,8.080903648759147,8.080923125156012,0.0,True,False,213,52
4725,0.00012758644666703957,8.080923125156012,8.080903648759147,8.080923125156012,0.0,True,False,52,137
4726,0.00012745096437816268,8.080923125156012,8.080903648759147,8.080923125156012,0.0,True,False,122,208
4727,0.0001273156259560606,8.080923125156012,8.080903648759147,8.136286947097066,0.055363821941053715,False,False,201,132
4728,0.00012718043124796332,8.080918517096741,8.080903648759147,8.080918517096741,-4.608059271049569e-06,True,False,208,202
4729,0.0001270453801012628,8.080918517096741,8.080903648759147,8.080918517096741,0.0,True,False,70,213
4730,0.00012691047236351326,8.080918517096741,8.080903648759147,8.095517584803401,0.014599067706660307,False,False,80,131
4731,0.00012677570788243068,8.080918517096741,8.080903648759147,8.080918517096741,0.0,True,False,125,19
4732,0.00012664108650589268,8.080918517096741,8.080903648759147,8.080918517096741,0.0,True,False,38,121
4733,0.0001265066080819387,8.080923125156012,8.080903648759147,8.080923125156012,4.608059271049569e-06,True,False,160,70
4734,0.0001263722724587692,8.080923125156012,8.080903648759147,8.080923125156012,0.0,True,False,56,132
4735,0.00012623807948474613,8.080923125156012,8.080903648759147,8.080923125156012,0.0,True,False,49,100
4736,0.00012610402900839227,8.080923125156012,8.080903648759147,inf,inf,False,False,186,127
4737,0.0001259701208783912,8.080923125156012,8.080903648759147,8.080923125156012,0.0,True,False,180,56
4738,0.00012583635494358748,8.080923125156012,8.080903648759147,8.080923125156012,0.0,True,False,174,184
4739,0.00012570273105298583,8.080923125156012,8.080903648759147,8.080923125156012,0.0,True,False,32,12
4740,0.00012556924905575163,8.080923125156012,8.080903648759147,8.080923125156012,0.0,True,False,65,132
4741,0.00012543590880121017,8.080923125156012,8.080903648759147,8.095875670055442,0.014952544899429654,False,False,51,34
4742,0.00012530271013884678,8.080923125156012,8.080903648759147,8.080923125156012,0.0,True,False,189,174
4743,0.0001251696529183068,8.080923125156012,8.080903648759147,8.094301943376816,0.013378818220804334,False,False,147,196
4744,0.00012503673698939502,8.080923125156012,8.080903648759147,8.080923125156012,0.0,True,False,85,176
4745,0.00012490396220207588,8.080923125156012,8.080903648759147,8.17569568807535,0.09477256291933855,False,False,167,116
4746,0.00012477132840647305,8.080923125156012,8.080903648759147,8.080923125156012,0.0,True,False,63,31
4747,0.00012463883545286926,8.080923125156012,8.080903648759147,8.141347203689524,0.060424078533511505,False,False,147,26
4748,0.0001245064831917065,8.080923125156012,8.080903648759147,8.085935785810571,0.005012660654559298,False,False,78,163
4749,0.00012437427147358538,8.080923125156012,8.080903648759147,8.080923125156012,0.0,True,False,59,199
4750,0.00012424220014926502,8.080923125156012,8.080903648759147,8.080923125156012,0.0,True,False,44,186
4751,0.00012411026906966336,8.080923125156012,8.080903648759147,8.080923125156012,0.0,True,False,141,175
4752,0.00012397847808585634,8.080923125156012,8.080903648759147,8.080923125156012,0.0,True,False,28,224
4753,0.0001238468270490783,8.080923125156012,8.080903648759147,8.113098284348228,0.032175159192215474,False,False,171,201
4754,0.00012371531581072131,8.080923125156012,8.080903648759147,8.191160467795191,0.11023734263917895,False,False,154,167
4755,0.00012358394422233533,8.080923125156012,8.080903648759147,inf,inf,False,False,81,208
4756,0.00012345271213562813,8.080923125156012,8.080903648759147,8.080923125156012,0.0,True,False,138,0
4757,0.00012332161940246464,8.080923125156012,8.080903648759147,inf,inf,False,False,75,144
4758,0.00012319066587486736,8.080923125156012,8.080903648759147,8.080923125156012,0.0,True,False,228,155
4759,0.00012305985140501581,8.080923125156012,8.080903648759147,8.120107674441845,0.03918454928583337,False,False,212,167
4760,0.00012292917584524638,8.080923125156012,8.080903648759147,inf,inf,False,False,220,221
4761,0.0001227986390480525,8.080923125156012,8.080903648759147,8.120639496099502,0.039716370943489565,False,False,96,155
4762,0.00012266824086608398,8.080923125156012,8.080903648759147,8.093526312259966,0.012603187103954028,False,False,104,179
4763,0.00012253798115214738,8.080923125156012,8.080903648759147,8.080923125156012,0.0,True,False,145,103
4764,0.0001224078597592053,8.080923125156012,8.080903648759147,8.080923125156012,0.0,True,False,47,202
4765,0.00012227787654037656,8.080923125156012,8.080903648759147,8.158196544850863,0.07727341969485124,False,False,234,156
4766,0.00012214803134893607,8.080923125156012,8.080903648759147,8.080923125156012,0.0,True,False,187,76
4767,0.00012201832403831431,8.080919321271134,8.080903648759147,8.080919321271134,-3.803884878195163e-06,True,False,40,13
4768,0.0001218887544620977,8.080919321271134,8.080903648759147,8.085007249008077,0.004087927736943442,False,False,105,5
4769,0.0001217593224740279,8.080919321271134,8.080903648759147,8.080919321271134,0.0,True,False,199,214
4770,0.00012163002792800188,8.080919321271134,8.080903648759147,8.09051506056997,0.009595739298836392,False,False,77,103
4771,0.00012150087067807197,8.080919321271134,8.080903648759147,8.080919321271134,0.0,True,False,140,216
4772,0.0001213718505784452,8.080919321271134,8.080903648759147,8.080919321271134,0.0,True,False,59,153
4773,0.0001212429674834837,8.080919321271134,8.080903648759147,8.080919321271134,0.0,True,False,205,124
4774,0.00012111422124770402,8.080919321271134,8.080903648759147,8.096083660609645,0.015164339338511468,False,False,176,50
4775,0.00012098561172577719,8.080919321271134,8.080903648759147,8.080919321271134,0.0,True,False,231,124
4776,0.00012085713877252885,8.080919321271134,8.080903648759147,8.080919321271134,0.0,True,False,109,126
4777,0.00012072880224293844,8.080919321271134,8.080903648759147,8.099412285697086,0.018492964425952607,False,False,15,68
4778,0.00012060060199213968,8.080919321271134,8.080903648759147,8.104451786618363,0.023532465347228637,False,False,120,155
4779,0.00012047253787541994,8.080919321271134,8.080903648759147,8.091165417306682,0.010246096035547936,False,False,130,65
4780,0.00012034460974822026,8.080919321271134,8.080903648759147,inf,inf,False,False,200,225
4781,0.00012021681746613537,8.080919321271134,8.080903648759147,8.098473410293979,0.01755408902284472,False,False,91,144
4782,0.00012008916088491307,8.080919321271134,8.080903648759147,inf,inf,False,False,38,221
4783,0.00011996163986045465,8.080919321271134,8.080903648759147,8.130975149768574,0.05005582849743995,False,False,142,184
4784,0.00011983425424881416,8.080919321271134,8.080903648759147,8.09337690346206,0.012457582190926075,False,False,169,144
4785,0.00011970700390619852,8.080919321271134,8.080903648759147,8.080919321271134,0.0,True,False,212,181
4786,0.00011957988868896758,8.080919321271134,8.080903648759147,inf,inf,False,False,73,219
4787,0.00011945290845363341,8.080919321271134,8.080903648759147,inf,inf,False,False,45,179
4788,0.0001193260630568607,8.080919321271134,8.080903648759147,8.121393344687947,0.040474023416813054,False,False,114,235
4789,0.00011919935235546624,8.080919321271134,8.080903648759147,8.080919321271134,0.0,True,False,20,99
4790,0.00011907277620641873,8.080919321271134,8.080903648759147,8.080919321271134,0.0,True,False,117,126
4791,0.00011894633446683907,8.080919321271134,8.080903648759147,8.080919321271134,0.0,True,False,239,56
4792,0.00011882002699399953,8.080919321271134,8.080903648759147,8.080919321271134,0.0,True,False,59,120
4793,0.00011869385364532425,8.080919321271134,8.080903648759147,8.080919321271134,0.0,True,False,115,175
4794,0.00011856781427838859,8.080919321271134,8.080903648759147,8.080919321271134,0.0,True,False,209,181
4795,0.00011844190875091909,8.080919321271134,8.080903648759147,inf,inf,False,False,7,42
4796,0.0001183161369207936,8.080919321271134,8.080903648759147,8.080919321271134,0.0,True,False,229,121
4797,0.00011819049864604064,8.080919321271134,8.080903648759147,8.080919321271134,0.0,True,False,181,199
4798,0.00011806499378483973,8.080919321271134,8.080903648759147,8.080919321271134,0.0,True,False,72,34
4799,0.00011793962219552078,8.08090363224093,8.08090363224093,8.08090363224093,-1.5689030204768528e-05,True,True,204,165
4800,0.00011781438373656415,8.08090363224093,8.08090363224093,inf,inf,False,False,161,214
4801,0.00011768927826660068,8.08090363224093,8.08090363224093,8.130959460738369,0.05005582849743995,False,False,64,193
4802,0.00011756430564441115,8.08090363224093,8.08090363224093,8.08090363224093,0.0,True,False,140,97
4803,0.00011743946572892623,8.08090363224093,8.08090363224093,8.08090363224093,0.0,True,False,176,156
4804,0.00011731475837922665,8.08090363224093,8.08090363224093,8.08090363224093,0.0,True,False,100,224
4805,0.00011719018345454251,8.08090363224093,8.08090363224093,8.113749740966854,0.032846108725925305,False,False,160,114
4806,0.00011706574081425363,8.08090363224093,8.08090363224093,inf,inf,False,False,67,217
4807,0.00011694143031788898,8.08090363224093,8.08090363224093,inf,inf,False,False,6,16
4808,0.00011681725182512669,8.08090363224093,8.08090363224093,8.122452478799204,0.04154884655827473,False,False,84,93
4809,0.00011669320519579403,8.08090363224093,8.08090363224093,8.08090363224093,0.0,True,False,236,188
4810,0.00011656929028986697,8.08090363224093,8.08090363224093,8.08090363224093,0.0,True,False,208,105
4811,0.00011644550696747038,8.08090363224093,8.08090363224093,8.10301937367384,0.02211574143291095,False,False,126,149
4812,0.00011632185508887742,8.08090363224093,8.08090363224093,8.08090363224093,0.0,True,False,99,113
4813,0.00011619833451450964,8.080907436125807,8.08090363224093,8.080907436125807,3.803884878195163e-06,True,False,148,168
4814,0.00011607494510493709,8.080907436125807,8.08090363224093,8.080907436125807,0.0,True,False,121,225
4815,0.00011595168672087753,8.080907436125807,8.08090363224093,inf,inf,False,False,81,207
4816,0.00011582855922319686,8.080907436125807,8.08090363224093,inf,inf,False,False,180,162
4817,0.00011570556247290863,8.080907436125807,8.08090363224093,8.156482963937787,0.07557552781197963,False,False,236,93
4818,0.0001155826963311739,8.080958185016145,8.08090363224093,8.080958185016145,5.0748890338070396e-05,True,False,238,227
4819,0.00011545996065930136,8.080958185016145,8.08090363224093,8.080958185016145,0.0,True,False,55,154
4820,0.00011533735531874674,8.080958185016145,8.08090363224093,8.080958185016145,0.0,True,False,226,11
4821,0.00011521488017111316,8.080958185016145,8.08090363224093,8.080958185016145,0.0,True,False,30,76
4822,0.00011509253507815049,8.080958185016145,8.08090363224093,8.088328531727107,0.007370346710962039,False,False,84,31
4823,0.00011497031990175537,8.080958185016145,8.08090363224093,8.080958185016145,0.0,True,False,192,225
4824,0.00011484823450397133,8.080958185016145,8.08090363224093,8.080958185016145,0.0,True,False,151,201
4825,0.00011472627874698815,8.080958185016145,8.08090363224093,inf,inf,False,False,84,62
4826,0.00011460445249314215,8.080958185016145,8.08090363224093,inf,inf,False,False,228,12
4827,0.00011448275560491565,8.080958185016145,8.08090363224093,8.080958185016145,0.0,True,False,198,112
4828,0.00011436118794493709,8.080958185016145,8.08090363224093,inf,inf,False,False,170,235
4829,0.00011423974937598084,8.080958185016145,8.08090363224093,inf,inf,False,False,159,148
4830,0.0001141184397609668,8.080958185016145,8.08090363224093,8.085144327075174,0.004186142059028342,False,False,87,183
4831,0.00011399725896296071,8.080958185016145,8.08090363224093,8.080958185016145,0.0,True,False,239,207
4832,0.00011387620684517348,8.080958185016145,8.08090363224093,inf,inf,False,False,50,170
4833,0.00011375528327096132,8.080958185016145,8.08090363224093,8.080958185016145,0.0,True,False,92,212
4834,0.00011363448810382567,8.080958185016145,8.08090363224093,inf,inf,False,False,162,180
4835,0.00011351382120741272,8.080958185016145,8.08090363224093,8.099876764813185,0.018918579797039925,False,False,1,186
4836,0.0001133932824455137,8.080958185016145,8.08090363224093,8.080958185016145,0.0,True,False,20,176
4837,0.00011327287168206427,8.080958185016145,8.08090363224093,8.118733144431708,0.03777495941556275,False,False,82,59
4838,0.00011315258878114454,8.080958185016145,8.08090363224093,8.095765993207493,0.01480780819134786,False,False,131,175
4839,0.00011303243360697922,8.080958185016145,8.08090363224093,inf,inf,False,False,232,27
4840,0.00011291240602393688,8.080958185016145,8.08090363224093,8.080958185016145,0.0,True,False,226,205
4841,0.0001127925058965304,8.080958185016145,8.08090363224093,8.080958185016145,0.0,True,False,227,154
4842,0.00011267273308941633,8.080958185016145,8.08090363224093,8.080958185016145,0.0,True,False,92,122
4843,0.00011255308746739494,8.080958185016145,8.08090363224093,8.080958185016145,0.0,True,False,166,191
4844,0.00011243356889541028,8.080958185016145,8.08090363224093,8.080958185016145,0.0,True,False,224,220
4845,0.00011231417723854953,8.080958185016145,8.08090363224093,8.080958185016145,0.0,True,False,14,216
4846,0.0001121949123620434,8.080958185016145,8.08090363224093,inf,inf,False,False,213,134
4847,0.00011207577413126549,8.080958185016145,8.08090363224093,8.141828653562706,0.060870468546561085,False,False,196,110
4848,0.00011195676241173242,8.080958185016145,8.08090363224093,8.080958185016145,0.0,True,False,214,198
4849,0.00011183787706910374,8.080958185016145,8.08090363224093,inf,inf,False,False,187,25
4850,0.00011171911796918145,8.080958185016145,8.08090363224093,8.080958185016145,0.0,True,False,29,181
4851,0.00011160048497791028,8.080958185016145,8.08090363224093,8.080958185016145,0.0,True,False,109,202
4852,0.00011148197796137713,8.080958185016145,8.08090363224093,8.080958185016145,0.0,True,False,216,101
4853,0.0001113635967858111,8.080958185016145,8.08090363224093,8.080958185016145,0.0,True,False,21,187
4854,0.00011124534131758354,8.080958185016145,8.08090363224093,8.080958185016145,0.0,True,False,181,35
4855,0.0001111272114232074,8.080958185016145,8.08090363224093,8.083362602155864,0.0024044171397186176,False,False,183,149
4856,0.0001110092069693377,8.080958185016145,8.08090363224093,8.080958185016145,0.0,True,False,202,208
4857,0.0001108913278227708,8.080958185016145,8.08090363224093,8.080958185016145,0.0,True,False,100,28
4858,0.00011077357385044457,8.080958185016145,8.08090363224093,inf,inf,False,False,162,134
4859,0.00011065594491943833,8.080958185016145,8.08090363224093,8.080958185016145,0.0,True,False,182,40
4860,0.00011053844089697234,8.080958185016145,8.08090363224093,8.080958185016145,0.0,True,False,21,227
4861,0.00011042106165040789,8.080958185016145,8.08090363224093,8.090671234980464,0.009713049964318543,False,False,33,143
4862,0.00011030380704724733,8.080958185016145,8.08090363224093,inf,inf,False,False,84,51
4863,0.00011018667695513337,8.080958185016145,8.08090363224093,8.080958185016145,0.0,True,False,115,229
4864,0.0001100696712418496,8.080958185016145,8.08090363224093,8.080958185016145,0.0,True,False,141,176
4865,0.00010995278977531978,8.080958185016145,8.08090363224093,8.080958185016145,0.0,True,False,190,19
4866,0.00010983603242360794,8.080958185016145,8.08090363224093,8.108995520355156,0.028037335339011094,False,False,143,34
4867,0.00010971939905491842,8.080958185016145,8.08090363224093,8.080958185016145,0.0,True,False,9,236
4868,0.00010960288953759518,8.080958185016145,8.08090363224093,8.089146173773395,0.008187988757249798,False,False,105,186
4869,0.0001094865037401223,8.080958185016145,8.08090363224093,8.080958185016145,0.0,True,False,194,126
4870,0.00010937024153112335,8.080958185016145,8.08090363224093,8.080958185016145,0.0,True,False,224,137
4871,0.00010925410277936134,8.080958185016145,8.08090363224093,8.080958185016145,0.0,True,False,117,86
4872,0.00010913808735373885,8.080958185016145,8.08090363224093,8.122307124864449,0.041348939848303345,False,False,2,142
4873,0.00010902219512329743,8.080958185016145,8.08090363224093,8.080958185016145,0.0,True,False,35,37
4874,0.00010890642595721797,8.080958185016145,8.08090363224093,8.100067184949262,0.019108999933116877,False,False,119,110
4875,0.00010879077972482004,8.080958185016145,8.08090363224093,8.080958185016145,0.0,True,False,21,105
4876,0.00010867525629556197,8.080958185016145,8.08090363224093,8.080958185016145,0.0,True,False,155,168
4877,0.00010855985553904097,8.080958185016145,8.08090363224093,8.080958185016145,0.0,True,False,109,218
4878,0.00010844457732499239,8.080958185016145,8.08090363224093,8.080958185016145,0.0,True,False,184,5
4879,0.00010832942152329022,8.080958185016145,8.08090363224093,8.080958185016145,0.0,True,False,155,186
4880,0.00010821438800394639,8.080958185016145,8.08090363224093,8.113561025788641,0.03260284077249587,False,False,158,21
4881,0.0001080994766371109,8.080958185016145,8.08090363224093,8.080958185016145,0.0,True,False,186,37
4882,0.00010798468729307181,8.080958185016145,8.08090363224093,inf,inf,False,False,116,222
4883,0.00010787001984225467,8.080958185016145,8.08090363224093,8.106638256211268,0.025680071195122167,False,False,50,111
4884,0.00010775547415522286,8.080958185016145,8.08090363224093,8.080958185016145,0.0,True,False,107,191
4885,0.00010764105010267706,8.080958185016145,8.08090363224093,8.114697858053647,0.033739673037501916,False,False,213,94
4886,0.00010752674755545519,8.080958185016145,8.08090363224093,8.080958185016145,0.0,True,False,213,41
4887,0.00010741256638453256,8.080958185016145,8.08090363224093,inf,inf,False,False,152,51
4888,0.00010729850646102125,8.080958185016145,8.08090363224093,8.080958185016145,0.0,True,False,135,229
4889,0.0001071845676561704,8.080958185016145,8.08090363224093,8.080958185016145,0.0,True,False,140,105
4890,0.00010707074984136572,8.080958185016145,8.08090363224093,inf,inf,False,False,176,7
4891,0.00010695705288812948,8.080958185016145,8.08090363224093,8.080958185016145,0.0,True,False,156,205
4892,0.00010684347666812059,8.080958185016145,8.08090363224093,8.080958185016145,0.0,True,False,229,103
4893,0.00010673002105313396,8.080958185016145,8.08090363224093,8.080958185016145,0.0,True,False,210,18
4894,0.00010661668591510092,8.080958185016145,8.08090363224093,inf,inf,False,False,27,217
4895,0.00010650347112608855,8.080958185016145,8.08090363224093,8.087013867511104,0.006055682494958248,False,False,80,102
4896,0.00010639037655829987,8.080958185016145,8.08090363224093,inf,inf,False,False,170,130
4897,0.00010627740208407372,8.080958185016145,8.08090363224093,inf,inf,False,False,161,139
4898,0.0001061645475758843,8.080958185016145,8.08090363224093,8.098843422074617,0.017885237058472114,False,False,46,197
4899,0.00010605181290634142,8.080958185016145,8.08090363224093,inf,inf,False,False,26,167
4900,0.00010593919794819002,8.080958185016145,8.08090363224093,8.080958185016145,0.0,True,False,168,121
4901,0.00010582670257431017,8.080958185016145,8.08090363224093,8.087642182744247,0.006683997728101687,False,False,102,134
4902,0.00010571432665771712,8.080958185016145,8.08090363224093,8.080958185016145,0.0,True,False,225,152
4903,0.00010560207007156069,8.080958185016145,8.08090363224093,8.080958185016145,0.0,True,False,187,151
4904,0.00010548993268912563,8.080958185016145,8.08090363224093,8.080958185016145,0.0,True,False,53,125
4905,0.00010537791438383112,8.080958185016145,8.08090363224093,inf,inf,False,False,74,228
4906,0.00010526601502923071,8.080958185016145,8.08090363224093,8.080958185016145,0.0,True,False,60,191
4907,0.00010515423449901244,8.080958185016145,8.08090363224093,inf,inf,False,False,23,228
4908,0.00010504257266699819,8.080958185016145,8.08090363224093,8.080958185016145,0.0,True,False,153,34
4909,0.00010493102940714411,8.080958185016145,8.08090363224093,8.080958185016145,0.0,True,False,211,189
4910,0.00010481960459353999,8.080958185016145,8.08090363224093,8.080958185016145,0.0,True,False,155,11
4911,0.00010470829810040933,8.080958185016145,8.08090363224093,8.094343567625316,0.013385382609170549,False,False,234,30
4912,0.0001045971098021094,8.080958185016145,8.08090363224093,8.080958185016145,0.0,True,False,150,110
4913,0.00010448603957313055,8.080958185016145,8.08090363224093,8.080958185016145,0.0,True,False,101,209
4914,0.0001043750872880968,8.080958185016145,8.08090363224093,8.080958185016145,0.0,True,False,187,14
4915,0.00010426425282176496,8.080958185016145,8.08090363224093,8.080958185016145,0.0,True,False,209,235
4916,0.00010415353604902497,8.080958185016145,8.08090363224093,8.080958185016145,0.0,True,False,182,198
4917,0.00010404293684489973,8.080958185016145,8.08090363224093,8.080958185016145,0.0,True,False,191,186
4918,0.0001039324550845447,8.080958185016145,8.08090363224093,8.080958185016145,0.0,True,False,91,215
4919,0.00010382209064324787,8.080958185016145,8.08090363224093,8.109133752188502,0.028175567172356253,False,False,76,185
4920,0.0001037118433964299,8.080958185016145,8.08090363224093,8.083772880064526,0.0028146950483805,False,False,96,216
4921,0.00010360171321964343,8.080958185016145,8.08090363224093,8.080958185016145,0.0,True,False,60,21
4922,0.00010349169998857359,8.080958185016145,8.08090363224093,8.080958185016145,0.0,True,False,204,59
4923,0.00010338180357903722,8.080958185016145,8.08090363224093,8.080958185016145,0.0,True,False,214,139
4924,0.00010327202386698311,8.080958185016145,8.08090363224093,8.113886695902103,0.03292851088595761,False,False,101,75
4925,0.00010316236072849192,8.080958185016145,8.08090363224093,8.081049217590069,9.10325739233997e-05,False,False,134,58
4926,0.00010305281403977567,8.080958185016145,8.08090363224093,inf,inf,False,False,217,36
4927,0.00010294338367717809,8.080958185016145,8.08090363224093,8.080958185016145,0.0,True,False,73,214
4928,0.000102834069517174,8.080958185016145,8.08090363224093,inf,inf,False,False,25,155
4929,0.00010272487143636941,8.080958185016145,8.08090363224093,8.080958185016145,0.0,True,False,116,150
4930,0.00010261578931150154,8.080958185016145,8.08090363224093,8.080958185016145,0.0,True,False,52,19
4931,0.00010250682301943826,8.080958185016145,8.08090363224093,8.080958185016145,0.0,True,False,146,98
4932,0.00010239797243717842,8.080958185016145,8.08090363224093,8.080958185016145,0.0,True,False,140,157
4933,0.00010228923744185133,8.080958185016145,8.08090363224093,inf,inf,False,False,6,114
4934,0.00010218061791071678,8.080958185016145,8.08090363224093,8.080958185016145,0.0,True,False,32,141
4935,0.000102072113721165,8.080958185016145,8.08090363224093,inf,inf,False,False,159,22
4936,0.00010196372475071628,8.080958185016145,8.08090363224093,8.080958185016145,0.0,True,False,59,201
4937,0.00010185545087702112,8.080958185016145,8.08090363224093,8.088267670343653,0.0073094853275073035,False,False,83,28
4938,0.00010174729197785986,8.080958185016145,8.08090363224093,inf,inf,False,False,215,159
4939,0.00010163924793114254,8.080958185016145,8.08090363224093,8.080958185016145,0.0,True,False,13,190
4940,0.00010153131861490905,8.080958185016145,8.08090363224093,inf,inf,False,False,7,213
4941,0.00010142350390732852,8.080958185016145,8.08090363224093,8.10791442750007,0.026956242483924697,False,False,89,140
4942,0.00010131580368669978,8.080958185016145,8.08090363224093,8.080958185016145,0.0,True,False,156,149
4943,0.00010120821783145063,8.080958185016145,8.08090363224093,8.080958185016145,0.0,True,False,42,55
4944,0.00010110074622013799,8.080958185016145,8.08090363224093,8.093403745912092,0.012445560895946173,False,False,177,166
4945,0.0001009933887314479,8.080958185016145,8.08090363224093,8.080958185016145,0.0,True,False,120,190
4946,0.00010088614524419503,8.080958185016145,8.08090363224093,inf,inf,False,False,62,176
4947,0.00010077901563732293,8.080958185016145,8.08090363224093,8.080958185016145,0.0,True,False,199,4
4948,0.00010067199978990353,8.080958185016145,8.08090363224093,8.080958185016145,0.0,True,False,174,169
4949,0.00010056509758113718,8.080958185016145,8.08090363224093,8.088615874889628,0.007657689873482809,False,False,108,61
4950,0.00010045830889035269,8.080958185016145,8.08090363224093,8.080958185016145,0.0,True,False,17,173
4951,0.00010035163359700674,8.080958185016145,8.08090363224093,8.08182804490722,0.000869859891075464,False,False,185,88
4952,0.0001002450715806843,8.080958185016145,8.08090363224093,8.080958185016145,0.0,True,False,87,169
4953,0.00010013862272109799,8.080958185016145,8.08090363224093,8.080958185016145,0.0,True,False,60,146
4954,0.00010003228689808815,8.080958185016145,8.08090363224093,8.081393141304446,0.0004349562883003699,False,False,101,165
4955,9.992606399162296e-05,8.080958185016145,8.08090363224093,8.080958185016145,0.0,True,False,201,35
4956,9.981995388179773e-05,8.080958185016145,8.08090363224093,8.080958185016145,0.0,True,False,109,88
4957,9.971395644883541e-05,8.080958185016145,8.08090363224093,8.080958185016145,0.0,True,False,46,120
4958,9.960807157308593e-05,8.080958185016145,8.08090363224093,8.080958185016145,0.0,True,False,43,119
4959,9.950229913502628e-05,8.080958185016145,8.08090363224093,8.080958185016145,0.0,True,False,72,46
4960,9.939663901526053e-05,8.080958185016145,8.08090363224093,inf,inf,False,False,51,85
4961,9.929109109451933e-05,8.080958185016145,8.08090363224093,8.10525400897948,0.024295823963335295,False,False,214,65
4962,9.91856552536602e-05,8.080958185016145,8.08090363224093,8.080958185016145,0.0,True,False,85,93
4963,9.9080331373667e-05,8.080958185016145,8.08090363224093,inf,inf,False,False,144,122
4964,9.897511933564997e-05,8.080958185016145,8.08090363224093,8.080958185016145,0.0,True,False,182,230
4965,9.887001902084578e-05,8.080958185016145,8.08090363224093,8.080958185016145,0.0,True,False,229,12
4966,9.876503031061694e-05,8.080958185016145,8.08090363224093,8.080958185016145,0.0,True,False,21,206
4967,9.866015308645224e-05,8.080958185016145,8.08090363224093,8.080958185016145,0.0,True,False,4,23
4968,9.85553872299661e-05,8.080958185016145,8.08090363224093,8.080958185016145,0.0,True,False,71,181
4969,9.845073262289866e-05,8.080958185016145,8.08090363224093,inf,inf,False,False,85,228
4970,9.834618914711581e-05,8.080958185016145,8.08090363224093,8.080958185016145,0.0,True,False,140,204
4971,9.824175668460866e-05,8.080958185016145,8.08090363224093,8.130732551522776,0.049774366506630585,False,False,141,158
4972,9.813743511749385e-05,8.080958185016145,8.08090363224093,inf,inf,False,False,227,106
4973,9.803322432801304e-05,8.080958185016145,8.08090363224093,inf,inf,False,False,155,6
4974,9.792912419853292e-05,8.080958185016145,8.08090363224093,inf,inf,False,False,159,100
4975,9.782513461154529e-05,8.080958185016145,8.08090363224093,8.080958185016145,0.0,True,False,113,198
4976,9.772125544966653e-05,8.080958185016145,8.08090363224093,inf,inf,False,False,86,162
4977,9.76174865956377e-05,8.080958185016145,8.08090363224093,inf,inf,False,False,181,200
4978,9.751382793232452e-05,8.080958185016145,8.08090363224093,8.097738052178437,0.01677986716229185,False,False,156,233
4979,9.741027934271685e-05,8.080958185016145,8.08090363224093,8.122144944863555,0.041186759847409604,False,False,35,143
4980,9.73068407099291e-05,8.080958185016145,8.08090363224093,inf,inf,False,False,20,7
4981,9.720351191719955e-05,8.080958185016145,8.08090363224093,inf,inf,False,False,191,217
4982,9.71002928478905e-05,8.080958185016145,8.08090363224093,8.080958185016145,0.0,True,False,231,157
4983,9.699718338548828e-05,8.080958185016145,8.08090363224093,8.080958185016145,0.0,True,False,38,110
4984,9.689418341360273e-05,8.080958185016145,8.08090363224093,8.093381272117288,0.012423087101142372,False,False,144,229
4985,9.679129281596747e-05,8.080958185016145,8.08090363224093,8.089624268028484,0.008666083012338177,False,False,163,52
4986,9.668851147643944e-05,8.080958185016145,8.08090363224093,inf,inf,False,False,224,7
4987,9.658583927899893e-05,8.080958185016145,8.08090363224093,inf,inf,False,False,90,187
4988,9.648327610774953e-05,8.080958185016145,8.08090363224093,8.099212767591933,0.01825458257578738,False,False,213,1
4989,9.638082184691775e-05,8.080958185016145,8.08090363224093,8.09720572551947,0.016247540503323776,False,False,184,238
4990,9.627847638085324e-05,8.080958185016145,8.08090363224093,8.080958185016145,0.0,True,False,222,166
4991,9.617623959402823e-05,8.080958185016145,8.08090363224093,8.080958185016145,0.0,True,False,133,199
4992,9.607411137103775e-05,8.080958185016145,8.08090363224093,inf,inf,False,False,114,228
4993,9.597209159659941e-05,8.080958185016145,8.08090363224093,inf,inf,False,False,133,232
4994,9.58701801555531e-05,8.080958185016145,8.08090363224093,8.14552658921874,0.06456840420259446,False,False,142,238
4995,9.576837693286121e-05,8.080958185016145,8.08090363224093,8.09050760466771,0.009549419651564861,False,False,146,96
4996,9.566668181360808e-05,8.080960670581495,8.08090363224093,8.080960670581495,2.4855653499855634e-06,True,False,106,102
4997,9.556509468300011e-05,8.080960670581495,8.08090363224093,8.080960670581495,0.0,True,False,76,102
4998,9.546361542636578e-05,8.080893484530053,8.080893484530053,8.080893484530053,-6.718605144229173e-05,True,True,208,44
4999,9.536224392915507e-05,8.080893484530053,8.080893484530053,inf,inf,False,False,45,128
5000,9.526098007693984e-05,8.080893484530053,8.080893484530053,8.080893484530053,0.0,True,False,85,231
