osm_type,osm_id,osm_name,osm_name_normalised,osm_lat,osm_lon,osm_voltage,osm_substation,osm_operator,osm_ref,osm_location,osm_url
node,11073984704,Ballymaquirke Kiosk,ballymaquirke kiosk,52.1384181,-8.902978,20000,,ESB Networks,1194281,,https://www.openstreetmap.org/node/11073984704
node,13082650790,WESTERN CAR PK KIOSK,western car pk kiosk,52.6743876,-8.5785713,10000,,ESB Networks,067290 Z,,https://www.openstreetmap.org/node/13082650790
node,13120247042,CASTLETROY SEW KIOSK,castletroy sew kiosk,52.6749835,-8.5808402,10000,,ESB Networks,067289 Z,,https://www.openstreetmap.org/node/13120247042
node,13396022634,,,51.9079648,-8.4749007,,minor_distribution,Electricity Supply Board,,,https://www.openstreetmap.org/node/13396022634
node,13701693865,Silversprings Lane 021713X,silversprings lane 021713x,51.9032744,-8.4256562,20000,yes,ESB Networks,021713X,outdoor,https://www.openstreetmap.org/node/13701693865
node,13892230669,Roches Avenue Kiosk,roches avenue kiosk,52.6219129,-8.6629639,10000,minor_distribution,ESB Networks,,,https://www.openstreetmap.org/node/13892230669
way,31330615,110kV Kilbarry Electrical Substation,110kv kilbarry electrical substation,51.9224604,-8.4769397,110000;38000;10000,transmission,EirGrid,,,https://www.openstreetmap.org/way/31330615
way,79803764,Barnahely 110 kV Substation,barnahely 110 kv substation,51.8284805,-8.3442652,110000;38000;20000,transmission,EirGrid,,,https://www.openstreetmap.org/way/79803764
way,79803767,Raffeen 220 kV Substation,raffeen 220 kv substation,51.8268181,-8.3695668,220000;110000,transmission,EirGrid,,,https://www.openstreetmap.org/way/79803767
way,91799111,Tralee 110kV Substation,tralee 110kv substation,52.2890467,-9.6740021,110000;38000,transmission,EirGrid,,,https://www.openstreetmap.org/way/91799111
way,96765746,Limerick 110kV Substation,limerick 110kv substation,52.634953,-8.6416309,110000;38000,transmission,EirGrid,,,https://www.openstreetmap.org/way/96765746
way,104388595,Knockraha 220kV Substation,knockraha 220kv substation,51.9541985,-8.3194761,220000;110000,transmission,EirGrid,,,https://www.openstreetmap.org/way/104388595
way,104388599,Aghada 220kV Substation,aghada 220kv substation,51.8356384,-8.227215,220000,generation,EirGrid,,,https://www.openstreetmap.org/way/104388599
way,104879388,Mayfield 38 kV Substation,mayfield 38 kv substation,51.9178364,-8.4251943,38000,distribution,ESB Networks,,,https://www.openstreetmap.org/way/104879388
way,129111454,Mallow 110kV Substation,mallow 110kv substation,52.1431365,-8.6206886,110000;38000;10000,transmission,EirGrid,,,https://www.openstreetmap.org/way/129111454
way,154686756,Castleview 110kV Substation,castleview 110kv substation,51.9009511,-8.3704585,110000;10000,transmission,EirGrid,,,https://www.openstreetmap.org/way/154686756
way,155512863,Holly Hill 38 kV Substation,holly hill 38 kv substation,51.9075852,-8.5124445,38000;10000,industrial,ESB Networks,,,https://www.openstreetmap.org/way/155512863
way,179211659,Garryspillane 38 kV Substation,garryspillane 38 kv substation,52.4030449,-8.3872414,38000;10000,distribution,ESB Networks,,,https://www.openstreetmap.org/way/179211659
way,179214114,Glanlee 110kV Substation,glanlee 110kv substation,51.925463,-9.3067693,110000,generation,EirGrid,,,https://www.openstreetmap.org/way/179214114
way,179214119,Coomagearlahy Substation,coomagearlahy substation,51.9385387,-9.311485,110000,transmission,EirGrid,,,https://www.openstreetmap.org/way/179214119
way,179214131,Clonkeen 110kV Substation,clonkeen 110kv substation,51.9841297,-9.2997624,110000,transmission,EirGrid,,,https://www.openstreetmap.org/way/179214131
way,179838650,Carrigadrohid 110kV Substation,carrigadrohid 110kv substation,51.8978487,-8.8633008,110000,generation,EirGrid,,,https://www.openstreetmap.org/way/179838650
way,179978277,Kealkill 38kV Substation,kealkill 38kv substation,51.8043465,-9.3218389,38000,generation,ESB Networks,,,https://www.openstreetmap.org/way/179978277
way,180637986,Killonan 220kV Substation,killonan 220kv substation,52.6401871,-8.5454912,220000;110000,transmission,EirGrid,,,https://www.openstreetmap.org/way/180637986
way,186166560,Bandon 110kV Substation,bandon 110kv substation,51.7739278,-8.733195,110000;38000;10000,transmission,EirGrid,,,https://www.openstreetmap.org/way/186166560
way,186889661,Boggeragh 110kV Substation,boggeragh 110kv substation,52.0384891,-8.9086408,110000;38000;33000,generation,EirGrid,,,https://www.openstreetmap.org/way/186889661
way,186889669,Clashavoon 220 kV Substation,clashavoon 220 kv substation,51.938191,-8.9141082,220000;110000,transmission,EirGrid,,,https://www.openstreetmap.org/way/186889669
way,190919157,Scarteen 38kV Substation,scarteen 38kv substation,52.1423103,-8.675513,38000;20000;10000,distribution,ESB Networks,,,https://www.openstreetmap.org/way/190919157
way,191715059,Cow Cross 110kV Substation,cow cross 110kv substation,51.8651043,-8.3012481,110000;38000;10000,transmission,EirGrid,,,https://www.openstreetmap.org/way/191715059
way,202739744,Tipperary 110kV Substation,tipperary 110kv substation,52.4722096,-8.0672001,110000;38000,transmission,EirGrid,,,https://www.openstreetmap.org/way/202739744
way,207331199,Prospect 220kV Substation,prospect 220kv substation,52.6394329,-9.2533719,220000,transmission,EirGrid,,,https://www.openstreetmap.org/way/207331199
way,207339053,Moneypoint 400kV Station,moneypoint 400kv,52.6103965,-9.4216875,400000;380000;220000;110000,generation,EirGrid,,,https://www.openstreetmap.org/way/207339053
way,207728854,Lakyle North,lakyle north,52.5984217,-9.3336443,220000,transition,EirGrid,,,https://www.openstreetmap.org/way/207728854
way,208124159,Tarbert 220kV Substation,tarbert 220kv substation,52.5885022,-9.3662608,220000,generation,EirGrid,,,https://www.openstreetmap.org/way/208124159
way,208150180,Ahane 110kV Substation,ahane 110kv substation,52.6617276,-8.5076209,110000;10000;20000,transmission,EirGrid,,,https://www.openstreetmap.org/way/208150180
way,209837326,Analog 38-kV substation,analog 38 kv substation,52.6258827,-8.6577504,38000;10000,industrial,ESB Networks,,,https://www.openstreetmap.org/way/209837326
way,209985873,Ballyard 38 kV Substation,ballyard 38 kv substation,52.2565709,-9.7037918,38000,distribution,ESB Networks,,,https://www.openstreetmap.org/way/209985873
way,210253713,Tursilagh 38 kV Substation,tursilagh 38 kv substation,52.3147503,-9.6029683,38000,generation,ESB Networks,,,https://www.openstreetmap.org/way/210253713
way,210260291,Muingnaminnane 38 kV Substation,muingnaminnane 38 kv substation,52.2923931,-9.5350557,38000,generation,ESB Networks,,,https://www.openstreetmap.org/way/210260291
way,210298504,Moneteen 110kV Substation,moneteen 110kv substation,52.6369214,-8.6881456,110000,transmission,EirGrid,,,https://www.openstreetmap.org/way/210298504
way,210599157,Clahane 110kV Substation,clahane 110kv substation,52.3787738,-9.548026,110000,transmission,EirGrid,,,https://www.openstreetmap.org/way/210599157
way,210976327,Abbeyfeale 38 kV Substation,abbeyfeale 38 kv substation,52.3927326,-9.302756,38000;20000;10000,distribution,ESB Networks,,,https://www.openstreetmap.org/way/210976327
way,211017951,Island 38 kV Substation,island 38 kv substation,52.436946,-9.4883339,38000,industrial,ESB Networks,,,https://www.openstreetmap.org/way/211017951
way,211049457,Rathkeale 110kV Substation,rathkeale 110kv substation,52.5436993,-8.9685536,110000;38000;20000,transmission,EirGrid,,,https://www.openstreetmap.org/way/211049457
way,211196263,Aughinish 110kV Substation,aughinish 110kv substation,52.6252455,-9.0514195,110000,transmission,EirGrid,,,https://www.openstreetmap.org/way/211196263
way,211932944,Kenmare 38 kV Substation,kenmare 38 kv substation,51.8908752,-9.574722,38000,distribution,ESB Networks,,,https://www.openstreetmap.org/way/211932944
way,213169697,Kilrush 38 kV Substation,kilrush 38 kv substation,52.6485052,-9.4799923,38000,distribution,ESB Networks,,,https://www.openstreetmap.org/way/213169697
way,213508375,Oughtragh 110kV Substation,oughtragh 110kv substation,52.136625,-9.6927788,110000;38000,transmission,EirGrid,,,https://www.openstreetmap.org/way/213508375
way,216118826,Taurbeg 38 kV Substation,taurbeg 38 kv substation,52.2546998,-9.1351095,38000;20000,generation,ESB Networks,,,https://www.openstreetmap.org/way/216118826
way,217170049,Woodford 38 kV Substation,woodford 38 kv substation,52.0556752,-9.4580376,38000;10000,distribution,ESB Networks,,,https://www.openstreetmap.org/way/217170049
way,217487272,Gneeves 38 kV Substation,gneeves 38 kv substation,52.0143477,-9.1206595,38000,generation,ESB Networks,,,https://www.openstreetmap.org/way/217487272
way,217487275,Garrow 110kV Substation,garrow 110kv substation,52.0026938,-9.131237,110000;20000,generation,EirGrid,,,https://www.openstreetmap.org/way/217487275
way,218565935,Reamore 110kV Substation,reamore 110kv substation,52.302124,-9.5436255,110000;38000,transmission,EirGrid,,,https://www.openstreetmap.org/way/218565935
way,218901878,Tullabrack 110kV Substation,tullabrack 110kv substation,52.6730693,-9.4791123,110000;38000,transmission,EirGrid,,,https://www.openstreetmap.org/way/218901878
way,220264906,Singland 110kV Substation,singland 110kv substation,52.6634944,-8.5873819,110000;10000;20000,transmission,EirGrid,,,https://www.openstreetmap.org/way/220264906
way,225543264,Kilmoney 38 kV Substation,kilmoney 38 kv substation,51.8109315,-8.4156936,38000;10000,distribution,ESB Networks,,,https://www.openstreetmap.org/way/225543264
way,235602041,Macroom 110kV Substation,macroom 110kv substation,51.8957884,-8.8921962,110000;38000;20000,transmission,EirGrid,,,https://www.openstreetmap.org/way/235602041
way,235924790,Trien 110kV Substation,trien 110kv substation,52.4245772,-9.426115,110000;38000,transmission,EirGrid,,,https://www.openstreetmap.org/way/235924790
way,235929741,Dunmanway 110kV Station,dunmanway 110kv,51.7232312,-9.0897487,110000;38000;20000;10000,transmission,EirGrid,,,https://www.openstreetmap.org/way/235929741
way,235933652,Brinny 110kV Substation,brinny 110kv substation,51.7851436,-8.7045456,110000,industrial,EirGrid,,,https://www.openstreetmap.org/way/235933652
way,236517264,Knockearagh 110kV Substation,knockearagh 110kv substation,52.0764652,-9.4387403,110000;38000,transmission,EirGrid,,,https://www.openstreetmap.org/way/236517264
way,236522320,Cauteen 110 kV Substation,cauteen 110 kv substation,52.5375573,-8.1938573,110000;38000,transmission,EirGrid,,,https://www.openstreetmap.org/way/236522320
way,236651495,Barrymore 110kV Substation,barrymore 110kv substation,52.0958683,-8.2546807,110000;38000,transmission,EirGrid,,,https://www.openstreetmap.org/way/236651495
way,237476488,Ballylickey 110kV Substation,ballylickey 110kv substation,51.7239932,-9.4296621,110000;38000,transmission,EirGrid,,,https://www.openstreetmap.org/way/237476488
way,237476600,Charleville 110kV Substation,charleville 110kv substation,52.3301844,-8.6941349,110000;38000;20000;10000,transmission,EirGrid,,,https://www.openstreetmap.org/way/237476600
way,243018345,Midleton 110kV Substation,midleton 110kv substation,51.9376618,-8.1872013,110000;38000;10000,transmission,EirGrid,,,https://www.openstreetmap.org/way/243018345
way,260160152,Castletroy 38kV Substation,castletroy 38kv substation,52.6764798,-8.5563319,38000,distribution,ESB Networks,,,https://www.openstreetmap.org/way/260160152
way,260953175,Rivers 38 kV Substation,rivers 38 kv substation,52.6735638,-8.5375803,38000,industrial,ESB Networks,,,https://www.openstreetmap.org/way/260953175
way,266106617,Corbally 38 kV Substation,corbally 38 kv substation,52.670159,-8.6159756,38000,distribution,ESB Networks,,,https://www.openstreetmap.org/way/266106617
way,288964932,Caherdavin 38 kV Substation,caherdavin 38 kv substation,52.6692567,-8.6535029,38000;10000,distribution,ESB Networks,,,https://www.openstreetmap.org/way/288964932
way,288974474,Moylish 38 kV Substation,moylish 38 kv substation,52.6781564,-8.6543817,38000;10000,distribution,ESB Networks,,,https://www.openstreetmap.org/way/288974474
way,303807407,Reeds Square,reeds square,51.8937261,-8.4774372,10000;400;230,minor_distribution,ESB Networks,,,https://www.openstreetmap.org/way/303807407
way,315443158,Ballydehob 38 kV Substation,ballydehob 38 kv substation,51.5668353,-9.4727224,38000;20000,distribution,ESB Networks,,,https://www.openstreetmap.org/way/315443158
way,315633143,Glanta Commons 38 kV Station,glanta commons 38,51.6318137,-9.3797358,38000,generation,ESB Networks,,,https://www.openstreetmap.org/way/315633143
way,316178204,Cloonlough 38 kV Substation,cloonlough 38 kv substation,52.2576737,-8.2774214,38000,distribution,ESB Networks,,,https://www.openstreetmap.org/way/316178204
way,316453972,Castlefarm 38 kV Substation,castlefarm 38 kv substation,52.267963,-8.2811972,38000,distribution,ESB Networks,,,https://www.openstreetmap.org/way/316453972
way,317014981,Kilshanny 38 kV Substation,kilshanny 38 kv substation,52.2675097,-8.242684,38000,distribution,ESB Networks,,,https://www.openstreetmap.org/way/317014981
way,332283882,Milane Hill 38kV Station,milane hill 38kv,51.6936855,-9.2078486,38000,generation,ESB Networks,,,https://www.openstreetmap.org/way/332283882
way,333480949,Inchincoosh Wind Farm Substation,inchincoosh wind farm substation,51.9384287,-9.3119451,,generation,EirGrid,,,https://www.openstreetmap.org/way/333480949
way,333480950,Kilgarvan Wind Farm substation,kilgarvan wind farm substation,51.938374,-9.3111033,,generation,EirGrid,,,https://www.openstreetmap.org/way/333480950
way,339515165,Novartis,novartis,51.8270663,-8.3436362,38000,industrial,ESB Networks,,,https://www.openstreetmap.org/way/339515165
way,339519136,Carrigaline 38kV Substation,carrigaline 38kv substation,51.8275848,-8.3821205,38000;10000,distribution,ESB Networks,,,https://www.openstreetmap.org/way/339519136
way,341814771,Skibbereen 38 kV Substation,skibbereen 38 kv substation,51.5595111,-9.2443588,38000,distribution,ESB Networks,,,https://www.openstreetmap.org/way/341814771
way,355529295,Castletownbere 38 kV Substation,castletownbere 38 kv substation,51.6570588,-9.8954981,38000,distribution,ESB Networks,,,https://www.openstreetmap.org/way/355529295
way,361261945,Glanagow 220 kV Substation,glanagow 220 kv substation,51.8150801,-8.2496363,220000,generation,EirGrid,,,https://www.openstreetmap.org/way/361261945
way,373209904,Coolroe 110kV Substation,coolroe 110kv substation,51.8859966,-8.6360252,110000;20000,transmission,EirGrid,,,https://www.openstreetmap.org/way/373209904
way,373209905,Inniscarra 110kV Substation,inniscarra 110kv substation,51.9017859,-8.661073,110000;38000;10500,generation,EirGrid,,,https://www.openstreetmap.org/way/373209905
way,373218637,Mungret,mungret,52.6411396,-8.6914888,110000,industrial,EirGrid,,,https://www.openstreetmap.org/way/373218637
way,374348922,Tarbert 110kV Substation,tarbert 110kv substation,52.5877268,-9.3635022,110000,transmission,EirGrid,,,https://www.openstreetmap.org/way/374348922
way,374415638,Sealrock 110 kV Substation,sealrock 110 kv substation,52.6328727,-9.0577245,110000,generation,RUSAL,,,https://www.openstreetmap.org/way/374415638
way,374583113,,,52.6354044,-8.6348703,110000,transition,EirGrid,,,https://www.openstreetmap.org/way/374583113
way,374587161,Glenlara 110kV Substation,glenlara 110kv substation,52.2053487,-9.023808,110000;38000,transmission,EirGrid,,,https://www.openstreetmap.org/way/374587161
way,374587318,Newmarket (South) 38 kV Substation,newmarket south 38 kv substation,52.2125833,-9.0066099,38000;10000,distribution,ESB Networks,,,https://www.openstreetmap.org/way/374587318
way,374595920,Carrigtwohill 38 kV Substation,carrigtwohill 38 kv substation,51.897043,-8.2479761,38000,distribution,ESB Networks,,,https://www.openstreetmap.org/way/374595920
way,374617269,Old Court 110 kV Substation,old court 110 kv substation,51.8787349,-8.3238782,110000,industrial,EirGrid,,,https://www.openstreetmap.org/way/374617269
way,374699379,Flaxfort 38kV Substation,flaxfort 38kv substation,51.8954203,-8.364639,38000,industrial,ESB Networks,,,https://www.openstreetmap.org/way/374699379
way,374906132,Whitegate 110kV Substation,whitegate 110kv substation,51.8186651,-8.2389996,110000,industrial,EirGrid,,,https://www.openstreetmap.org/way/374906132
way,374934264,,,51.8999405,-8.4448759,110000,transition,EirGrid,,,https://www.openstreetmap.org/way/374934264
way,376525091,Rosscarbery 38 kV Substation,rosscarbery 38 kv substation,51.6014962,-9.0221208,38000,distribution,ESB Networks,,,https://www.openstreetmap.org/way/376525091
way,386326201,Milltown (South) 38 kV Substation,milltown south 38 kv substation,52.137929,-9.7147346,38000;20000,distribution,ESB Networks,,,https://www.openstreetmap.org/way/386326201
way,393910065,,,51.9130005,-8.2825359,38000,transition,ESB Networks,,,https://www.openstreetmap.org/way/393910065
way,403367866,Rathmore 38 kV Substation,rathmore 38 kv substation,52.0847612,-9.1840065,38000,distribution,ESB Networks,,,https://www.openstreetmap.org/way/403367866
way,403518070,Ballybeggan 38 kV Substation,ballybeggan 38 kv substation,52.2708467,-9.6795166,38000,distribution,ESB Networks,,,https://www.openstreetmap.org/way/403518070
way,403686832,Carrigshane 38 kV Substation,carrigshane 38 kv substation,51.9092793,-8.1432482,38000;20000;10000,distribution,ESB Networks,,,https://www.openstreetmap.org/way/403686832
way,423654279,Gillogue 38 kV Substation,gillogue 38 kv substation,52.6864814,-8.5837911,38000;10000,distribution,ESB Networks,,,https://www.openstreetmap.org/way/423654279
way,429440292,Ballinacurra 38 kV Substation,ballinacurra 38 kv substation,52.6492816,-8.6366225,38000,distribution,ESB Networks,,,https://www.openstreetmap.org/way/429440292
way,429440786,Keelnagore 38 kV Substation,keelnagore 38 kv substation,51.935937,-10.0945951,38000,generation,ESB Networks,,,https://www.openstreetmap.org/way/429440786
way,435649480,Milford (Mid-West) 38 kV Substation,milford mid west 38 kv substation,52.339136,-8.8603319,38000;20000;10000,distribution,ESB Networks,,,https://www.openstreetmap.org/way/435649480
way,437215819,Ballincollig Hill 38kV Substation,ballincollig hill 38kv substation,52.3078494,-9.6030239,38000,generation,ESB Networks,,,https://www.openstreetmap.org/way/437215819
way,437217893,Beenageeha Substation,beenageeha substation,52.3325645,-9.5626577,10000,generation,ESB Networks,,,https://www.openstreetmap.org/way/437217893
way,437322322,Aghada 110kV Substation,aghada 110kv substation,51.8342452,-8.2297389,110000;20000;6600,generation,EirGrid,,,https://www.openstreetmap.org/way/437322322
way,437325462,Trabeg 110kV Substation,trabeg 110kv substation,51.8827117,-8.4596882,110000;38000;10000,transmission,EirGrid,,,https://www.openstreetmap.org/way/437325462
way,437774292,Carrigcannon 38 kV Substation,carrigcannon 38 kv substation,52.0639851,-8.8980746,38000,generation,ESB Networks,,,https://www.openstreetmap.org/way/437774292
way,438019203,Factory Cross 38-kV Substation,factory cross 38 kv substation,51.8231935,-8.3376596,38000;10000,distribution,ESB Networks,,,https://www.openstreetmap.org/way/438019203
way,438019978,Ringaskiddy 110 kV Substation,ringaskiddy 110 kv substation,51.8332719,-8.3445201,110000,industrial,EirGrid,,,https://www.openstreetmap.org/way/438019978
way,438354935,Glengarriff 38kV Substation,glengarriff 38kv substation,51.758241,-9.5209756,38000,distribution,ESB Networks,,,https://www.openstreetmap.org/way/438354935
way,438404648,Long Point 220kV Substation,long point 220kv substation,51.8340558,-8.2382111,220000,generation,EirGrid,,,https://www.openstreetmap.org/way/438404648
way,438938525,Dromdeeveen 38 kV Substation,dromdeeveen 38 kv substation,52.3273773,-9.0304068,38000,generation,ESB Networks,,,https://www.openstreetmap.org/way/438938525
way,438945351,Caherdowney Substation,caherdowney substation,52.0025259,-9.1181732,20000,generation,ESB Networks,,,https://www.openstreetmap.org/way/438945351
way,438945354,Clydaghroe Substation,clydaghroe substation,51.9903917,-9.1611571,20000,generation,ESB Networks,,,https://www.openstreetmap.org/way/438945354
way,439831815,Athea Substation,athea substation,52.43755,-9.3004089,110000,generation,EirGrid,,,https://www.openstreetmap.org/way/439831815
way,439833711,Dromada 110kV Substation,dromada 110kv substation,52.4434711,-9.2344983,110000,generation,EirGrid,,,https://www.openstreetmap.org/way/439833711
way,440124587,Ballineen 38 kV Substation,ballineen 38 kv substation,51.7326243,-8.9819178,38000,industrial,ESB Networks,,,https://www.openstreetmap.org/way/440124587
way,440688444,Foynes 38kV Substation,foynes 38kv substation,52.6007135,-9.0962836,38000;10000;20000,distribution,ESB Networks,,,https://www.openstreetmap.org/way/440688444
way,441118324,Tournafulla 38 kV Substation,tournafulla 38 kv substation,52.3854738,-9.152287,38000,generation,ESB Networks,,,https://www.openstreetmap.org/way/441118324
way,441130728,Newcastlewest 38 kV Substation,newcastlewest 38 kv substation,52.444389,-9.0382786,38000,distribution,ESB Networks,,,https://www.openstreetmap.org/way/441130728
way,441719531,Smearla 38 kV Substation,smearla 38 kv substation,52.4347822,-9.438872,38000;20000;10000,distribution,ESB Networks,,,https://www.openstreetmap.org/way/441719531
way,441856535,Coolcorcoran 38kV Substation,coolcorcoran 38kv substation,52.0807384,-9.5074102,38000,distribution,ESB Networks,,,https://www.openstreetmap.org/way/441856535
way,443485748,Carrigthomas 38kV Substation,carrigthomas 38kv substation,51.9544752,-8.9125565,38000,generation,ESB Networks,,,https://www.openstreetmap.org/way/443485748
way,443485815,Mount Eagle 20 kV Substation,mount eagle 20 kv substation,52.2447483,-9.325287,20000,generation,ESB Networks,,,https://www.openstreetmap.org/way/443485815
way,443486408,Moanmore 38 kV Substation,moanmore 38 kv substation,52.673221,-9.480571,38000,generation,ESB Networks,,,https://www.openstreetmap.org/way/443486408
way,443486564,Knockawarriga 38kV Substation,knockawarriga 38kv substation,52.3446302,-9.218641,38000,generation,ESB Networks,,,https://www.openstreetmap.org/way/443486564
way,443599769,,,52.6621272,-8.2136673,20000,generation,SSE Renewables,,,https://www.openstreetmap.org/way/443599769
way,443604746,Glenough 38 kV Substation,glenough 38 kv substation,52.6392997,-8.0513484,38000,generation,ESB Networks,,,https://www.openstreetmap.org/way/443604746
way,444162570,Former Rathgoggin 38 kV Substation,former rathgoggin 38 kv substation,52.3483084,-8.6811772,20000;10000;400;230,minor_distribution,ESB Networks,,,https://www.openstreetmap.org/way/444162570
way,444438528,Castleisland 38 kV Substation,castleisland 38 kv substation,52.2317368,-9.4700748,38000,distribution,ESB Networks,,,https://www.openstreetmap.org/way/444438528
way,444457648,Lacka 38 kV Substation,lacka 38 kv substation,52.1528261,-9.228122,38000,industrial,ESB Networks,,,https://www.openstreetmap.org/way/444457648
way,444486987,,,52.6313138,-9.0588114,22000,industrial,RUSAL,,,https://www.openstreetmap.org/way/444486987
way,444546767,Kanturk 38 kV Substation,kanturk 38 kv substation,52.1545206,-8.9045629,38000;10000;20000,distribution,ESB Networks,,,https://www.openstreetmap.org/way/444546767
way,444664540,,,51.8281097,-8.370346,110000,transition,EirGrid,,,https://www.openstreetmap.org/way/444664540
way,444664904,,,51.8258934,-8.3682355,110000,transition,EirGrid,,,https://www.openstreetmap.org/way/444664904
way,444719905,Garryowen 38 kV Substation,garryowen 38 kv substation,52.6610827,-8.6137881,38000;10000,distribution,ESB Networks,,,https://www.openstreetmap.org/way/444719905
way,445559906,Hartnetts Cross 110kV Substation,hartnetts cross 110kv substation,51.893799,-8.9447381,110000;20000;10000,transmission,EirGrid,,,https://www.openstreetmap.org/way/445559906
way,445559912,Inchinashing 38 kV substation,inchinashing 38 kv substation,51.8797139,-8.9484755,38000,industrial,ESB Networks,,,https://www.openstreetmap.org/way/445559912
way,449116812,Kinsale 38 kV Substation,kinsale 38 kv substation,51.7266621,-8.5447718,38000,distribution,ESB Networks,,,https://www.openstreetmap.org/way/449116812
way,449119800,Dunderrow 38 kV Substation,dunderrow 38 kv substation,51.7281938,-8.5799747,38000,industrial,ESB Networks,,,https://www.openstreetmap.org/way/449119800
way,459873028,Cratloe 38 kV Substation,cratloe 38 kv substation,52.6920636,-8.7713992,38000;20000;10000,distribution,ESB Networks,,,https://www.openstreetmap.org/way/459873028
way,462149195,Dennehy's Cross 38 kV Substation,dennehy s cross 38 kv substation,51.8887561,-8.5043722,38000,distribution,ESB Networks,,,https://www.openstreetmap.org/way/462149195
way,462226928,Annabella 38kV Substation,annabella 38kv substation,52.1408766,-8.6532621,38000,generation,ESB Networks,,,https://www.openstreetmap.org/way/462226928
way,466436086,University Hospital Limerick Substation,university hospital limerick substation,52.6330905,-8.6543501,10000,minor_distribution,ESB Networks,,,https://www.openstreetmap.org/way/466436086
way,494790508,Cloghboola 110kV Substation,cloghboola 110kv substation,52.3305984,-9.4380864,110000;20000,generation,EirGrid,,,https://www.openstreetmap.org/way/494790508
way,501585547,Fairhill 38 kV Substation,fairhill 38 kv substation,51.9055019,-8.4787144,38000;10000,distribution,ESB Networks,,,https://www.openstreetmap.org/way/501585547
way,501585548,,,51.9050874,-8.478013,10000,minor_distribution,ESB Networks,,,https://www.openstreetmap.org/way/501585548
way,507582141,Former Kyletaun 38 kV Substation,former kyletaun 38 kv substation,52.5320321,-8.9505124,20000;10000,distribution,ESB Networks,,,https://www.openstreetmap.org/way/507582141
way,507685260,Patrickswell 38 kV Substation,patrickswell 38 kv substation,52.5984268,-8.7440925,38000;20000,distribution,ESB Networks,,outdoor,https://www.openstreetmap.org/way/507685260
way,508008044,Buttevant 38 kV Substation,buttevant 38 kv substation,52.2377712,-8.664122,38000;10000,distribution,ESB Networks,,,https://www.openstreetmap.org/way/508008044
way,508607777,Multeen 38 kV Substation,multeen 38 kv substation,52.6437418,-8.1481408,38000;20000,generation,ESB Networks,,,https://www.openstreetmap.org/way/508607777
way,508612114,Knockacummer 110kV Substation,knockacummer 110kv substation,52.2595355,-9.1006362,110000;20000,generation,EirGrid,,,https://www.openstreetmap.org/way/508612114
way,512636965,Knocknagoum 38 kV Substation,knocknagoum 38 kv substation,52.3026525,-9.5441489,38000;20000,generation,ESB Networks,,,https://www.openstreetmap.org/way/512636965
way,513477925,,,51.8979475,-8.4461488,10000;400;230,minor_distribution,ESB Networks,,,https://www.openstreetmap.org/way/513477925
way,514667250,Clonakilty 38 kV Substation,clonakilty 38 kv substation,51.6379719,-8.8947411,38000,distribution,ESB Networks,,,https://www.openstreetmap.org/way/514667250
way,514667851,,,51.6232446,-9.0360095,10000,generation,ESB Networks,,,https://www.openstreetmap.org/way/514667851
way,515060750,Currabwee 38 kV Substation,currabwee 38 kv substation,51.6742776,-9.1123036,38000,generation,ESB Networks,,,https://www.openstreetmap.org/way/515060750
way,515103979,Lough Beg 38 kV Substation,lough beg 38 kv substation,51.8301736,-8.3056508,38000,industrial,ESB Networks,,,https://www.openstreetmap.org/way/515103979
way,515108340,Ballybunion 38kV Substation,ballybunion 38kv substation,52.5035348,-9.656035,38000;20000,distribution,ESB Networks,,,https://www.openstreetmap.org/way/515108340
way,515296654,Causeway 38kV Substation,causeway 38kv substation,52.4084823,-9.7356063,38000,distribution,ESB Networks,,,https://www.openstreetmap.org/way/515296654
way,515308682,Kilflynn 38 kV Substation,kilflynn 38 kv substation,52.345765,-9.6224778,38000,distribution,ESB Networks,,,https://www.openstreetmap.org/way/515308682
way,516651650,Kilpaddoge 220kV Substation,kilpaddoge 220kv substation,52.5801792,-9.3963977,220000;110000;20000,transmission,EirGrid,,,https://www.openstreetmap.org/way/516651650
way,516720502,Enniskeane 38 kV Substation,enniskeane 38 kv substation,51.7387391,-8.9313195,38000,distribution,ESB Networks,,,https://www.openstreetmap.org/way/516720502
way,516732955,Timoleague 38 kV Substation,timoleague 38 kv substation,51.6719044,-8.7588967,38000,distribution,ESB Networks,,,https://www.openstreetmap.org/way/516732955
way,516743288,Beal Na Blath 38 kV,beal na blath 38,51.8341619,-8.8787933,38000;20000,distribution,ESB Networks,,,https://www.openstreetmap.org/way/516743288
way,517518812,Ballincollig 38 kV Substation,ballincollig 38 kv substation,51.8768324,-8.6175382,38000;20000;10000,distribution,ESB Networks,,,https://www.openstreetmap.org/way/517518812
way,517769504,Bantry 38 kV Substation,bantry 38 kv substation,51.6876505,-9.432156,38000;10000;20000,distribution,ESB Networks,,,https://www.openstreetmap.org/way/517769504
way,518586455,Bishopstown 38 kV Substation,bishopstown 38 kv substation,51.8870709,-8.543967,38000;10000,distribution,ESB Networks,,,https://www.openstreetmap.org/way/518586455
way,518586577,Douglas 38 kV Substation,douglas 38 kv substation,51.8786396,-8.4363953,38000,distribution,ESB Networks,,,https://www.openstreetmap.org/way/518586577
way,518587143,Killacloyne 38kV Substation,killacloyne 38kv substation,51.9117104,-8.2777252,38000;10000,distribution,ESB Networks,,,https://www.openstreetmap.org/way/518587143
way,519125525,Riverstown 38kV Substation,riverstown 38kv substation,51.939668,-8.3790228,38000;10000;20000,distribution,ESB Networks,,,https://www.openstreetmap.org/way/519125525
way,519126732,Whitechurch 38 kV Substation,whitechurch 38 kv substation,51.9833649,-8.5106512,38000;20000,distribution,ESB Networks,,,https://www.openstreetmap.org/way/519126732
way,519141654,Ballydoorlis 38kV Substation,ballydoorlis 38kv substation,52.5270753,-9.0986395,38000,generation,ESB Networks,,,https://www.openstreetmap.org/way/519141654
way,519190719,Liberty Street 110kV Substation,liberty street 110kv substation,51.8980182,-8.4779632,110000;10000,transmission,EirGrid,,,https://www.openstreetmap.org/way/519190719
way,519323114,Coolcarron 38 kV Substation,coolcarron 38 kv substation,52.1289855,-8.2775402,38000,distribution,ESB Networks,,,https://www.openstreetmap.org/way/519323114
way,519452434,Fermoy North 38kV Substation,fermoy north 38kv substation,52.1471215,-8.2855028,38000,distribution,ESB Networks,,,https://www.openstreetmap.org/way/519452434
way,519455346,Castletownroche 38 kV Substation,castletownroche 38 kv substation,52.161905,-8.450641,38000,distribution,ESB Networks,,,https://www.openstreetmap.org/way/519455346
way,519825466,Kilross Road 38 kV Substation,kilross road 38 kv substation,52.4670273,-8.1809068,38000;20000;10000,distribution,ESB Networks,,,https://www.openstreetmap.org/way/519825466
way,519825467,Garranacanty 38 kV Substation,garranacanty 38 kv substation,52.4827715,-8.1459986,38000;20000,distribution,ESB Networks,,,https://www.openstreetmap.org/way/519825467
way,519849686,Togher 38 kV Substation,togher 38 kv substation,51.8768083,-8.495293,38000,distribution,ESB Networks,,,https://www.openstreetmap.org/way/519849686
way,520070004,Kilmallock 38 kV Substation,kilmallock 38 kv substation,52.407242,-8.5724536,38000;10000,distribution,ESB Networks,,,https://www.openstreetmap.org/way/520070004
way,520407394,Bruff 38 kV Substation,bruff 38 kv substation,52.5131739,-8.5080796,38000,distribution,ESB Networks,,,https://www.openstreetmap.org/way/520407394
way,521709238,Kilkee 38 kV Substation,kilkee 38 kv substation,52.6770819,-9.6398748,38000,distribution,ESB Networks,,,https://www.openstreetmap.org/way/521709238
way,522334834,Cappamore 38 kV Substation,cappamore 38 kv substation,52.6088314,-8.3335758,38000,distribution,ESB Networks,,,https://www.openstreetmap.org/way/522334834
way,524530782,Curraleigh 38kV Substation,curraleigh 38kv substation,51.906688,-8.6704366,38000;20000,distribution,ESB Networks,,,https://www.openstreetmap.org/way/524530782
way,524533169,Cloyne 38 kV Substation,cloyne 38 kv substation,51.8638889,-8.1062515,38000;10000;20000,distribution,ESB Networks,,,https://www.openstreetmap.org/way/524533169
way,525069254,Castlelyons 38 kV Substation,castlelyons 38 kv substation,52.0839146,-8.2230285,38000,distribution,ESB Networks,,,https://www.openstreetmap.org/way/525069254
way,525071024,Curraglass 38 kV Substation,curraglass 38 kv substation,52.0937395,-8.0715506,38000,distribution,ESB Networks,,,https://www.openstreetmap.org/way/525071024
way,547559219,Knockduff 110 kV Substation,knockduff 110 kv substation,52.0385569,-8.9092979,110000;33000,generation,EirGrid,,,https://www.openstreetmap.org/way/547559219
way,547590959,Ballyvouskill 220kV Substation,ballyvouskill 220kv substation,52.0059847,-9.0797175,220000;110000,transmission,EirGrid,,,https://www.openstreetmap.org/way/547590959
way,555421712,Banteer Road Substation,banteer road substation,52.1748568,-8.9034031,10000,minor_distribution,ESB Networks,119018,,https://www.openstreetmap.org/way/555421712
way,588456938,Callee 38 kV Substation,callee 38 kv substation,52.1784579,-8.1045109,38000,generation,ESB Networks,,,https://www.openstreetmap.org/way/588456938
way,617699850,Inch 38 kV Substation,inch 38 kv substation,52.1773929,-9.981743,38000,distribution,ESB Networks,,,https://www.openstreetmap.org/way/617699850
way,617703758,Dingle 38kV Substation,dingle 38kv substation,52.1480042,-10.2578131,38000,distribution,ESB Networks,,,https://www.openstreetmap.org/way/617703758
way,618010161,Gurranebane 38kV Substation,gurranebane 38kv substation,51.935333,-10.2317332,38000,distribution,ESB Networks,,,https://www.openstreetmap.org/way/618010161
way,618090636,Kilgarvan 38 kV Substation,kilgarvan 38 kv substation,51.9035913,-9.4355691,38000;20000,distribution,ESB Networks,,,https://www.openstreetmap.org/way/618090636
way,631161189,Rathcahill 38 kV Substation,rathcahill 38 kv substation,52.3973137,-9.1287955,38000,generation,ESB Networks,,,https://www.openstreetmap.org/way/631161189
way,633953652,Cranny 38kV Substation,cranny 38kv substation,52.6898015,-9.230963,38000,distribution,ESB Networks,,,https://www.openstreetmap.org/way/633953652
way,686893774,,,52.6529879,-8.5938586,10000,minor_distribution,ESB Networks,,,https://www.openstreetmap.org/way/686893774
way,689420130,Ballyrickard 38kV Substation,ballyrickard 38kv substation,52.2702213,-9.7232793,38000,distribution,ESB Networks,,,https://www.openstreetmap.org/way/689420130
way,690725011,Coomataggart 110 kV Substation,coomataggart 110 kv substation,51.8735614,-9.3145611,110000;20000,generation,EirGrid,,,https://www.openstreetmap.org/way/690725011
way,691303007,Ballykett 38 kV Substation,ballykett 38 kv substation,52.6789543,-9.4789474,38000,generation,ESB Networks,,,https://www.openstreetmap.org/way/691303007
way,696142826,Garranereagh Substation,garranereagh substation,51.8173355,-8.9273238,20000,generation,ESB Networks,,,https://www.openstreetmap.org/way/696142826
way,699312001,Dock Road 38kV Substation,dock road 38kv substation,52.655079,-8.6583493,38000;10000,distribution,ESB Networks,,,https://www.openstreetmap.org/way/699312001
way,699317400,Cloughkeating 38kV Substation,cloughkeating 38kv substation,52.6202185,-8.6585579,38000,industrial,ESB Networks,,,https://www.openstreetmap.org/way/699317400
way,705875732,Moneypoint Wind Farm Switching House,moneypoint wind farm switching house,52.6105235,-9.4240748,,generation,ESB Generation and Wholesale Markets,,,https://www.openstreetmap.org/way/705875732
way,706297529,Curragh Substation,curragh substation,52.0055131,-9.1210743,,generation,SSE Renewables,,,https://www.openstreetmap.org/way/706297529
way,706315635,Hollyford 38 kV Substation,hollyford 38 kv substation,52.6192066,-8.1026682,38000,generation,ESB Networks,,,https://www.openstreetmap.org/way/706315635
way,744115145,Coolnanoonagh Substation,coolnanoonagh substation,52.5814565,-9.3951009,33000,generation,Statkraft,,,https://www.openstreetmap.org/way/744115145
way,765562987,,,51.9203806,-8.4827801,10000;400;230,minor_distribution,ESB Networks,,,https://www.openstreetmap.org/way/765562987
way,771870112,GATEWAY BUS PK,gateway bus pk,51.9256492,-8.4926898,10000;400;230,minor_distribution,ESB Networks,021720Z,,https://www.openstreetmap.org/way/771870112
way,773119702,Marina 110kV Substation,marina 110kv substation,51.8991554,-8.4461681,110000;10000,transmission,EirGrid,,,https://www.openstreetmap.org/way/773119702
way,791246764,Streamhill 38kV Substation,streamhill 38kv substation,52.297693,-8.5677312,38000;20000,generation,ESB Networks,,,https://www.openstreetmap.org/way/791246764
way,807408065,Kilathmoy Substation,kilathmoy substation,52.4381336,-9.300834,110000,generation,EirGrid,,,https://www.openstreetmap.org/way/807408065
way,819550308,Cordal 110kV Substation,cordal 110kv substation,52.2145657,-9.2855811,110000;33000,generation,EirGrid,,,https://www.openstreetmap.org/way/819550308
way,819556311,Coollegrean 38 kV Substation,coollegrean 38 kv substation,52.2641519,-9.2689315,38000,generation,ESB Networks,,,https://www.openstreetmap.org/way/819556311
way,819997192,Ballynahulla 220kV Substation,ballynahulla 220kv substation,52.1738656,-9.2611456,220000;110000,transmission,EirGrid,,,https://www.openstreetmap.org/way/819997192
way,820247439,Scartaglin 38 kV Substation,scartaglin 38 kv substation,52.1652853,-9.3135043,38000,generation,ESB Networks,,,https://www.openstreetmap.org/way/820247439
way,843318127,,,52.5542485,-9.5950432,20000,generation,ESB Networks,,,https://www.openstreetmap.org/way/843318127
way,927180472,Cloghaneleskirt 20 KV Substation,cloghaneleskirt 20 kv substation,52.3432121,-9.5332645,20000,generation,ESB Networks,,,https://www.openstreetmap.org/way/927180472
way,952447927,Dunmoylan 38 kV substation,dunmoylan 38 kv substation,52.5409396,-9.0698214,38000,generation,ESB Networks,,,https://www.openstreetmap.org/way/952447927
way,962402852,Milestone 38kV Substation,milestone 38kv substation,52.6828839,-8.0842562,38000,generation,ESB Networks,,,https://www.openstreetmap.org/way/962402852
way,975408238,Castlefarm 110kV Substation,castlefarm 110kv substation,52.6298482,-9.0544843,110000;22000,industrial,EirGrid,,,https://www.openstreetmap.org/way/975408238
way,1002012379,Knockrour 38 kV Substation,knockrour 38 kv substation,51.676488,-9.1592403,38000;20000,generation,ESB Networks,,,https://www.openstreetmap.org/way/1002012379
way,1002100256,Crocane Windfarm Substation,crocane windfarm substation,51.8431262,-8.1566959,10000,generation,ESB Networks,,,https://www.openstreetmap.org/way/1002100256
way,1002105207,Glanaruddery Switching Substation,glanaruddery switching substation,52.3132624,-9.4605531,20000,generation,ESB Networks,,,https://www.openstreetmap.org/way/1002105207
way,1003262502,Knockanure 220kV Substation,knockanure 220kv substation,52.4345623,-9.3733302,220000;110000,transmission,EirGrid,,,https://www.openstreetmap.org/way/1003262502
way,1003529231,Leanamore Substation,leanamore substation,52.5598155,-9.4209368,20000,generation,ESB Networks,,,https://www.openstreetmap.org/way/1003529231
way,1017032760,Churchtown 38 kV Substation,churchtown 38 kv substation,52.4604148,-9.0581626,38000;20000;10000,distribution,ESB Networks,,,https://www.openstreetmap.org/way/1017032760
way,1037244923,Knockafutera 38 kV Substation,knockafutera 38 kv substation,52.2956518,-8.5914536,38000;20000,generation,ESB Networks,,,https://www.openstreetmap.org/way/1037244923
way,1038238106,Parkroe 38 kV Substation,parkroe 38 kv substation,52.6009009,-8.1647626,38000,generation,ESB Networks,,,https://www.openstreetmap.org/way/1038238106
way,1062721599,Domadda Beg,domadda beg,52.330173,-9.4517803,20000,generation,ESB Networks,,,https://www.openstreetmap.org/way/1062721599
way,1078394624,Carrigdangan 110 kV Substation,carrigdangan 110 kv substation,51.8043751,-9.1207652,110000;33000,transmission,EirGrid,,,https://www.openstreetmap.org/way/1078394624
way,1079167845,Carrigarierk 33 kV Substation,carrigarierk 33 kv substation,51.8034512,-9.1301368,33000,generation,Keel Energy Ltd. (Enerco Energy Ltd.),,,https://www.openstreetmap.org/way/1079167845
way,1079169584,Shehy More 33 kV Substation,shehy more 33 kv substation,51.8108122,-9.1950332,33000,generation,Shehy More Windfarm Limited,,,https://www.openstreetmap.org/way/1079169584
way,1107310420,,,51.906094,-8.3600008,10000,minor_distribution,ESB Networks,,,https://www.openstreetmap.org/way/1107310420
way,1132948427,,,52.3643047,-9.088125,20000,generation,ESB Networks,,,https://www.openstreetmap.org/way/1132948427
way,1132948428,Ballagh 20kV Substation,ballagh 20kv substation,52.3687905,-9.0846629,20000,generation,ESB Networks,,,https://www.openstreetmap.org/way/1132948428
way,1143069613,Bweeng 38kV substation,bweeng 38kv substation,52.0571594,-8.8090167,38000,generation,ESB Networks,,,https://www.openstreetmap.org/way/1143069613
way,1148491510,,,51.8356101,-8.2307662,110000,transition,EirGrid,,,https://www.openstreetmap.org/way/1148491510
way,1181220320,Roches Street 38 kV Substation,roches street 38 kv substation,52.6614907,-8.6247128,38000,distribution,ESB Networks,,,https://www.openstreetmap.org/way/1181220320
way,1181881203,,,52.4268199,-8.8863762,20000,generation,ESB Networks,,,https://www.openstreetmap.org/way/1181881203
way,1186339010,,,52.6466105,-8.0696369,20000,generation,ESB Networks,,,https://www.openstreetmap.org/way/1186339010
way,1191936743,Cloonbannin 38 kV Substation,cloonbannin 38 kv substation,52.1291111,-9.040773,38000,distribution,ESB Networks,,,https://www.openstreetmap.org/way/1191936743
way,1194848483,,,52.1536725,-8.9073126,10000,generation,ESB Networks,,,https://www.openstreetmap.org/way/1194848483
way,1196117256,,,52.6348046,-9.7241048,,generation,ESB Networks,,,https://www.openstreetmap.org/way/1196117256
way,1197528275,025752Y,025752y,52.3536022,-8.6789625,10000,minor_distribution,ESB Networks,025752Y,,https://www.openstreetmap.org/way/1197528275
way,1198485275,,,52.4604404,-9.0637709,10000,minor_distribution,ESB Networks,,,https://www.openstreetmap.org/way/1198485275
way,1201525458,,,51.7881623,-8.609295,20000;10000,distribution,ESB Networks,,,https://www.openstreetmap.org/way/1201525458
way,1202038919,Coomatallin Substation,coomatallin substation,51.6562854,-9.0918924,20000,generation,ESB Networks,,,https://www.openstreetmap.org/way/1202038919
way,1202588460,,,52.3373664,-8.7698562,20000;10000,distribution,ESB Networks,,,https://www.openstreetmap.org/way/1202588460
way,1202661628,Raheen 38-kV substation,raheen 38 kv substation,52.6264186,-8.6560257,38000;10000;20000,distribution,ESB Networks,,,https://www.openstreetmap.org/way/1202661628
way,1204299650,,,52.1302887,-8.7535297,20000;10000,distribution,ESB Networks,,,https://www.openstreetmap.org/way/1204299650
way,1204299654,,,52.6014263,-8.9863745,20000;10000,distribution,ESB Networks,,,https://www.openstreetmap.org/way/1204299654
way,1204709141,Tullylease 38 kV Substation,tullylease 38 kv substation,52.3262495,-9.0313648,38000,generation,ESB Networks,,,https://www.openstreetmap.org/way/1204709141
way,1204709143,Glenduff 38-kV substation,glenduff 38 kv substation,52.3403634,-9.0421807,38000,generation,ESB Networks,,,https://www.openstreetmap.org/way/1204709143
way,1205413477,,,51.8925405,-8.4842296,10000;400;230,minor_distribution,ESB Networks,,,https://www.openstreetmap.org/way/1205413477
way,1208189197,Ringaskiddy 38 kV Substation,ringaskiddy 38 kv substation,51.8332438,-8.3449552,38000,distribution,ESB Networks,,,https://www.openstreetmap.org/way/1208189197
way,1210629244,,,51.8331757,-8.2090858,20000;10000,distribution,ESB Networks,,,https://www.openstreetmap.org/way/1210629244
way,1211950016,,,51.9233311,-8.9933888,20000;10000,distribution,ESB Networks,,,https://www.openstreetmap.org/way/1211950016
way,1213167798,Glenmore 38 kV Substation,glenmore 38 kv substation,52.3855216,-9.1520157,38000,generation,ESB Networks,,,https://www.openstreetmap.org/way/1213167798
way,1213447989,,,52.5140241,-9.0848848,20000;10000,distribution,ESB Networks,,,https://www.openstreetmap.org/way/1213447989
way,1235964257,AEROBORD FCTY 10 KVSUB,aerobord fcty 10 kvsub,52.5954601,-8.9773649,10000;400;230,industrial,ESB Networks,,,https://www.openstreetmap.org/way/1235964257
way,1236442166,,,52.3733626,-8.6258087,20000;10000,distribution,ESB Networks,,,https://www.openstreetmap.org/way/1236442166
way,1236442168,Golden Vale Substation,golden vale substation,52.3580124,-8.6784817,20000;10000,generation,ESB Networks,,,https://www.openstreetmap.org/way/1236442168
way,1236458789,,,52.6414091,-8.5467704,110000,transition,EirGrid,,,https://www.openstreetmap.org/way/1236458789
way,1239763791,,,52.5218098,-8.9348628,10000;400;230,minor_distribution,ESB Networks,,,https://www.openstreetmap.org/way/1239763791
way,1245234480,,,52.3243416,-8.7563073,20000,generation,ESB Networks,,,https://www.openstreetmap.org/way/1245234480
way,1265852679,VEOLIA,veolia,51.8702876,-8.4824065,10000;400;230,industrial,ESB Networks,281910Z,,https://www.openstreetmap.org/way/1265852679
way,1265857519,Mallow Hospital,mallow hospital,52.1509823,-8.6627286,10000;400;230,minor_distribution,ESB Networks,022858,,https://www.openstreetmap.org/way/1265857519
way,1277652489,,,51.9259976,-8.5111811,20000;10000,distribution,ESB Networks,,,https://www.openstreetmap.org/way/1277652489
way,1277652508,,,51.9240444,-8.4890782,10000;400;230,minor_distribution,ESB Networks,,,https://www.openstreetmap.org/way/1277652508
way,1277652512,,,51.9211039,-8.4798771,10000;400;230,minor_distribution,ESB Networks,,,https://www.openstreetmap.org/way/1277652512
way,1277652514,,,51.9215091,-8.482555,10000;400;230,minor_distribution,ESB Networks,,,https://www.openstreetmap.org/way/1277652514
way,1277652517,,,51.9223193,-8.4843395,10000;400;230,minor_distribution,ESB Networks,,,https://www.openstreetmap.org/way/1277652517
way,1277652518,,,51.92434,-8.4869596,10000;400;230,minor_distribution,ESB Networks,,,https://www.openstreetmap.org/way/1277652518
way,1277881308,,,52.3290508,-8.6986907,20000,generation,ESB Networks,,,https://www.openstreetmap.org/way/1277881308
way,1279748006,,,52.1758229,-8.9055118,10000;400;230,minor_distribution,ESB Networks,,,https://www.openstreetmap.org/way/1279748006
way,1279748007,,,52.17384,-8.9119597,10000;400;230,minor_distribution,ESB Networks,,,https://www.openstreetmap.org/way/1279748007
way,1279748009,,,52.1756602,-8.9115034,10000;400;230,minor_distribution,ESB Networks,,,https://www.openstreetmap.org/way/1279748009
way,1279748012,,,52.1605293,-8.9075684,10000;400;230,industrial,ESB Networks,,,https://www.openstreetmap.org/way/1279748012
way,1302767573,,,52.3076114,-8.6834188,20000;10000,distribution,ESB Networks,,,https://www.openstreetmap.org/way/1302767573
way,1302767592,,,52.3367613,-8.8973851,10000;400;230,industrial,ESB Networks,,,https://www.openstreetmap.org/way/1302767592
way,1304154160,024001,024001,52.2296767,-8.6700724,10000;400;230,minor_distribution,ESB Networks,,,https://www.openstreetmap.org/way/1304154160
way,1304274401,,,52.5954232,-8.9770411,20000;10000,industrial,ESB Networks,,,https://www.openstreetmap.org/way/1304274401
way,1307505336,,,52.2648627,-8.8539747,20000,generation,ESB Networks,,,https://www.openstreetmap.org/way/1307505336
way,1314063754,Pluckanes Wind Farm Substation,pluckanes wind farm substation,52.003839,-8.7007158,20000,generation,ESB Networks,,,https://www.openstreetmap.org/way/1314063754
way,1319966730,,,52.1256232,-8.6666731,10000;400;230,industrial,ESB Networks,,indoor,https://www.openstreetmap.org/way/1319966730
way,1346960562,,,51.9830618,-9.1434214,20000;400;230,industrial,ESB Networks,,,https://www.openstreetmap.org/way/1346960562
way,1353980554,,,51.9321542,-8.2243735,110000,generation,EirGrid,,,https://www.openstreetmap.org/way/1353980554
way,1355809028,Dereen 38 kV Substation,dereen 38 kv substation,51.875617,-9.2094125,38000,generation,ESB Networks,,,https://www.openstreetmap.org/way/1355809028
way,1365413932,,,51.9203951,-8.4753654,10000;400;230,minor_distribution,ESB Networks,,,https://www.openstreetmap.org/way/1365413932
way,1368482074,,,52.6296144,-9.0527371,110000,transition,EirGrid,,,https://www.openstreetmap.org/way/1368482074
way,1370433586,,,51.8968536,-8.4665057,10000;400;230,minor_distribution,ESB Networks,,,https://www.openstreetmap.org/way/1370433586
way,1375838643,NORTHERN SUB,northern,51.8528176,-8.4906026,10000;400;230,minor_distribution,ESB Networks,281658X,,https://www.openstreetmap.org/way/1375838643
way,1376784325,,,51.850335,-8.4802831,10000;400;230,industrial,ESB Networks,,,https://www.openstreetmap.org/way/1376784325
way,1386277266,,,52.6735498,-8.5703908,,industrial,,,indoor,https://www.openstreetmap.org/way/1386277266
way,1402611889,Elysian West,elysian west,51.8962995,-8.4637563,10000;400;230,minor_distribution,ESB Networks,281894Z,indoor,https://www.openstreetmap.org/way/1402611889
way,1402611890,Parnell Place,parnell place,51.8998371,-8.4673606,10000;400;230,minor_distribution,ESB Networks,281836,indoor,https://www.openstreetmap.org/way/1402611890
way,1402611891,,,51.8528301,-8.4866552,10000;400;230,minor_distribution,ESB Networks,,,https://www.openstreetmap.org/way/1402611891
way,1402611892,OMNISTONE,omnistone,51.8492082,-8.485701,10000;400;230,industrial,ESB Networks,281152Z,indoor,https://www.openstreetmap.org/way/1402611892
way,1402611893,Oliver Plunkett Street,oliver plunkett street,51.89886,-8.4658811,10000;400;230,minor_distribution,ESB Networks,281693Z,indoor,https://www.openstreetmap.org/way/1402611893
way,1402611894,,,51.8488831,-8.4872552,10000;400;230,minor_distribution,ESB Networks,,,https://www.openstreetmap.org/way/1402611894
way,1413017178,,,51.8331197,-8.2295685,220000,generation,EirGrid,,,https://www.openstreetmap.org/way/1413017178
way,1414407937,Kilnap 110 kV GIS Substation,kilnap 110 kv gis substation,51.9222902,-8.4775343,110000,,EirGrid,,,https://www.openstreetmap.org/way/1414407937
way,1414998507,,,52.174394,-9.2188788,20000;10000,distribution,ESB Networks,,,https://www.openstreetmap.org/way/1414998507
way,1417721371,,,52.4658421,-8.5440649,20000;10000,distribution,ESB Networks,,,https://www.openstreetmap.org/way/1417721371
way,1417726608,,,52.5201112,-8.4752706,20000;10000,distribution,ESB Networks,,,https://www.openstreetmap.org/way/1417726608
way,1423994120,MAIN SUB,main,52.6803697,-8.5767368,10000,minor_distribution,,MVN-1,,https://www.openstreetmap.org/way/1423994120
way,1430910375,,,51.9026822,-8.6706502,20000,industrial,ESB Networks,,,https://www.openstreetmap.org/way/1430910375
way,1430926057,,,51.9066687,-8.6698375,,distribution,Amarenco Solar Inniscarra Limited,,,https://www.openstreetmap.org/way/1430926057
way,1432108930,Lurrig Solar Farm Substation,lurrig solar farm substation,51.8432624,-8.1567843,10000,generation,ESB Networks,,,https://www.openstreetmap.org/way/1432108930
way,1436402375,,,51.9011696,-8.4190002,10000;400;230,minor_distribution,ESB Networks,,,https://www.openstreetmap.org/way/1436402375
way,1436402376,,,51.9012201,-8.413535,10000;400;230,minor_distribution,ESB Networks,,,https://www.openstreetmap.org/way/1436402376
way,1436546065,UL-NIHE,ul nihe,52.673555,-8.5701707,10000,minor_distribution,ESB Networks,067257,indoor,https://www.openstreetmap.org/way/1436546065
way,1436546066,UL KIOSK,ul kiosk,52.6735245,-8.570165,10000,minor_distribution,ESB Networks,0674201,indoor,https://www.openstreetmap.org/way/1436546066
way,1436546067,MVP-1,mvp 1,52.6735236,-8.5700637,10000,industrial,ESB Networks,MVP-1,indoor,https://www.openstreetmap.org/way/1436546067
way,1436546068,MVP-5,mvp 5,52.6734253,-8.572201,10000,industrial,ESB Networks,MVP-5,indoor,https://www.openstreetmap.org/way/1436546068
way,1436768134,SCIENCE BUILDING-2,science building 2,52.671155,-8.5774877,10000;400,minor_distribution,ESB Networks,067344Y,,https://www.openstreetmap.org/way/1436768134
way,1442039332,THE SQUARE,the square,52.4507622,-9.0610896,10000;400;230,minor_distribution,ESB Networks,017102,,https://www.openstreetmap.org/way/1442039332
way,1443308155,RACECOURSE,racecourse,52.5904476,-8.6939974,20000;400;230,minor_distribution,ESB Networks,077072X,,https://www.openstreetmap.org/way/1443308155
way,1444677620,IRISH WORLD ACADEMY OF MUSIC & DANCE BUILDING,irish world academy of music dance building,52.6781288,-8.568948,10000;415,industrial,ESB Networks,MVN-4,indoor,https://www.openstreetmap.org/way/1444677620
way,1451190260,,,51.9360089,-8.5443353,20000;400;230,industrial,ESB Networks,,,https://www.openstreetmap.org/way/1451190260
way,1451190270,,,51.9411154,-8.5507356,20000;400;230,,ESB Networks,,indoor,https://www.openstreetmap.org/way/1451190270
way,1451190271,,,51.9406337,-8.5488677,20000;400;230,,ESB Networks,,indoor,https://www.openstreetmap.org/way/1451190271
way,1451190272,,,51.9397153,-8.5478765,20000;400;230,,ESB Networks,,indoor,https://www.openstreetmap.org/way/1451190272
way,1451190273,,,51.9396814,-8.5462398,20000;400;230,,ESB Networks,,indoor,https://www.openstreetmap.org/way/1451190273
way,1451190274,,,51.9375685,-8.5476562,20000;400;230,,ESB Networks,,indoor,https://www.openstreetmap.org/way/1451190274
way,1451190275,,,51.9368272,-8.5461546,20000;400;230,,ESB Networks,,indoor,https://www.openstreetmap.org/way/1451190275
way,1451190298,,,51.9432514,-8.5693961,20000;10000,distribution,ESB Networks,,,https://www.openstreetmap.org/way/1451190298
way,1453458691,,,52.664074,-8.5773666,10000;400;230,minor_distribution,ESB Networks,,,https://www.openstreetmap.org/way/1453458691
way,1453458693,,,52.6646178,-8.5845587,10000;400;230,minor_distribution,ESB Networks,,,https://www.openstreetmap.org/way/1453458693
way,1458387160,,,52.6239477,-8.663198,10000;20000,distribution,ESB Networks,,,https://www.openstreetmap.org/way/1458387160
way,1458387166,,,52.6250541,-8.6641957,10000;400;230,industrial,ESB Networks,,indoor,https://www.openstreetmap.org/way/1458387166
way,1460630355,Tullamore 110 kV Substation,tullamore 110 kv substation,52.5247236,-9.4350729,110000,transmission,EirGrid,,,https://www.openstreetmap.org/way/1460630355
way,1497669531,Loughmore 38 kV Station,loughmore 38,52.622075,-8.6634569,38000,industrial,ESB Networks,,,https://www.openstreetmap.org/way/1497669531
way,1514661420,,,52.6556688,-8.5973776,10000;400;230,minor_distribution,ESB Networks,,,https://www.openstreetmap.org/way/1514661420
way,1514661422,,,52.6519656,-8.575503,10000;400;230,minor_distribution,ESB Networks,,indoor,https://www.openstreetmap.org/way/1514661422
way,1516477108,,,52.6557531,-8.5788529,10000;400;230,minor_distribution,ESB Networks,,,https://www.openstreetmap.org/way/1516477108
way,1553791288,,,51.8211177,-8.2443609,,industrial,Irving Oil Whitegate Refinery Limited,,,https://www.openstreetmap.org/way/1553791288
relation,16911692,Askeaton 38kV Substation,askeaton 38kv substation,52.6092693,-8.983732,38000,industrial,ESB Networks,,,https://www.openstreetmap.org/relation/16911692
relation,19692263,I.D.A BUSINESS PK 10KV SUB,i d a business pk 10kv,52.673623,-8.5785781,10000;415,minor_distribution,ESB Networks,067108X,,https://www.openstreetmap.org/relation/19692263
node,9020909186,Hoplass Solar Farm Pv Gen,hoplass solar farm pv gen,51.6710175,-5.010695,33000,,National Grid Electricity Distribution Plc,,,https://www.openstreetmap.org/node/9020909186
node,9020979666,Little Neath Solar Farm,little neath solar farm,51.6643686,-5.013261,33000,,National Grid Electricity Distribution Plc,,,https://www.openstreetmap.org/node/9020979666
node,9609280789,Bath St,bath st,52.2541208,-7.1141815,10000,minor_distribution,ESB Networks,9069,indoor,https://www.openstreetmap.org/node/9609280789
node,10563761228,John Street,john street,52.3391075,-6.4666365,10000,minor_distribution,ESB Networks,007 001,,https://www.openstreetmap.org/node/10563761228
node,12181819064,Strumble Head Lighthouse St.Nicholas Substation,strumble head lighthouse st nicholas substation,52.0292912,-5.0713643,11000;400,distribution,National Grid Electricity Distribution Plc,,,https://www.openstreetmap.org/node/12181819064
node,12244407086,Old Rectory Housing Site Substation,old rectory housing site substation,51.9271174,-5.0018499,11000;400,minor_distribution,National Grid Electricity Distribution Plc,,,https://www.openstreetmap.org/node/12244407086
node,12244409160,Roch Villa Roch Substation,roch villa roch substation,51.8483186,-5.0833516,11000;400,minor_distribution,National Grid Electricity Distribution Plc,,,https://www.openstreetmap.org/node/12244409160
node,12244409195,St Brides View Roch Substation,st brides view roch substation,51.8470877,-5.08739,11000;400,minor_distribution,National Grid Electricity Distribution Plc,,,https://www.openstreetmap.org/node/12244409195
node,12244409293,Anchor Down Solva Substation,anchor down solva substation,51.8739377,-5.1939902,11000;400,minor_distribution,National Grid Electricity Distribution Plc,,,https://www.openstreetmap.org/node/12244409293
node,12244409333,Lower Solva Substation,lower solva substation,51.8758147,-5.1874588,11000;400,minor_distribution,National Grid Electricity Distribution Plc,,,https://www.openstreetmap.org/node/12244409333
node,12244409358,Brawdy Business Park Substation,brawdy business park substation,51.870904,-5.1374433,11000;400,minor_distribution,National Grid Electricity Distribution Plc,,,https://www.openstreetmap.org/node/12244409358
node,12244409451,Cawdor Barracks Substation,cawdor barracks substation,51.8775905,-5.1296406,11000;400,minor_distribution,National Grid Electricity Distribution Plc,,,https://www.openstreetmap.org/node/12244409451
node,12244409812,Porthgain Substation,porthgain substation,51.9469741,-5.1791538,11000;400,minor_distribution,National Grid Electricity Distribution Plc,,,https://www.openstreetmap.org/node/12244409812
node,12244410774,Brynawelon Stop & Call Substation,brynawelon stop call substation,52.0047133,-5.0031864,11000;400,minor_distribution,National Grid Electricity Distribution Plc,,,https://www.openstreetmap.org/node/12244410774
node,12244984734,Porth Clais Substation,porth clais substation,51.8713661,-5.2783336,11000;400,minor_distribution,National Grid Electricity Distribution Plc,,,https://www.openstreetmap.org/node/12244984734
node,12244984758,Ramsey Water Turbine Substation,ramsey water turbine substation,51.8789989,-5.3071588,11000;400,minor_distribution,National Grid Electricity Distribution Plc,,,https://www.openstreetmap.org/node/12244984758
node,12245035038,Nine Wells Industrial Estate Substation,nine wells industrial estate substation,51.8820667,-5.2206526,11000;400,minor_distribution,National Grid Electricity Distribution Plc,,,https://www.openstreetmap.org/node/12245035038
node,12245035068,Llanunwas Substation,llanunwas substation,51.8764517,-5.2075675,11000;400,minor_distribution,National Grid Electricity Distribution Plc,,,https://www.openstreetmap.org/node/12245035068
node,12245035092,Solva Housing Site Substation,solva housing site substation,51.8745754,-5.202542,11000;400,minor_distribution,National Grid Electricity Distribution Plc,,,https://www.openstreetmap.org/node/12245035092
node,12245035137,Penygraig Solva Substation,penygraig solva substation,51.8726037,-5.1977333,11000;400,minor_distribution,National Grid Electricity Distribution Plc,,,https://www.openstreetmap.org/node/12245035137
node,12245035199,Oriel Y Parc Ev Station Substation,oriel y parc ev station substation,51.8802375,-5.2586082,11000;400,minor_distribution,National Grid Electricity Distribution Plc,,,https://www.openstreetmap.org/node/12245035199
node,12245035226,Pen Y Garn Housing St Davids Substation,pen y garn housing st davids substation,51.8796545,-5.2642679,11000;400,minor_distribution,National Grid Electricity Distribution Plc,,,https://www.openstreetmap.org/node/12245035226
node,12245035255,Preskilly Terrace Substation,preskilly terrace substation,51.8798277,-5.2680569,11000;400,minor_distribution,National Grid Electricity Distribution Plc,,,https://www.openstreetmap.org/node/12245035255
node,12245035257,Goat St Substation,goat st substation,51.8807859,-5.2694207,11000;400,minor_distribution,National Grid Electricity Distribution Plc,,,https://www.openstreetmap.org/node/12245035257
node,12245035304,The Cross St Davids Substation,the cross st davids substation,51.8812038,-5.2645733,11000;400,minor_distribution,National Grid Electricity Distribution Plc,,,https://www.openstreetmap.org/node/12245035304
node,12245035322,Oakley St Substation,oakley st substation,51.8834294,-5.2634206,11000;400,minor_distribution,National Grid Electricity Distribution Plc,,,https://www.openstreetmap.org/node/12245035322
node,12245035357,Heol Dewi St Davids Substation,heol dewi st davids substation,51.8843156,-5.2602136,11000;400,minor_distribution,National Grid Electricity Distribution Plc,,,https://www.openstreetmap.org/node/12245035357
node,12245035366,Glasfryn Road Substation,glasfryn road substation,51.8845776,-5.2575087,11000;400,minor_distribution,National Grid Electricity Distribution Plc,,,https://www.openstreetmap.org/node/12245035366
node,12245035367,St Davids Assemblies Substation,st davids assemblies substation,51.8847822,-5.2559782,11000;400,minor_distribution,National Grid Electricity Distribution Plc,,,https://www.openstreetmap.org/node/12245035367
node,12245035404,Hawksfield Court Substation,hawksfield court substation,51.8819833,-5.254852,11000;400,minor_distribution,National Grid Electricity Distribution Plc,,,https://www.openstreetmap.org/node/12245035404
node,12292554376,Cuckoo Grove Solar Farm Substation,cuckoo grove solar farm substation,51.8096545,-5.0071022,11000;400,minor_distribution,National Grid Electricity Distribution Plc,,,https://www.openstreetmap.org/node/12292554376
node,12292554831,Brookfield Close Keeston Substation,brookfield close keeston substation,51.8319786,-5.0482697,11000;400,minor_distribution,National Grid Electricity Distribution Plc,,,https://www.openstreetmap.org/node/12292554831
node,12292555042,Castle View Simpsons Cross Substation,castle view simpsons cross substation,51.8343901,-5.0619463,11000;400,minor_distribution,National Grid Electricity Distribution Plc,,,https://www.openstreetmap.org/node/12292555042
node,12292556125,East Blockhouse Angle Substation,east blockhouse angle substation,51.6817834,-5.1190089,11000;400,minor_distribution,National Grid Electricity Distribution Plc,,,https://www.openstreetmap.org/node/12292556125
node,12292556166,West Pill Angle Substation,west pill angle substation,51.6892669,-5.1074981,11000;400,minor_distribution,National Grid Electricity Distribution Plc,,,https://www.openstreetmap.org/node/12292556166
node,12292559396,Waterston Wind Turbine Substation,waterston wind turbine substation,51.7156249,-5.0065655,11000;400,minor_distribution,National Grid Electricity Distribution Plc,,,https://www.openstreetmap.org/node/12292559396
node,12292559433,Blackbridge Milford Haven Substation,blackbridge milford haven substation,51.7139524,-5.0150629,11000;400,minor_distribution,National Grid Electricity Distribution Plc,,,https://www.openstreetmap.org/node/12292559433
node,12292559482,Lower Scoverston Wind Turbine Substation,lower scoverston wind turbine substation,51.7193305,-5.0035026,11000;400,minor_distribution,National Grid Electricity Distribution Plc,,,https://www.openstreetmap.org/node/12292559482
node,12292559491,Scoveston Stern Wind Turbine Scoveston P Substation,scoveston stern wind turbine scoveston p substation,51.7216252,-5.0001352,11000;400,minor_distribution,National Grid Electricity Distribution Plc,,,https://www.openstreetmap.org/node/12292559491
node,12292559495,Scoveston Park Farm Wind Turbine Substation,scoveston park farm wind turbine substation,51.7227714,-5.0026166,11000;400,minor_distribution,National Grid Electricity Distribution Plc,,,https://www.openstreetmap.org/node/12292559495
node,12292559517,Castle Pill Farm Wind Turbine Substation,castle pill farm wind turbine substation,51.7239724,-5.0074957,11000;400,minor_distribution,National Grid Electricity Distribution Plc,,,https://www.openstreetmap.org/node/12292559517
node,12292559565,Harmeston Farmturbine Substation,harmeston farmturbine substation,51.7442851,-5.0122083,11000;400,minor_distribution,National Grid Electricity Distribution Plc,,,https://www.openstreetmap.org/node/12292559565
node,12292560097,Bolton Hill Quarry Supply No2 Substation,bolton hill quarry supply no2 substation,51.7649657,-5.0171501,11000;400,minor_distribution,National Grid Electricity Distribution Plc,,,https://www.openstreetmap.org/node/12292560097
node,12292560141,Bolton Hill Water Process Substation,bolton hill water process substation,51.7600859,-5.0155321,11000;400,minor_distribution,National Grid Electricity Distribution Plc,,,https://www.openstreetmap.org/node/12292560141
node,12292560149,Bolton Hill Substation,bolton hill substation,51.7631036,-5.0218944,11000;400,minor_distribution,National Grid Electricity Distribution Plc,,,https://www.openstreetmap.org/node/12292560149
node,12292560217,Second Turbine Lawrence Landfill Site Substation,second turbine lawrence landfill site substation,51.7748717,-5.0023279,11000;400,minor_distribution,National Grid Electricity Distribution Plc,,,https://www.openstreetmap.org/node/12292560217
node,12292560310,Welsh Water Garage Portfield Gate Substation,welsh water garage portfield gate substation,51.7987029,-5.0166545,11000;400,minor_distribution,National Grid Electricity Distribution Plc,,,https://www.openstreetmap.org/node/12292560310
node,12292560592,Ruther Park Haverfordwest Substation,ruther park haverfordwest substation,51.7987227,-5.001436,11000;400,minor_distribution,National Grid Electricity Distribution Plc,,,https://www.openstreetmap.org/node/12292560592
node,12292561289,Herbrandston Village Substation,herbrandston village substation,51.7263492,-5.0864161,11000;400,minor_distribution,National Grid Electricity Distribution Plc,,,https://www.openstreetmap.org/node/12292561289
node,12292561307,Fairmeadow Close Herbrandston Substation,fairmeadow close herbrandston substation,51.7289355,-5.0857603,11000;400,minor_distribution,National Grid Electricity Distribution Plc,,,https://www.openstreetmap.org/node/12292561307
node,12292561736,Hayston Avenue Hakin Substation,hayston avenue hakin substation,51.7105578,-5.0473059,11000;400,minor_distribution,National Grid Electricity Distribution Plc,,,https://www.openstreetmap.org/node/12292561736
node,12292561747,Dry Dock Substation,dry dock substation,51.7093443,-5.0393616,11000;400,minor_distribution,National Grid Electricity Distribution Plc,,,https://www.openstreetmap.org/node/12292561747
node,12292561763,Texaco Centre Milford Haven Substation,texaco centre milford haven substation,51.7130126,-5.0434279,11000;400,minor_distribution,National Grid Electricity Distribution Plc,,,https://www.openstreetmap.org/node/12292561763
node,12292561776,Hakinville Substation,hakinville substation,51.7093833,-5.0434185,11000;400,minor_distribution,National Grid Electricity Distribution Plc,,,https://www.openstreetmap.org/node/12292561776
node,12292561799,Lodge Farm Wind Turbine Substation,lodge farm wind turbine substation,51.7259895,-5.0630739,11000;400,minor_distribution,National Grid Electricity Distribution Plc,,,https://www.openstreetmap.org/node/12292561799
node,12292561800,Windturbine 2 Lodge Farm Substation,windturbine 2 lodge farm substation,51.7251627,-5.0580069,11000;400,minor_distribution,National Grid Electricity Distribution Plc,,,https://www.openstreetmap.org/node/12292561800
node,12292561897,Court Rise Hubberston Substation,court rise hubberston substation,51.7160545,-5.0526399,11000;400,minor_distribution,National Grid Electricity Distribution Plc,,,https://www.openstreetmap.org/node/12292561897
node,12292561928,Hubberston Residential Substation,hubberston residential substation,51.7183228,-5.0599478,11000;400,minor_distribution,National Grid Electricity Distribution Plc,,,https://www.openstreetmap.org/node/12292561928
node,12292561932,Haven Drive Hakin Substation,haven drive hakin substation,51.7116255,-5.0576506,11000;400,minor_distribution,National Grid Electricity Distribution Plc,,,https://www.openstreetmap.org/node/12292561932
node,12292561960,St Davids Church Hakin Substation,st davids church hakin substation,51.715092,-5.0557373,11000;400,minor_distribution,National Grid Electricity Distribution Plc,,,https://www.openstreetmap.org/node/12292561960
node,12292561967,Woodbine Way Substation,woodbine way substation,51.7144602,-5.0586298,11000;400,minor_distribution,National Grid Electricity Distribution Plc,,,https://www.openstreetmap.org/node/12292561967
node,12292561971,John Lewis St Substation,john lewis st substation,51.7134128,-5.056221,11000;400,minor_distribution,National Grid Electricity Distribution Plc,,,https://www.openstreetmap.org/node/12292561971
node,12292561990,Observatory Hall Housing Hakin Substation,observatory hall housing hakin substation,51.7135891,-5.0521513,11000;400,minor_distribution,National Grid Electricity Distribution Plc,,,https://www.openstreetmap.org/node/12292561990
node,12292562004,St Annes Road Substation,st annes road substation,51.7115291,-5.0460113,11000;400,minor_distribution,National Grid Electricity Distribution Plc,,,https://www.openstreetmap.org/node/12292562004
node,12292562005,Harbour Way Hakin Substation,harbour way hakin substation,51.7138137,-5.0478871,11000;400,minor_distribution,National Grid Electricity Distribution Plc,,,https://www.openstreetmap.org/node/12292562005
node,12292562051,Hakin Infants School Hakin Substation,hakin infants school hakin substation,51.7109113,-5.0536336,11000;400,minor_distribution,National Grid Electricity Distribution Plc,,,https://www.openstreetmap.org/node/12292562051
node,12292562066,Skye Quarry Substation,skye quarry substation,51.755768,-5.0849438,11000;400,minor_distribution,National Grid Electricity Distribution Plc,,,https://www.openstreetmap.org/node/12292562066
node,12292562239,Copper Coins St Ishmaels Substation,copper coins st ishmaels substation,51.7227031,-5.1382208,11000;400,minor_distribution,National Grid Electricity Distribution Plc,,,https://www.openstreetmap.org/node/12292562239
node,12292562242,Beaconing Fields Housing Substation,beaconing fields housing substation,51.7280419,-5.0114993,11000;400,minor_distribution,National Grid Electricity Distribution Plc,,,https://www.openstreetmap.org/node/12292562242
node,12292562257,Castle Pill Crescent Site Substation,castle pill crescent site substation,51.7288126,-5.0149858,11000;400,minor_distribution,National Grid Electricity Distribution Plc,,,https://www.openstreetmap.org/node/12292562257
node,12292562293,Milford Peninsular Substation,milford peninsular substation,51.7099652,-5.0382246,11000;400,minor_distribution,National Grid Electricity Distribution Plc,,,https://www.openstreetmap.org/node/12292562293
node,12292562294,Smoke House Quay Substation,smoke house quay substation,51.7111526,-5.0346458,11000;400,minor_distribution,National Grid Electricity Distribution Plc,,,https://www.openstreetmap.org/node/12292562294
node,12292562324,Milford Heritage Substation,milford heritage substation,51.7127523,-5.0398655,11000;400,minor_distribution,National Grid Electricity Distribution Plc,,,https://www.openstreetmap.org/node/12292562324
node,12292562326,Market Square Milford Substation,market square milford substation,51.7131035,-5.0381934,11000;400,minor_distribution,National Grid Electricity Distribution Plc,,,https://www.openstreetmap.org/node/12292562326
node,12292562330,Hamilton Terrace Milford Haven Substation,hamilton terrace milford haven substation,51.7122093,-5.0353175,11000;400,minor_distribution,National Grid Electricity Distribution Plc,,,https://www.openstreetmap.org/node/12292562330
node,12292562337,Charles Street Milford Haven Substation,charles street milford haven substation,51.7131993,-5.0340528,11000;400,minor_distribution,National Grid Electricity Distribution Plc,,,https://www.openstreetmap.org/node/12292562337
node,12292562345,Robert St Milford Substation,robert st milford substation,51.7133775,-5.0305652,11000;400,minor_distribution,National Grid Electricity Distribution Plc,,,https://www.openstreetmap.org/node/12292562345
node,12292562356,Eastleigh Drive Milford Haven Substation,eastleigh drive milford haven substation,51.7141385,-5.0280079,11000;400,minor_distribution,National Grid Electricity Distribution Plc,,,https://www.openstreetmap.org/node/12292562356
node,12292562380,Town Hall Milford Haven Substation,town hall milford haven substation,51.7110421,-5.0301274,11000;400,minor_distribution,National Grid Electricity Distribution Plc,,,https://www.openstreetmap.org/node/12292562380
node,12292562381,Vicary St Substation,vicary st substation,51.7106798,-5.0237672,11000;400,minor_distribution,National Grid Electricity Distribution Plc,,,https://www.openstreetmap.org/node/12292562381
node,12292562396,Pill Milford Haven Substation,pill milford haven substation,51.7118579,-5.0234859,11000;400,minor_distribution,National Grid Electricity Distribution Plc,,,https://www.openstreetmap.org/node/12292562396
node,12292562408,Coombes Estate Milford Haven Substation,coombes estate milford haven substation,51.71455,-5.0251371,11000;400,minor_distribution,National Grid Electricity Distribution Plc,,,https://www.openstreetmap.org/node/12292562408
node,12292562410,St Lawrence Hill Milford Haven Substation,st lawrence hill milford haven substation,51.7152001,-5.0463416,11000;400,minor_distribution,National Grid Electricity Distribution Plc,,,https://www.openstreetmap.org/node/12292562410
node,12292562421,Victoria Bridge Milford Haven Substation,victoria bridge milford haven substation,51.7146982,-5.0428218,11000;400,minor_distribution,National Grid Electricity Distribution,,,https://www.openstreetmap.org/node/12292562421
node,12292562427,Havens Head Substation,havens head substation,51.7155792,-5.0434097,11000;400,minor_distribution,National Grid Electricity Distribution,,,https://www.openstreetmap.org/node/12292562427
node,12292562428,Milford Haven S.T.W Substation,milford haven s t w substation,51.7174078,-5.0419409,11000;400,minor_distribution,National Grid Electricity Distribution,,,https://www.openstreetmap.org/node/12292562428
node,12292562429,Goose Pill Milford Haven Substation,goose pill milford haven substation,51.7160266,-5.0429754,11000;400,minor_distribution,National Grid Electricity Distribution,,,https://www.openstreetmap.org/node/12292562429
node,12292562430,Tesco Milford Haven Substation,tesco milford haven substation,51.716225,-5.0425161,11000;400,minor_distribution,National Grid Electricity Distribution,,,https://www.openstreetmap.org/node/12292562430
node,12292562447,Imogen Place Substation,imogen place substation,51.7153185,-5.032522,11000;400,minor_distribution,National Grid Electricity Distribution Plc,,,https://www.openstreetmap.org/node/12292562447
node,12292562457,Edward Street Milford Haven Substation,edward street milford haven substation,51.7147393,-5.0348129,11000;400,minor_distribution,National Grid Electricity Distribution Plc,,,https://www.openstreetmap.org/node/12292562457
node,12292562464,Magistrates Court Milford Substation,magistrates court milford substation,51.7151812,-5.0377503,11000;400,minor_distribution,National Grid Electricity Distribution Plc,,,https://www.openstreetmap.org/node/12292562464
node,12292562497,St Peters Road Switching Site Milford Haven Substation,st peters road switching site milford haven substation,51.7155961,-5.040428,11000;400,minor_distribution,National Grid Electricity Distribution,,,https://www.openstreetmap.org/node/12292562497
node,12292562519,Gas Works Milford Haven Substation,gas works milford haven substation,51.7175754,-5.0381858,11000;400,minor_distribution,National Grid Electricity Distribution,,,https://www.openstreetmap.org/node/12292562519
node,12292562526,Meads School Substation,meads school substation,51.7178666,-5.0332854,11000;400,minor_distribution,National Grid Electricity Distribution Plc,,,https://www.openstreetmap.org/node/12292562526
node,12292562553,Westhill Substation,westhill substation,51.7223118,-5.0279038,11000;400,minor_distribution,National Grid Electricity Distribution Plc,,,https://www.openstreetmap.org/node/12292562553
node,12292562554,Grove Estate Steynton Substation,grove estate steynton substation,51.7251947,-5.0190739,11000;400,minor_distribution,National Grid Electricity Distribution Plc,,,https://www.openstreetmap.org/node/12292562554
node,12292562570,Horse And Jockey Steynton Substation,horse and jockey steynton substation,51.7296226,-5.0174621,11000;400,minor_distribution,National Grid Electricity Distribution Plc,,,https://www.openstreetmap.org/node/12292562570
node,12292562587,Myrtle Hill Housing Substation,myrtle hill housing substation,51.7231111,-5.0179082,11000;400,minor_distribution,National Grid Electricity Distribution Plc,,,https://www.openstreetmap.org/node/12292562587
node,12292562607,Bunkers Hill Milford Haven Substation,bunkers hill milford haven substation,51.7230457,-5.0208195,11000;400,minor_distribution,National Grid Electricity Distribution Plc,,,https://www.openstreetmap.org/node/12292562607
node,12292562615,Milford Comprehensive School Substation,milford comprehensive school substation,51.7238106,-5.022189,11000;400,minor_distribution,National Grid Electricity Distribution Plc,,,https://www.openstreetmap.org/node/12292562615
node,12292562634,Mount Pleasant Housing Site Milford Have Substation,mount pleasant housing site milford have substation,51.720452,-5.0232975,11000;400,minor_distribution,National Grid Electricity Distribution Plc,,,https://www.openstreetmap.org/node/12292562634
node,12292562649,Larch Rd Substation,larch rd substation,51.719191,-5.0214838,11000;400,minor_distribution,National Grid Electricity Distribution Plc,,,https://www.openstreetmap.org/node/12292562649
node,12292562655,Cherry Tree Close Substation,cherry tree close substation,51.7177855,-5.023387,11000;400,minor_distribution,National Grid Electricity Distribution Plc,,,https://www.openstreetmap.org/node/12292562655
node,12292562659,Imperial Corner Milford Haven Substation,imperial corner milford haven substation,51.7164756,-5.0270234,11000;400,minor_distribution,National Grid Electricity Distribution Plc,,,https://www.openstreetmap.org/node/12292562659
node,12292562682,Milford Primary School Substation,milford primary school substation,51.7171691,-5.0209532,11000;400,minor_distribution,National Grid Electricity Distribution Plc,,,https://www.openstreetmap.org/node/12292562682
node,12292562706,Marble Hall Substation,marble hall substation,51.7189197,-5.0280436,11000;400,minor_distribution,National Grid Electricity Distribution Plc,,,https://www.openstreetmap.org/node/12292562706
node,12292562716,Murex Substation,murex substation,51.7215575,-5.0299237,11000;400,minor_distribution,National Grid Electricity Distribution Plc,,,https://www.openstreetmap.org/node/12292562716
node,12292562717,Cromwell Corner Milford Haven Substation,cromwell corner milford haven substation,51.7204514,-5.0325924,11000;400,minor_distribution,National Grid Electricity Distribution Plc,,,https://www.openstreetmap.org/node/12292562717
node,12292562773,Priory Milford Haven Substation,priory milford haven substation,51.723511,-5.0359808,11000;400,minor_distribution,National Grid Electricity Distribution Plc,,,https://www.openstreetmap.org/node/12292562773
node,12292562781,Howarth Close Milford Haven Substation,howarth close milford haven substation,51.7222168,-5.0331321,11000;400,minor_distribution,National Grid Electricity Distribution Plc,,,https://www.openstreetmap.org/node/12292562781
node,12292562796,Thornton Ind Park Substation,thornton ind park substation,51.7239632,-5.0310255,11000;400,minor_distribution,National Grid Electricity Distribution Plc,,,https://www.openstreetmap.org/node/12292562796
node,12292562812,Skomer Drive Substation,skomer drive substation,51.7253484,-5.0283827,11000;400,minor_distribution,National Grid Electricity Distribution Plc,,,https://www.openstreetmap.org/node/12292562812
node,12292562813,Elf View Thornton Substation,elf view thornton substation,51.7256926,-5.0327846,11000;400,minor_distribution,National Grid Electricity Distribution Plc,,,https://www.openstreetmap.org/node/12292562813
node,12292562848,Croydon Asbestos Substation,croydon asbestos substation,51.7266663,-5.0312243,11000;400,minor_distribution,National Grid Electricity Distribution Plc,,,https://www.openstreetmap.org/node/12292562848
node,12292562849,Solartron Substation,solartron substation,51.7268957,-5.0285439,11000;400,minor_distribution,National Grid Electricity Distribution Plc,,,https://www.openstreetmap.org/node/12292562849
node,12292562850,Consort Thornton Substation,consort thornton substation,51.7270052,-5.0277782,11000;400,minor_distribution,National Grid Electricity Distribution Plc,,,https://www.openstreetmap.org/node/12292562850
node,12292562873,Thornton Road Housing Substation,thornton road housing substation,51.7267368,-5.023431,11000;400,minor_distribution,National Grid Electricity Distribution Plc,,,https://www.openstreetmap.org/node/12292562873
node,12292563048,The Hookses Substation,the hookses substation,51.7114849,-5.1946292,11000;400,minor_distribution,National Grid Electricity Distribution Plc,,,https://www.openstreetmap.org/node/12292563048
node,12292563091,St Brides Castle Substation,st brides castle substation,51.7511128,-5.1950461,11000;400,minor_distribution,National Grid Electricity Distribution Plc,,,https://www.openstreetmap.org/node/12292563091
node,12292563223,Blockett Farm Substation,blockett farm substation,51.7721058,-5.1057216,11000;400,minor_distribution,National Grid Electricity Distribution Plc,,,https://www.openstreetmap.org/node/12292563223
node,12292563236,Little Haven Pump.Sta Substation,little haven pump sta substation,51.7732217,-5.1071361,11000;400,minor_distribution,National Grid Electricity Distribution Plc,,,https://www.openstreetmap.org/node/12292563236
node,12292563344,Broad Haven Hotel Substation,broad haven hotel substation,51.7813805,-5.1011893,11000;400,minor_distribution,National Grid Electricity Distribution Plc,,,https://www.openstreetmap.org/node/12292563344
node,12292563355,Atlantic Living Substation,atlantic living substation,51.7815805,-5.1005747,11000;400,minor_distribution,National Grid Electricity Distribution Plc,,,https://www.openstreetmap.org/node/12292563355
node,12292563411,Sandack Cottages Substation,sandack cottages substation,51.7831169,-5.0983944,11000;400,minor_distribution,National Grid Electricity Distribution Plc,,,https://www.openstreetmap.org/node/12292563411
node,12292563432,Broad Haven Hill Substation,broad haven hill substation,51.7830307,-5.0946936,11000;400,minor_distribution,National Grid Electricity Distribution Plc,,,https://www.openstreetmap.org/node/12292563432
node,12292572090,Holiday Centre Nolton Substation,holiday centre nolton substation,51.8287382,-5.102503,11000;400,minor_distribution,National Grid Electricity Distribution Plc,,,https://www.openstreetmap.org/node/12292572090
node,12745510100,MCDONALDS,mcdonalds,52.5090458,-7.8742366,10000;400;230,minor_distribution,ESB Networks,127 4096,,https://www.openstreetmap.org/node/12745510100
node,14014628440,,,52.2833573,-6.3946058,,minor_distribution,,,,https://www.openstreetmap.org/node/14014628440
way,32904413,Beallough Windfarm Substation,beallough windfarm substation,52.2733444,-7.3410969,10000,generation,ESB Networks,,,https://www.openstreetmap.org/way/32904413
way,42737549,Waterford 110kV Substation,waterford 110kv substation,52.2633036,-7.1249367,110000;38000;10000,transmission,EirGrid,,,https://www.openstreetmap.org/way/42737549
way,72615182,Portlaw 38 kV Substation,portlaw 38 kv substation,52.2958412,-7.3145251,38000;10000,distribution,ESB Networks,,,https://www.openstreetmap.org/way/72615182
way,96278380,Great Island 220kV Substation,great island 220kv substation,52.2815845,-6.99172,220000;110000;38000,generation,EirGrid,,,https://www.openstreetmap.org/way/96278380
way,116914919,Brawdy Primary Substation,brawdy primary substation,51.8873491,-5.0965885,33000;11000,minor_distribution,National Grid Electricity Distribution Plc,,,https://www.openstreetmap.org/way/116914919
way,143423158,Ballywater 110kV Substation,ballywater 110kv substation,52.5378526,-6.2495207,110000,generation,EirGrid,,,https://www.openstreetmap.org/way/143423158
way,144143680,Ramstown 38 kV Substation,ramstown 38 kv substation,52.6688238,-6.3046626,38000,distribution,ESB Networks,,,https://www.openstreetmap.org/way/144143680
way,148861932,Tramore 38 kV Substation,tramore 38 kv substation,52.1640005,-7.1597434,38000,distribution,ESB Networks,,,https://www.openstreetmap.org/way/148861932
way,149663733,Deerpark 38 kV Substation,deerpark 38 kv substation,52.3529257,-7.4221005,38000;10000,distribution,ESB Networks,,,https://www.openstreetmap.org/way/149663733
way,150124101,Cullenagh 220 kV Substation,cullenagh 220 kv substation,52.2493148,-7.2796709,220000;110000,transmission,EirGrid,,,https://www.openstreetmap.org/way/150124101
way,150242815,Kilkenny 110kV Substation,kilkenny 110kv substation,52.6405514,-7.1718695,110000;38000,transmission,EirGrid,,,https://www.openstreetmap.org/way/150242815
way,150770869,Thurles 110kV Substation,thurles 110kv substation,52.6919962,-7.7642805,110000,transmission,EirGrid,,,https://www.openstreetmap.org/way/150770869
way,165242659,Ferns 38 kV Substation,ferns 38 kv substation,52.5912806,-6.5029367,38000,distribution,ESB Networks,,,https://www.openstreetmap.org/way/165242659
way,172572963,Ballydine 110kV Substation,ballydine 110kv substation,52.361399,-7.5207213,110000;38000;10000,transmission,EirGrid,,,https://www.openstreetmap.org/way/172572963
way,185693432,Lodgewood 220kV Substation,lodgewood 220kv substation,52.579161,-6.5375093,220000;110000,transmission,EirGrid,,,https://www.openstreetmap.org/way/185693432
way,185706501,Crane 110kV Substation,crane 110kv substation,52.5323772,-6.5144397,110000;38000;20000,transmission,EirGrid,,,https://www.openstreetmap.org/way/185706501
way,185706609,Banoge 110kV,banoge 110kv,52.6502648,-6.2725523,110000,transmission,EirGrid,,,https://www.openstreetmap.org/way/185706609
way,189966864,Callan 38 kV Substation,callan 38 kv substation,52.538903,-7.3836126,38000;10000,distribution,ESB Networks,,,https://www.openstreetmap.org/way/189966864
way,202355132,Clonroche 38 kV Substation,clonroche 38 kv substation,52.4533188,-6.708089,38000,distribution,ESB Networks,,,https://www.openstreetmap.org/way/202355132
way,232344721,Wexford 110kV Substation,wexford 110kv substation,52.3403641,-6.5394499,110000;38000;20000;10000,transmission,EirGrid,,,https://www.openstreetmap.org/way/232344721
way,235590778,Butlerstown 110kV Substation,butlerstown 110kv substation,52.2286078,-7.1703735,110000;38000,transmission,EirGrid,,,https://www.openstreetmap.org/way/235590778
way,235590779,Killoteran 110kV Substation,killoteran 110kv substation,52.2518508,-7.1589941,110000;10000,transmission,EirGrid,,,https://www.openstreetmap.org/way/235590779
way,235794888,Anner 110kV Substation,anner 110kv substation,52.3719788,-7.6492028,110000,industrial,EirGrid,,,https://www.openstreetmap.org/way/235794888
way,238311499,Talbots Inch 38kV Substation,talbots inch 38kv substation,52.6732174,-7.2700847,38000,distribution,ESB Networks,,,https://www.openstreetmap.org/way/238311499
way,243503443,Dungarvan 110kV Substation,dungarvan 110kv substation,52.1082836,-7.6536881,110000;38000,transmission,EirGrid,,,https://www.openstreetmap.org/way/243503443
way,243682402,Great Island 110kV Substation,great island 110kv substation,52.2802358,-6.9946064,110000,transmission,EirGrid,,,https://www.openstreetmap.org/way/243682402
way,280136951,Carnsore 38kV Substation,carnsore 38kv substation,52.1829862,-6.3641671,38000,generation,ESB Networks,,,https://www.openstreetmap.org/way/280136951
way,307484253,Killinick 38kV Substation,killinick 38kv substation,52.2578647,-6.4316379,38000,distribution,ESB Networks,,,https://www.openstreetmap.org/way/307484253
way,367420846,St Davids Primary Substation,st davids primary substation,51.8819784,-5.2534622,33000;11000,distribution,National Grid Electricity Distribution Plc,,,https://www.openstreetmap.org/way/367420846
way,374323603,Mount Misery 38kV Substation,mount misery 38kv substation,52.2709503,-7.1246299,38000;10000,distribution,ESB Networks,,,https://www.openstreetmap.org/way/374323603
way,374332044,Granagh 38kV Substation,granagh 38kv substation,52.2793709,-7.1702782,38000;10000,distribution,ESB Networks,,,https://www.openstreetmap.org/way/374332044
way,374590823,Cahir 110kV Substation,cahir 110kv substation,52.3769959,-7.8984212,110000;38000;10000,transmission,EirGrid,,,https://www.openstreetmap.org/way/374590823
way,374590824,Doon 110kV Substation,doon 110kv substation,52.3836007,-7.6676498,110000;38000;20000;10000,transmission,EirGrid,,,https://www.openstreetmap.org/way/374590824
way,374757721,Cashel 38 kV Substation,cashel 38 kv substation,52.5099755,-7.8728013,38000;20000;10000,distribution,ESB Networks,,,https://www.openstreetmap.org/way/374757721
way,375533546,Richfield 38kV Substation,richfield 38kv substation,52.2191089,-6.5938836,38000,generation,ESB Networks,,,https://www.openstreetmap.org/way/375533546
way,436808963,Purcells Inch 38kV Substation,purcells inch 38kv substation,52.6442026,-7.2093181,38000,distribution,ESB Networks,,,https://www.openstreetmap.org/way/436808963
way,436815525,Goresbridge 38kV Substation,goresbridge 38kv substation,52.6344236,-7.0152254,38000;10000,distribution,ESB Networks,,,https://www.openstreetmap.org/way/436815525
way,437164664,Glengoole 38 kV Substation,glengoole 38 kv substation,52.616534,-7.6431922,38000;38000,distribution,ESB Networks,,,https://www.openstreetmap.org/way/437164664
way,437164666,Loughtagalla 38 kV Substation,loughtagalla 38 kv substation,52.6903968,-7.7765145,38000;10000,distribution,ESB Networks,,,https://www.openstreetmap.org/way/437164666
way,437694198,Redmondstown 38 kV Substation,redmondstown 38 kv substation,52.3628482,-7.6550453,38000,industrial,ESB Networks,,,https://www.openstreetmap.org/way/437694198
way,440134887,Belview 38kV Substation,belview 38kv substation,52.2649545,-7.0362127,38000;20000,industrial,ESB Networks,,,https://www.openstreetmap.org/way/440134887
way,440837993,Bealistown 38kV Substation,bealistown 38kv substation,52.2718208,-6.8669842,38000;20000;10000,distribution,ESB Networks,,,https://www.openstreetmap.org/way/440837993
way,444238439,Great Island 110/38 kV Substation,great island 110 38 kv substation,52.2809896,-6.9951822,110000;38000,distribution,EirGrid,,,https://www.openstreetmap.org/way/444238439
way,445856438,Lawlesstown 38 kV Substation,lawlesstown 38 kv substation,52.3706471,-7.7187794,38000,distribution,ESB Networks,,,https://www.openstreetmap.org/way/445856438
way,449637186,Ardfinnan 38 kV Substation,ardfinnan 38 kv substation,52.3088817,-7.8919522,38000;20000;10000,distribution,ESB Networks,,,https://www.openstreetmap.org/way/449637186
way,458743680,South Hook Substation,south hook substation,51.7191713,-5.075205,132000;33000,industrial,National Grid Electricity Distribution Plc,,,https://www.openstreetmap.org/way/458743680
way,460310631,Castledockrell 110kV Substation,castledockrell 110kv substation,52.5904745,-6.6343018,110000;20000,generation,EirGrid,,,https://www.openstreetmap.org/way/460310631
way,461399946,Foxhole 38 kV Substation,foxhole 38 kv substation,51.9711319,-7.8674252,38000;20000,distribution,ESB Networks,,,https://www.openstreetmap.org/way/461399946
way,463029781,Bagenalstown 38kV Substation,bagenalstown 38kv substation,52.6987522,-6.9343026,38000,distribution,ESB Networks,,,https://www.openstreetmap.org/way/463029781
way,463032486,Ballyhale 38 kV Substation,ballyhale 38 kv substation,52.4702124,-7.1950817,38000;20000;10000,distribution,ESB Networks,,,https://www.openstreetmap.org/way/463032486
way,463113666,Springs 38 kV Substation,springs 38 kv substation,52.0893194,-7.6414131,38000;20000,distribution,ESB Networks,,,https://www.openstreetmap.org/way/463113666
way,463174313,Cregg Road 38 kV,cregg road 38,52.3524163,-7.4068346,38000;10000,distribution,ESB Networks,,,https://www.openstreetmap.org/way/463174313
way,463310387,Graiguenamanagh 38 kV Substation,graiguenamanagh 38 kv substation,52.5392824,-6.9679392,38000,distribution,ESB Networks,,,https://www.openstreetmap.org/way/463310387
way,463314652,Monfin 38 kV Substation,monfin 38 kv substation,52.4809341,-6.579943,38000,distribution,ESB Networks,,,https://www.openstreetmap.org/way/463314652
way,463347490,Bunclody 38kV Substation,bunclody 38kv substation,52.6511086,-6.6192035,38000,distribution,ESB Networks,,,https://www.openstreetmap.org/way/463347490
way,463366931,Rosbercon 38kV Substation,rosbercon 38kv substation,52.401275,-6.9546907,38000;20000,distribution,ESB Networks,,,https://www.openstreetmap.org/way/463366931
way,463366934,New Ross 38kV Substation,new ross 38kv substation,52.4004754,-6.9283271,38000;10000,distribution,ESB Networks,,,https://www.openstreetmap.org/way/463366934
way,464720865,Grange 38kV Substation,grange 38kv substation,52.243741,-7.0979827,38000,distribution,ESB Networks,,,https://www.openstreetmap.org/way/464720865
way,470662419,Robeston Substation,robeston substation,51.7408011,-5.0591222,132000;11000,industrial,,,,https://www.openstreetmap.org/way/470662419
way,485450707,Kilmacthomas 38 kV Substation,kilmacthomas 38 kv substation,52.1946628,-7.4204956,38000;20000,distribution,ESB Networks,,,https://www.openstreetmap.org/way/485450707
way,488456745,Kilcloher 38 kV Substation,kilcloher 38 kv substation,52.125486,-7.7795295,38000,distribution,ESB Networks,,,https://www.openstreetmap.org/way/488456745
way,494791220,Garden City 38 kV Substation,garden city 38 kv substation,52.6786528,-6.2894733,38000,distribution,ESB Networks,,,https://www.openstreetmap.org/way/494791220
way,508026914,Woodhouse 110kV Substation,woodhouse 110kv substation,52.0822332,-7.7706666,110000;20000,generation,EirGrid,,,https://www.openstreetmap.org/way/508026914
way,508682519,,,52.6658807,-6.6011657,20000,generation,ESB Networks,,,https://www.openstreetmap.org/way/508682519
way,508682528,,,52.6816216,-6.5576603,20000,generation,ESB Networks,,,https://www.openstreetmap.org/way/508682528
way,519018520,Carricklawn 38kV Substation,carricklawn 38kv substation,52.3425945,-6.4853943,38000;10000,distribution,ESB Networks,,,https://www.openstreetmap.org/way/519018520
way,519139022,Waterford Industrial Estate 38kV Substation,waterford industrial estate 38kv substation,52.2475032,-7.1508745,38000,distribution,ESB Networks,,,https://www.openstreetmap.org/way/519139022
way,521548109,Kill Hill 110kV Substation,kill hill 110kv substation,52.5172741,-7.8209426,110000;38000,transmission,EirGrid,,,https://www.openstreetmap.org/way/521548109
way,540091715,Crory 110kV Substation,crory 110kv substation,52.579165,-6.5358105,110000;38000,transmission,EirGrid,,,https://www.openstreetmap.org/way/540091715
way,551258370,Tiers Cross Solar Park Substation,tiers cross solar park substation,51.7383947,-5.0387198,132000,generation,National Grid Electricity Distribution Plc,,,https://www.openstreetmap.org/way/551258370
way,560745805,Milford Haven Primary Substation,milford haven primary substation,51.7147832,-5.0409324,33000;11000,,National Grid Electricity Distribution Plc,,,https://www.openstreetmap.org/way/560745805
way,613067293,Mulgannon 38kV Substation,mulgannon 38kv substation,52.3243762,-6.4645068,38000;10000,distribution,ESB Networks,,,https://www.openstreetmap.org/way/613067293
way,615873176,Colligan 38kV Substation,colligan 38kv substation,52.0932655,-7.6251641,38000;10000,distribution,ESB Networks,,,https://www.openstreetmap.org/way/615873176
way,616256059,Lismore 38 kV Substation,lismore 38 kv substation,52.1366141,-7.9209338,38000;10000,distribution,ESB Networks,,,https://www.openstreetmap.org/way/616256059
way,621484505,,,52.651487,-7.2505088,10000,minor_distribution,ESB Networks,,,https://www.openstreetmap.org/way/621484505
way,631611597,Greenoge Substation,greenoge substation,52.6571766,-6.7231962,20000,generation,ESB Networks,,,https://www.openstreetmap.org/way/631611597
way,636602944,Spa Road 38 kV Substation,spa road 38 kv substation,52.349662,-7.6844554,38000,distribution,ESB Networks,,,https://www.openstreetmap.org/way/636602944
way,692337253,Kilmeaden 38 kV Substation,kilmeaden 38 kv substation,52.2310774,-7.2462957,38000;10000,distribution,ESB Networks,,,https://www.openstreetmap.org/way/692337253
way,692357888,Kilcarragh 38kV Substation,kilcarragh 38kv substation,52.2112662,-7.0810464,38000,distribution,ESB Networks,,,https://www.openstreetmap.org/way/692357888
way,760605132,,,52.6615107,-7.5090043,20000,generation,ESB Networks,,,https://www.openstreetmap.org/way/760605132
way,764643426,Tycor 38 kV Substation,tycor 38 kv substation,52.2570646,-7.1402554,38000,distribution,ESB Networks,,outdoor,https://www.openstreetmap.org/way/764643426
way,771295924,Steynton Primary Substation,steynton primary substation,51.7289238,-5.0189389,33000;11000,distribution,National Grid Electricity Distribution Plc,,,https://www.openstreetmap.org/way/771295924
way,798510028,Ballycadden 20kV Substation,ballycadden 20kv substation,52.6435181,-6.5240436,20000,generation,ESB Networks,,,https://www.openstreetmap.org/way/798510028
way,819991160,Ballyduff 20 kV Substation,ballyduff 20 kv substation,52.6456304,-6.4802248,20000,generation,ESB Networks,,,https://www.openstreetmap.org/way/819991160
way,958463705,,,52.029735,-7.5956485,20000,generation,ESB Networks,,,https://www.openstreetmap.org/way/958463705
way,974781755,Liddlestone Ridge PV Gen,liddlestone ridge pv gen,51.7184162,-5.0429424,33000,,National Grid Electricity Distribution Plc,,,https://www.openstreetmap.org/way/974781755
way,1002130803,,,52.6469857,-7.5304799,20000,generation,ESB Networks,,,https://www.openstreetmap.org/way/1002130803
way,1002130808,Blanchfield 38 kV Substation,blanchfield 38 kv substation,52.6617577,-7.5089625,38000;20000,generation,ESB Networks,,,https://www.openstreetmap.org/way/1002130808
way,1003807824,Knockmullen 38 kV Substation,knockmullen 38 kv substation,52.382368,-6.9389765,38000;20000;10000,distribution,ESB Networks,,,https://www.openstreetmap.org/way/1003807824
way,1006033074,Rosehill 38 kV Substation,rosehill 38 kv substation,52.6429188,-7.2637083,38000,distribution,ESB Networks,,,https://www.openstreetmap.org/way/1006033074
way,1009735638,McDonagh 38 kV Substation,mcdonagh 38 kv substation,52.6545384,-7.2410233,38000;10000,distribution,ESB Networks,,,https://www.openstreetmap.org/way/1009735638
way,1010962610,Clonard 38 kV Substation,clonard 38 kv substation,52.3300895,-6.4869904,38000,distribution,ESB Networks,,,https://www.openstreetmap.org/way/1010962610
way,1017406119,Barntown 38kV Substation,barntown 38kv substation,52.3347584,-6.5461185,38000,distribution,ESB Networks,,,https://www.openstreetmap.org/way/1017406119
way,1043077205,,,52.6437768,-7.4617127,20000,generation,ESB Networks,,,https://www.openstreetmap.org/way/1043077205
way,1043281980,Snow Hill 38kV Substation,snow hill 38kv substation,52.2720299,-7.0336768,38000;20000,industrial,ESB Networks,,,https://www.openstreetmap.org/way/1043281980
way,1043620903,_____ 38kV Substation,38kv substation,52.2652253,-7.0542203,38000,industrial,ESB Networks,,,https://www.openstreetmap.org/way/1043620903
way,1044291803,Manor Street 38 kV Substation,manor street 38 kv substation,52.2554312,-7.1122221,38000,distribution,ESB Networks,,outdoor,https://www.openstreetmap.org/way/1044291803
way,1112219819,,,52.2690783,-6.8476699,10000,generation,ESB Networks,,,https://www.openstreetmap.org/way/1112219819
way,1125145155,Rosspile 110 kV Substation,rosspile 110 kv substation,52.3018955,-6.7423279,110000,generation,EirGrid,,,https://www.openstreetmap.org/way/1125145155
way,1126946055,Curraghmartin 10 kV Substation,curraghmartin 10 kv substation,52.2793157,-7.1912276,10000,generation,ESB Networks,,,https://www.openstreetmap.org/way/1126946055
way,1126956060,,,52.4698923,-6.6259603,38000,generation,ESB Networks,,,https://www.openstreetmap.org/way/1126956060
way,1132054731,Blusheens 20 kV Substation,blusheens 20 kv substation,52.2491731,-6.4223151,20000,generation,ESB Networks,,,https://www.openstreetmap.org/way/1132054731
way,1154822210,Campile Converter Station,campile converter,52.2816555,-6.9856001,320000;220000,converter,EirGrid,,,https://www.openstreetmap.org/way/1154822210
way,1183780383,Bishopswater,bishopswater,52.3287404,-6.4712702,10000,minor_distribution,ESB Networks,,,https://www.openstreetmap.org/way/1183780383
way,1186322218,Bellefield 38 kV Substation,bellefield 38 kv substation,52.5043902,-6.5773477,38000,distribution,ESB Networks,,,https://www.openstreetmap.org/way/1186322218
way,1259120849,Tullabeg Solar Farm 110kV Substation,tullabeg solar farm 110kv substation,52.6126135,-6.3827622,110000,generation,EirGrid,,,https://www.openstreetmap.org/way/1259120849
way,1291382667,Woodview EC75302,woodview ec75302,52.3896757,-6.4440508,20000,minor_distribution,ESB Networks,Woodview EC75302,,https://www.openstreetmap.org/way/1291382667
way,1311893514,,,52.5375341,-6.5181843,,generation,ESB Networks,,,https://www.openstreetmap.org/way/1311893514
way,1337787111,RAILWAY STN SUB,railway,52.3433208,-6.464583,,minor_distribution,ESB Networks,007S45Y,,https://www.openstreetmap.org/way/1337787111
way,1378048512,Greenlink Interconnector Substation,greenlink interconnector substation,52.2826623,-6.9855374,,,,,,https://www.openstreetmap.org/way/1378048512
way,1449554711,Ardgeeha 38 kV Substation,ardgeeha 38 kv substation,52.3724066,-7.7002689,38000,distribution,ESB Networks,,,https://www.openstreetmap.org/way/1449554711
way,1479903760,,,51.9409807,-7.845363,,minor_distribution,ESB Networks,,,https://www.openstreetmap.org/way/1479903760
way,1487359615,Rathnaskilloge 110 kV Substation,rathnaskilloge 110 kv substation,52.1571371,-7.4519341,110000,generation,EirGrid,,,https://www.openstreetmap.org/way/1487359615
way,1515460334,,,52.5224348,-7.1549707,,,,,,https://www.openstreetmap.org/way/1515460334
relation,12688327,Texaco Substation,texaco substation,51.6814533,-5.0304963,132000;11000,,National Grid Electricity Distribution Plc,,,https://www.openstreetmap.org/relation/12688327
relation,17941091,Holycross Road 38 kV Substation,holycross road 38 kv substation,52.671661,-7.8352541,38000;10000;20000,distribution,ESB Networks,,,https://www.openstreetmap.org/relation/17941091
node,12386594107,,,53.0157595,-9.3766728,,minor_distribution,ESB Networks,,,https://www.openstreetmap.org/node/12386594107
node,13152612356,,,53.9561392,-8.9756772,,,,,,https://www.openstreetmap.org/node/13152612356
node,13925929981,,,53.2632029,-9.0730731,,minor_distribution,ESB Networks,,,https://www.openstreetmap.org/node/13925929981
way,42998577,Cashla 220 kV Substation,cashla 220 kv substation,53.3081124,-8.8534296,220000;110000,transmission,EirGrid,,outdoor,https://www.openstreetmap.org/way/42998577
way,52291514,Ennis 110kV Substation,ennis 110kv substation,52.860201,-8.9358728,110000;38000;10000,transmission,EirGrid,,,https://www.openstreetmap.org/way/52291514
way,146157089,Salthill 110kV Substation,salthill 110kv substation,53.2741041,-9.0793907,110000;38000;10000,transmission,EirGrid,,,https://www.openstreetmap.org/way/146157089
way,161449743,Moneenageisha 38kV Substation,moneenageisha 38kv substation,53.2825936,-9.0368615,38000;10000,distribution,ESB Networks,,,https://www.openstreetmap.org/way/161449743
way,161472995,Galway 110kV Substation,galway 110kv substation,53.290063,-9.0132121,110000;38000;10000,transmission,EirGrid,,,https://www.openstreetmap.org/way/161472995
way,165025345,Local Energy Centre,local energy centre,53.2772221,-9.0671139,20000;10000,minor_distribution,ESB Networks,,,https://www.openstreetmap.org/way/165025345
way,179121616,Oldstreet Substation,oldstreet substation,53.134326,-8.2688847,400000;220000,transmission,EirGrid,,,https://www.openstreetmap.org/way/179121616
way,179305213,Carrowbeg 110 kV Substation,carrowbeg 110 kv substation,53.8093444,-9.5059925,110000;38000;20000;10000,transmission,EirGrid,,,https://www.openstreetmap.org/way/179305213
way,182028629,Gorteen 38 kV Substation,gorteen 38 kv substation,53.9922713,-8.5153257,38000,distribution,ESB Networks,,,https://www.openstreetmap.org/way/182028629
way,183080497,Somerset 110kV Substation,somerset 110kv substation,53.2666198,-8.2305405,110000;38000,transmission,EirGrid,,,https://www.openstreetmap.org/way/183080497
way,194188764,Claregalway 38 kV Substation,claregalway 38 kv substation,53.3613071,-8.9240752,38000;20000;10000,distribution,ESB Networks,,,https://www.openstreetmap.org/way/194188764
way,194226138,Athenry 38 kV Substation,athenry 38 kv substation,53.2863287,-8.7356375,38000;20000;10000,distribution,ESB Networks,,,https://www.openstreetmap.org/way/194226138
way,194521806,Garroman 38 kV Substation,garroman 38 kv substation,53.4587064,-9.7719513,38000,distribution,ESB Networks,,,https://www.openstreetmap.org/way/194521806
way,194524423,Clifden 38 kV Substation,clifden 38 kv substation,53.4884909,-9.9981167,38000,distribution,ESB Networks,,,https://www.openstreetmap.org/way/194524423
way,194575030,Flagford 220kV Substation,flagford 220kv substation,53.9116793,-8.1238358,220000;110000,transmission,EirGrid,,,https://www.openstreetmap.org/way/194575030
way,194614470,Tynagh 220kV Substation,tynagh 220kv substation,53.1671713,-8.3827087,220000,generation,EirGrid,,,https://www.openstreetmap.org/way/194614470
way,194702040,Gort 38kV Substation,gort 38kv substation,53.0699402,-8.8262525,38000;10000;20000,distribution,ESB Networks,,,https://www.openstreetmap.org/way/194702040
way,195423192,Carrick-on-Shannon 110kV Substation,carrick on shannon 110kv substation,53.9373054,-8.1088425,110000;38000;10000,transmission,EirGrid,,,https://www.openstreetmap.org/way/195423192
way,197846408,Shannonbridge 220/110kV,shannonbridge 220 110kv,53.2710643,-8.0377635,220000;110000,transmission,EirGrid,,,https://www.openstreetmap.org/way/197846408
way,198780339,Cloon 110 kV Substation,cloon 110 kv substation,53.4834794,-8.8482757,110000;38000;20000;10000,transmission,EirGrid,,,https://www.openstreetmap.org/way/198780339
way,200167853,Castlebar 110 kV Substation,castlebar 110 kv substation,53.8665266,-9.2692746,110000;38000,transmission,EirGrid,,,https://www.openstreetmap.org/way/200167853
way,200362903,Agannygal 110kV Substation,agannygal 110kv substation,53.0367354,-8.5499195,110000,transmission,EirGrid,,,https://www.openstreetmap.org/way/200362903
way,200626863,Ardnacrusha 110kV Substation,ardnacrusha 110kv substation,52.7049873,-8.6163685,110000,transmission,EirGrid,,,https://www.openstreetmap.org/way/200626863
way,201204151,Carhoon 110kV Substation,carhoon 110kv substation,53.1615276,-8.3401466,110000;38000,transmission,EirGrid,,,https://www.openstreetmap.org/way/201204151
way,201208741,Dalton 110kV Substation,dalton 110kv substation,53.7200541,-8.9814054,110000;38000;20000,transmission,EirGrid,,,https://www.openstreetmap.org/way/201208741
way,201499100,Roscommon 38 kV Substation,roscommon 38 kv substation,53.6384781,-8.165756,38000,distribution,ESB Networks,,,https://www.openstreetmap.org/way/201499100
way,203486264,An Spidéal 38kV Substation,an spideal 38kv substation,53.2496753,-9.3033716,38000;10000,distribution,ESB Networks,,,https://www.openstreetmap.org/way/203486264
way,203486527,Ros a Mhíl 38kV Substation,ros a mhil 38kv substation,53.2787529,-9.5287464,38000;10000,distribution,ESB Networks,,,https://www.openstreetmap.org/way/203486527
way,207576474,Ennistymon 38kV Substation,ennistymon 38kv substation,52.9302934,-9.2907524,38000,distribution,ESB Networks,,,https://www.openstreetmap.org/way/207576474
way,207628559,Drumline 110kV Substation,drumline 110kv substation,52.7239924,-8.8613742,110000;38000;20000,transmission,EirGrid,,,https://www.openstreetmap.org/way/207628559
way,209993062,Ennis North 38 kV Substation,ennis north 38 kv substation,52.8629871,-8.9838759,38000;10000;20000,distribution,ESB Networks,,,https://www.openstreetmap.org/way/209993062
way,211098418,Tulla 38 kV Substation,tulla 38 kv substation,52.8608586,-8.7482424,38000,distribution,ESB Networks,,,https://www.openstreetmap.org/way/211098418
way,212361022,Cahircalla 38 kV Substation,cahircalla 38 kv substation,52.830658,-8.9917572,38000;10000,distribution,ESB Networks,,,https://www.openstreetmap.org/way/212361022
way,212510140,Clarecastle 38 kV Substation,clarecastle 38 kv substation,52.8115811,-8.964157,38000,industrial,ESB Networks,,,https://www.openstreetmap.org/way/212510140
way,212731351,Booltiagh 110 kV Substation,booltiagh 110 kv substation,52.7756037,-9.240483,110000;38000;20000,transmission,EirGrid,,,https://www.openstreetmap.org/way/212731351
way,219010655,Ballaghadereen 38 kV Substation,ballaghadereen 38 kv substation,53.9084727,-8.5731719,38000,distribution,ESB Networks,,,https://www.openstreetmap.org/way/219010655
way,219010656,Tonroe 110kV Substation,tonroe 110kv substation,53.9098451,-8.5725217,110000;38000,transmission,EirGrid,,,https://www.openstreetmap.org/way/219010656
way,219417484,,,53.8781817,-8.585499,20000,generation,ESB Networks,,,https://www.openstreetmap.org/way/219417484
way,223191720,Derrynadivva 38 kV Substation,derrynadivva 38 kv substation,53.9056705,-9.3392795,38000,generation,ESB Networks,,,https://www.openstreetmap.org/way/223191720
way,223301305,Castlerea 38 kV Substation,castlerea 38 kv substation,53.7575799,-8.4533352,38000,distribution,ESB Networks,,,https://www.openstreetmap.org/way/223301305
way,224639884,Charlestown 38 kV Substation,charlestown 38 kv substation,53.9462314,-8.7812173,38000,distribution,ESB Networks,,,https://www.openstreetmap.org/way/224639884
way,227400178,Ballygar 38 kV Substation,ballygar 38 kv substation,53.5199374,-8.3221645,38000,distribution,ESB Networks,,,https://www.openstreetmap.org/way/227400178
way,228368951,Rineanna 38 kV Substation,rineanna 38 kv substation,52.7150758,-8.8803918,38000;10000,distribution,ESB Networks,,,https://www.openstreetmap.org/way/228368951
way,243167651,Swinford 38 kV Station,swinford 38,53.9447063,-8.9413992,38000;10000,distribution,ESB Networks,,,https://www.openstreetmap.org/way/243167651
way,243167657,Kiltimagh 38kV Substation,kiltimagh 38kv substation,53.8570141,-8.9966298,38000;10000,distribution,ESB Networks,,,https://www.openstreetmap.org/way/243167657
way,243167658,Foxford 38kV Substation,foxford 38kv substation,53.98415,-9.1028961,38000,distribution,ESB Networks,,,https://www.openstreetmap.org/way/243167658
way,244491691,Boyle 38 kV Substation,boyle 38 kv substation,53.9636167,-8.3005183,38000,distribution,ESB Networks,,,https://www.openstreetmap.org/way/244491691
way,251226613,Screeb 110kV Substation,screeb 110kv substation,53.3804345,-9.5853139,110000;38000,transmission,EirGrid,,,https://www.openstreetmap.org/way/251226613
way,254329639,Ballyhaunis 38kV Substation,ballyhaunis 38kv substation,53.7587503,-8.7525082,38000,distribution,ESB Networks,,,https://www.openstreetmap.org/way/254329639
way,278018421,Cong 38 kV Substation,cong 38 kv substation,53.5545007,-9.2671575,38000,distribution,ESB Networks,,,https://www.openstreetmap.org/way/278018421
way,278792455,Lisheeny 38 kV Substation,lisheeny 38 kv substation,53.1214337,-8.4389569,38000;10000,distribution,ESB Networks,,,https://www.openstreetmap.org/way/278792455
way,279822461,Creagh 38 kV Substation,creagh 38 kv substation,53.335179,-8.1981183,38000;20000,distribution,ESB Networks,,,https://www.openstreetmap.org/way/279822461
way,284975661,Miltown Malbay 38kV Substation,miltown malbay 38kv substation,52.835643,-9.4205218,38000,distribution,ESB Networks,,,https://www.openstreetmap.org/way/284975661
way,343434904,Shannonbridge 110kV Substation,shannonbridge 110kv substation,53.2728573,-8.0404668,110000,generation,EirGrid,,,https://www.openstreetmap.org/way/343434904
way,374352169,Nenagh 110kV Substation,nenagh 110kv substation,52.8610738,-8.1812103,110000;38000;20000;10000,transmission,EirGrid,,,https://www.openstreetmap.org/way/374352169
way,377637548,Newport 38 kV Substation,newport 38 kv substation,53.8756702,-9.5169125,38000,distribution,ESB Networks,,,https://www.openstreetmap.org/way/377637548
way,388154628,Kyleeragh 38 kV Substation,kyleeragh 38 kv substation,52.8720039,-8.1858941,38000;10000;20000,distribution,ESB Networks,,,https://www.openstreetmap.org/way/388154628
way,429853634,Banagher 38kV Substation,banagher 38kv substation,53.2009736,-8.0133554,38000,distribution,ESB Networks,,,https://www.openstreetmap.org/way/429853634
way,441378857,Largan Hill 38 kV Substation,largan hill 38 kv substation,53.9460204,-8.5586281,38000,generation,ESB Networks,,,https://www.openstreetmap.org/way/441378857
way,443600651,,,52.830129,-8.0119616,10000,generation,ESB Networks,,,https://www.openstreetmap.org/way/443600651
way,443607901,,,53.2643312,-9.3665065,20000,generation,ESB Networks,,,https://www.openstreetmap.org/way/443607901
way,443610373,Sonnagh Old 38 kV Substation,sonnagh old 38 kv substation,53.1313237,-8.6369737,38000,generation,ESB Networks,,,https://www.openstreetmap.org/way/443610373
way,445519148,Turlough Road 38 kV Substation,turlough road 38 kv substation,53.8690938,-9.2835142,38000;10000,distribution,ESB Networks,,,https://www.openstreetmap.org/way/445519148
way,445528539,Knockaphunta 38 kV Substation,knockaphunta 38 kv substation,53.8382515,-9.3206045,38000,distribution,ESB Networks,,,https://www.openstreetmap.org/way/445528539
way,446110065,Loughrea 38kV Substation,loughrea 38kv substation,53.2076508,-8.6000745,38000;10000;20000,distribution,ESB Networks,,,https://www.openstreetmap.org/way/446110065
way,451275920,Ballycrossaun 38kV Substation,ballycrossaun 38kv substation,53.1507515,-8.1907555,38000,distribution,ESB Networks,,,https://www.openstreetmap.org/way/451275920
way,452746713,Westport 38 kV Substation,westport 38 kv substation,53.8039594,-9.4997533,38000,distribution,ESB Networks,,,https://www.openstreetmap.org/way/452746713
way,461739493,Birdhill 38 kV Substation,birdhill 38 kv substation,52.7693783,-8.4305073,38000,distribution,ESB Networks,,,https://www.openstreetmap.org/way/461739493
way,480699371,Ballinasloe 38 kV Substation,ballinasloe 38 kv substation,53.3214208,-8.1874797,38000;10000,distribution,ESB Networks,,,https://www.openstreetmap.org/way/480699371
way,481294138,Scariff 38 kV Substation,scariff 38 kv substation,52.9071047,-8.5368493,38000,distribution,ESB Networks,,,https://www.openstreetmap.org/way/481294138
way,513180539,Tuam North 38 kV Substation,tuam north 38 kv substation,53.5297795,-8.8720861,38000;10000,distribution,ESB Networks,,,https://www.openstreetmap.org/way/513180539
way,523099243,Glennamaddy 38 kV Substation,glennamaddy 38 kv substation,53.605639,-8.5739309,38000,distribution,ESB Networks,,,https://www.openstreetmap.org/way/523099243
way,523127410,Shannon 38 kV Substation,shannon 38 kv substation,52.7006382,-8.9005792,38000;10000,distribution,ESB Networks,,,https://www.openstreetmap.org/way/523127410
way,589030589,Uggool 110kV Substation,uggool 110kv substation,53.3536722,-9.3355257,110000;33000,generation,EirGrid,,,https://www.openstreetmap.org/way/589030589
way,621831058,Oughterard 38 kV Substation,oughterard 38 kv substation,53.4159243,-9.301181,38000;10000,distribution,ESB Networks,,,https://www.openstreetmap.org/way/621831058
way,622011820,Headford 38 kV Substation,headford 38 kv substation,53.4889085,-9.102942,38000;10000,distribution,ESB Networks,,,https://www.openstreetmap.org/way/622011820
way,622146538,Ballinrobe 38kV Substation,ballinrobe 38kv substation,53.6274736,-9.2084262,38000;20000,distribution,ESB Networks,,,https://www.openstreetmap.org/way/622146538
way,622163116,Tuam South 38 kV Substation,tuam south 38 kv substation,53.519364,-8.8580528,38000;10000,distribution,ESB Networks,,,https://www.openstreetmap.org/way/622163116
way,624965794,Achill 38 kV Substation,achill 38 kv substation,53.9410582,-9.8934229,38000,distribution,ESB Networks,,,https://www.openstreetmap.org/way/624965794
way,626253274,Mace Upper 38kV Substation,mace upper 38kv substation,53.7705163,-8.970576,38000,generation,ESB Networks,,,https://www.openstreetmap.org/way/626253274
way,626344169,,,53.8483019,-9.0760338,10000,generation,ESB Networks,,,https://www.openstreetmap.org/way/626344169
way,630096817,Toomevara 38 kV Substation,toomevara 38 kv substation,52.8674362,-8.0308329,38000;10000;20000,distribution,ESB Networks,,,https://www.openstreetmap.org/way/630096817
way,630747588,Oranmore 38 kV Substation,oranmore 38 kv substation,53.2789265,-8.9348418,38000;10000,distribution,ESB Networks,,,https://www.openstreetmap.org/way/630747588
way,631036879,Headford Road 38kV Substation,headford road 38kv substation,53.2789032,-9.0484322,38000;10000,distribution,ESB Networks,,,https://www.openstreetmap.org/way/631036879
way,665898646,Knockranny 110kV Substation,knockranny 110kv substation,53.3598717,-9.289752,110000;38000,transmission,EirGrid,,,https://www.openstreetmap.org/way/665898646
way,693810473,Drumquin 38 kV Substation,drumquin 38 kv substation,52.7595617,-9.0368063,38000;10000;20000,distribution,ESB Networks,,,https://www.openstreetmap.org/way/693810473
way,793255383,Sliabh Bawn 110 kV Substation,sliabh bawn 110 kv substation,53.7511805,-8.0518963,110000,generation,EirGrid,,,https://www.openstreetmap.org/way/793255383
way,793644818,Rusheen 38kV Substation,rusheen 38kv substation,52.7793438,-9.2153969,38000,generation,ESB Networks,,,https://www.openstreetmap.org/way/793644818
way,807370170,Magheramore 38 kV Substation,magheramore 38 kv substation,53.7446932,-8.933143,38000;33000,generation,ESB Networks,,,https://www.openstreetmap.org/way/807370170
way,821276203,Slievecallan 110 kV Substation,slievecallan 110 kv substation,52.8288117,-9.2836999,110000;33000,generation,EirGrid,,,https://www.openstreetmap.org/way/821276203
way,849342513,Kilcolgan 38 kV Substation,kilcolgan 38 kv substation,53.2117705,-8.8698884,38000,distribution,ESB Networks,,,https://www.openstreetmap.org/way/849342513
way,1002115472,Leitir Gungaid 38 kV Substation,leitir gungaid 38 kv substation,53.2834572,-9.2046698,38000,generation,ESB Networks,,,https://www.openstreetmap.org/way/1002115472
way,1002446177,Cahermurphy Substation,cahermurphy substation,52.7664182,-9.3327392,20000,generation,ESB Networks,,,https://www.openstreetmap.org/way/1002446177
way,1002446178,Kiltumper Substation,kiltumper substation,52.7504741,-9.3115318,20000,generation,ESB Networks,,,https://www.openstreetmap.org/way/1002446178
way,1002446179,Greygrove 38 kV Substation,greygrove 38 kv substation,52.766025,-9.2640066,38000,generation,ESB Networks,,,https://www.openstreetmap.org/way/1002446179
way,1002464037,Boolynagleragh 38kV Substation,boolynagleragh 38kv substation,52.7808,-9.1511827,38000,generation,ESB Networks,,,https://www.openstreetmap.org/way/1002464037
way,1040674894,Trimms Lane 38kV Substation,trimms lane 38kv substation,53.2668071,-9.0676986,38000;10000,distribution,ESB Networks,,,https://www.openstreetmap.org/way/1040674894
way,1046795490,Buffy 110kV Substation,buffy 110kv substation,53.3580797,-9.2937884,110000,generation,EirGrid,,,https://www.openstreetmap.org/way/1046795490
way,1050132906,Parkmore 38 kV Substation,parkmore 38 kv substation,53.304869,-8.9913133,38000,distribution,ESB Networks,,,https://www.openstreetmap.org/way/1050132906
way,1050481119,,,53.2714201,-8.0352683,110000;33000,transmission,EirGrid,,,https://www.openstreetmap.org/way/1050481119
way,1052345782,Windsor 38 kV Substation,windsor 38 kv substation,53.8671369,-9.2685039,38000;20000,distribution,ESB Networks,,,https://www.openstreetmap.org/way/1052345782
way,1115737898,Knockalough Substation,knockalough substation,53.3058138,-9.2491169,110000;20000,generation,EirGrid,,,https://www.openstreetmap.org/way/1115737898
way,1133183440,,,53.262354,-9.5647113,,generation,ESB Networks,,,https://www.openstreetmap.org/way/1133183440
way,1391698211,,,53.4632334,-8.7927163,,generation,ESB Networks,,,https://www.openstreetmap.org/way/1391698211
way,1495745140,,,53.2744438,-8.0407988,110000,generation,ESB Generation and Wholesale Markets,,,https://www.openstreetmap.org/way/1495745140
way,1495889806,,,53.272823,-8.0335293,110000,transmission,EirGrid,,,https://www.openstreetmap.org/way/1495889806
node,627477635,,,53.5264041,-7.3341615,10000,minor_distribution,ESB Networks,,,https://www.openstreetmap.org/node/627477635
node,1572254700,,,53.2937714,-6.1761744,10000,minor_distribution,ESB Networks,,,https://www.openstreetmap.org/node/1572254700
node,3394424074,Connolly Luas Substation,connolly luas substation,53.3510944,-6.2499717,38000,traction,Luas - Transdev Dublin Light Rail Limited,,,https://www.openstreetmap.org/node/3394424074
node,3595999379,St. Stephen's Green Luas Substation,st stephen s green luas substation,53.3394284,-6.2609333,38000,traction,Luas - Transdev Dublin Light Rail Limited,,underground,https://www.openstreetmap.org/node/3595999379
node,3605013399,O'Connell Street Luas Substation,o connell street luas substation,53.3481044,-6.2595099,38000;750,traction,Luas - Transdev Dublin Light Rail Limited,,underground,https://www.openstreetmap.org/node/3605013399
node,3810570500,Charlemont Luas Substation,charlemont luas substation,53.3305828,-6.2586283,38000,traction,Luas - Transdev Dublin Light Rail Limited,,indoor,https://www.openstreetmap.org/node/3810570500
node,4041712391,Smithfield Luas Substation,smithfield luas substation,53.3470216,-6.2771185,38000,traction,Luas - Transdev Dublin Light Rail Limited,,indoor,https://www.openstreetmap.org/node/4041712391
node,4261767086,Dundrum Luas Substation,dundrum luas substation,53.2920974,-6.2445799,38000,traction,Luas - Transdev Dublin Light Rail Limited,,underground,https://www.openstreetmap.org/node/4261767086
node,4266429049,Balally Luas Substation,balally luas substation,53.2865693,-6.2371376,38000,traction,Luas - Transdev Dublin Light Rail Limited,,underground,https://www.openstreetmap.org/node/4266429049
node,4726924309,Grangegorman 110kV Substation,grangegorman 110kv substation,53.3563049,-6.2855238,110000;10000,transmission,EirGrid,,,https://www.openstreetmap.org/node/4726924309
node,8498157322,,,53.3089115,-6.2087611,10000,minor_distribution,ESB Networks,,indoor,https://www.openstreetmap.org/node/8498157322
node,9678366248,Obelisk Glade,obelisk glade,53.2895905,-6.1860905,10000,minor_distribution,ESB Networks,001809,,https://www.openstreetmap.org/node/9678366248
node,9678366249,Proby Sq,proby sq,53.2891862,-6.1807846,10000,minor_distribution,ESB Networks,001023,,https://www.openstreetmap.org/node/9678366249
node,10120757415,Dublin Landings BL 3,dublin landings bl 3,53.3484911,-6.233624,10000,distribution,ESB Networks,0684271,,https://www.openstreetmap.org/node/10120757415
node,10120757416,Dublin Landings BL 4,dublin landings bl 4,53.3485369,-6.2343587,10000,distribution,ESB Networks,,,https://www.openstreetmap.org/node/10120757416
node,10120768237,Spencer Pl. Sth No. 2,spencer pl sth no 2,53.3484887,-6.2354382,10000,distribution,ESB Networks,,,https://www.openstreetmap.org/node/10120768237
node,11748980830,South King Street 38 kV Substation,south king street 38 kv substation,53.3396461,-6.2629899,38000,distribution,ESB Networks,,,https://www.openstreetmap.org/node/11748980830
node,11748980833,Parkview 38 kV Substation,parkview 38 kv substation,53.3493359,-6.2383561,38000,distribution,ESB Networks,,,https://www.openstreetmap.org/node/11748980833
node,11985519541,Doyles Corner,doyles corner,53.3610374,-6.2731426,10000,minor_distribution,ESB Networks,068347,,https://www.openstreetmap.org/node/11985519541
node,12300229375,Wards Hill,wards hill,53.3374861,-6.2748655,,minor_distribution,ESB Networks,059499,,https://www.openstreetmap.org/node/12300229375
node,12474387392,Riverwalk,riverwalk,52.7986735,-6.1528293,,minor_distribution,ESB Networks,4352T,,https://www.openstreetmap.org/node/12474387392
node,12498133647,,,53.3555037,-6.286165,,,,,,https://www.openstreetmap.org/node/12498133647
node,12500798861,,,53.3552763,-6.2823553,,,,,,https://www.openstreetmap.org/node/12500798861
node,12500798863,,,53.3552596,-6.2843046,,,,,,https://www.openstreetmap.org/node/12500798863
node,12500798885,,,53.3552876,-6.2836225,,,,,,https://www.openstreetmap.org/node/12500798885
node,12865661688,,,53.2970507,-6.1711257,,minor_distribution,ESB Networks,,,https://www.openstreetmap.org/node/12865661688
node,13063702857,Glencairn Luas Substation,glencairn luas substation,53.2666419,-6.209839,38000,traction,Luas - Transdev Dublin Light Rail Limited,,underground,https://www.openstreetmap.org/node/13063702857
node,13669945578,,,52.984184,-6.9952724,,minor_distribution,,,,https://www.openstreetmap.org/node/13669945578
node,13669945579,,,52.9842759,-6.9917511,,minor_distribution,,,,https://www.openstreetmap.org/node/13669945579
node,13976303459,,,53.153235,-7.1610824,110000,generation,EirGrid,,,https://www.openstreetmap.org/node/13976303459
node,13976303460,,,53.1532264,-7.1609,110000,generation,EirGrid,,,https://www.openstreetmap.org/node/13976303460
node,14148854995,,,53.3656734,-6.2571555,,minor_distribution,ESB Networks,,,https://www.openstreetmap.org/node/14148854995
way,27045289,Glasmore 110kV Substation,glasmore 110kv substation,53.4677716,-6.2384064,110000;38000;400,transmission,EirGrid,,,https://www.openstreetmap.org/way/27045289
way,27144164,Finglas 220 kV Substation,finglas 220 kv substation,53.4055029,-6.3149241,220000;110000,transmission,EirGrid,,,https://www.openstreetmap.org/way/27144164
way,29701907,Kilcock 38kV Substation,kilcock 38kv substation,53.4038477,-6.654829,38000,distribution,ESB Networks,,,https://www.openstreetmap.org/way/29701907
way,33851588,Leixlip 38kV Substation,leixlip 38kv substation,53.3617032,-6.4843816,38000;10000,distribution,ESB Networks,,,https://www.openstreetmap.org/way/33851588
way,33879852,Rinawade,rinawade,53.355297,-6.5211765,110000;38000,transmission,EirGrid,,,https://www.openstreetmap.org/way/33879852
way,35150701,Carrickmines 220 kV Substation,carrickmines 220 kv substation,53.2562454,-6.1967385,220000;110000;38000;10000,transmission,EirGrid,,,https://www.openstreetmap.org/way/35150701
way,37111176,Moneycooley 38kV Station,moneycooley 38kv,53.3648194,-6.5794495,38000;10000,distribution,ESB Networks,,,https://www.openstreetmap.org/way/37111176
way,45619562,Sheriff Street 38 kV Station,sheriff street 38,53.350684,-6.2451541,38000,distribution,ESB Networks,,,https://www.openstreetmap.org/way/45619562
way,47924359,Clonshaugh 38kV Substation,clonshaugh 38kv substation,53.4030048,-6.2216286,38000,distribution,ESB Networks,,,https://www.openstreetmap.org/way/47924359
way,48915255,Fassaroe 110kV Substation,fassaroe 110kv substation,53.1988546,-6.1546369,110000;38000,transmission,EirGrid,,,https://www.openstreetmap.org/way/48915255
way,50257019,Main Electricity Substation,main electricity substation,53.3384595,-6.1990647,,industrial,ESB Networks,,,https://www.openstreetmap.org/way/50257019
way,51203143,Balgaddy 38kV Substation,balgaddy 38kv substation,53.3361635,-6.4344469,38000,distribution,ESB Networks,,,https://www.openstreetmap.org/way/51203143
way,57691561,Tymon 38kV Substation,tymon 38kv substation,53.3002059,-6.3428921,38000,distribution,ESB Networks,,,https://www.openstreetmap.org/way/57691561
way,61842646,Harolds Cross 110kV Station,harolds cross 110kv,53.3290125,-6.2754277,110000;10000,transmission,EirGrid,,,https://www.openstreetmap.org/way/61842646
way,62228191,Ballyboden 38kV Substation,ballyboden 38kv substation,53.2797919,-6.2881213,38000,distribution,ESB Networks,,,https://www.openstreetmap.org/way/62228191
way,83625714,Sandyford 38kV Substation,sandyford 38kv substation,53.2680294,-6.2298278,38000;10000,distribution,ESB Networks,,,https://www.openstreetmap.org/way/83625714
way,84590865,Old Bawn 38kV Substation,old bawn 38kv substation,53.2780918,-6.3571868,38000;10000,distribution,ESB Networks,,,https://www.openstreetmap.org/way/84590865
way,87982346,Monread 110kV Substation,monread 110kv substation,53.2412035,-6.6456698,110000;10000,transmission,EirGrid,,,https://www.openstreetmap.org/way/87982346
way,88093239,Naas 38kV Substation,naas 38kv substation,53.2053559,-6.6662334,38000,distribution,ESB Networks,,,https://www.openstreetmap.org/way/88093239
way,88144450,Dunstown 400kV Substation,dunstown 400kv substation,53.1543743,-6.6881005,400000;220000,transmission,EirGrid,,,https://www.openstreetmap.org/way/88144450
way,88462768,Maynooth 220kV Substation,maynooth 220kv substation,53.3485768,-6.6019851,220000;110000;20000,transmission,EirGrid,,,https://www.openstreetmap.org/way/88462768
way,89760546,Kellis 220kV Substation,kellis 220kv substation,52.7887081,-6.8163185,220000;110000,transmission,EirGrid,,,https://www.openstreetmap.org/way/89760546
way,98142043,Cookstown 110kV Substation,cookstown 110kv substation,53.2931796,-6.3781277,110000;38000;10000,transmission,EirGrid,,,https://www.openstreetmap.org/way/98142043
way,98203610,Citywest 110kV Substation,citywest 110kv substation,53.2892499,-6.4163263,110000;10000,transmission,EirGrid,,,https://www.openstreetmap.org/way/98203610
way,98467349,Loughlinstown 38kV Substation,loughlinstown 38kv substation,53.255112,-6.1436374,38000,distribution,ESB Networks,,,https://www.openstreetmap.org/way/98467349
way,98792229,Grange Castle East 110kV Cable Compound,grange castle east 110kv cable compound,53.3283584,-6.4332542,110000,transition,EirGrid,,,https://www.openstreetmap.org/way/98792229
way,98820679,Grange Castle West 110kV Cable Compound,grange castle west 110kv cable compound,53.3292044,-6.4516328,110000,transition,EirGrid,,,https://www.openstreetmap.org/way/98820679
way,98820685,Grange Castle 110kV Substation,grange castle 110kv substation,53.3299746,-6.4452964,110000;38000;20000;10000,transmission,EirGrid,,,https://www.openstreetmap.org/way/98820685
way,102694971,Misery Hill Substation,misery hill substation,53.3451982,-6.2393583,110000;10000,transmission,EirGrid,,,https://www.openstreetmap.org/way/102694971
way,143927977,Athy 110kV Substation,athy 110kv substation,52.9934345,-6.9993402,110000;10000;20000,transmission,EirGrid,,,https://www.openstreetmap.org/way/143927977
way,144584625,Ballybeg 110kV Substation,ballybeg 110kv substation,52.9909581,-6.0958665,110000;10000,transmission,EirGrid,,,https://www.openstreetmap.org/way/144584625
way,147525695,Arklow 220kV Substation,arklow 220kv substation,52.8151839,-6.147732,220000;110000;38000;10000,transmission,EirGrid,,,https://www.openstreetmap.org/way/147525695
way,151556697,Richmond 110kV Substation,richmond 110kv substation,53.743184,-7.857067,110000;38000;20000,transmission,EirGrid,,,https://www.openstreetmap.org/way/151556697
way,151556701,Longford 38kV Substation,longford 38kv substation,53.7484159,-7.8110246,38000,distribution,ESB Networks,,,https://www.openstreetmap.org/way/151556701
way,152415113,Arva 220kV Substation,arva 220kv substation,53.9086252,-7.4943716,220000;110000;20000,transmission,EirGrid,,,https://www.openstreetmap.org/way/152415113
way,152419246,Celbridge Substation,celbridge substation,53.3334679,-6.5459406,,distribution,ESB Networks,,,https://www.openstreetmap.org/way/152419246
way,152444285,Shankill 110 kV Substation,shankill 110 kv substation,53.9987866,-7.2988808,110000,transmission,EirGrid,,,https://www.openstreetmap.org/way/152444285
way,153320588,Roosky 38 kV Substation,roosky 38 kv substation,53.8345188,-7.9105506,38000,distribution,ESB Networks,,,https://www.openstreetmap.org/way/153320588
way,154504425,Camden Row 38 kV Substation,camden row 38 kv substation,53.3364933,-6.2666351,38000,distribution,ESB Networks,,,https://www.openstreetmap.org/way/154504425
way,155732255,Moate 38kV Substation,moate 38kv substation,53.3921317,-7.7061647,38000,distribution,ESB Networks,,,https://www.openstreetmap.org/way/155732255
way,158575778,Ikerrin 110kV Substation,ikerrin 110kv substation,52.91857,-7.7713595,110000;38000,transmission,EirGrid,,,https://www.openstreetmap.org/way/158575778
way,160712082,Mohill 38 kV Substation,mohill 38 kv substation,53.9152852,-7.8555417,38000,distribution,ESB Networks,,,https://www.openstreetmap.org/way/160712082
way,161176632,Academy Street 38kV Substation,academy street 38kv substation,53.6470577,-6.677739,38000,distribution,ESB Networks,,,https://www.openstreetmap.org/way/161176632
way,167102153,Kinnegad 110kV,kinnegad 110kv,53.4302536,-7.1427122,110000,industrial,EirGrid,,,https://www.openstreetmap.org/way/167102153
way,170568529,Carlow 110kV Substation,carlow 110kv substation,52.8325066,-6.8445771,110000;38000,transmission,EirGrid,,,https://www.openstreetmap.org/way/170568529
way,170760036,Stratford 110kV Substation,stratford 110kv substation,52.9940643,-6.6498218,110000;38000,transmission,EirGrid,,,https://www.openstreetmap.org/way/170760036
way,172597146,Srah 38kV Substation,srah 38kv substation,53.2871192,-7.512416,38000;10000,distribution,ESB Networks,,,https://www.openstreetmap.org/way/172597146
way,172726462,Thornsberry 110kV Substation,thornsberry 110kv substation,53.2949583,-7.4696537,110000;38000,transmission,EirGrid,,,https://www.openstreetmap.org/way/172726462
way,176458369,Finnea 38 kV Substation,finnea 38 kv substation,53.7947972,-7.4069356,38000,distribution,ESB Networks,,,https://www.openstreetmap.org/way/176458369
way,183001344,Celbridge 38kV Substation,celbridge 38kv substation,53.3360677,-6.5352883,38000,distribution,ESB Networks,,,https://www.openstreetmap.org/way/183001344
way,183499449,Birr 38kV Substation,birr 38kv substation,53.0897572,-7.8904944,38000,distribution,ESB Networks,,,https://www.openstreetmap.org/way/183499449
way,183749097,Corduff 220kV Substation,corduff 220kv substation,53.4193712,-6.3649353,220000;110000,transmission,EirGrid,,,https://www.openstreetmap.org/way/183749097
way,185196294,Whitestown 38kV Substation,whitestown 38kv substation,53.2826561,-6.3840616,38000,distribution,ESB Networks,,,https://www.openstreetmap.org/way/185196294
way,186932169,Saggart 38 kV Substation,saggart 38 kv substation,53.2751989,-6.449979,38000;10000,distribution,ESB Networks,,,https://www.openstreetmap.org/way/186932169
way,211994526,Palmerston 38kV Substation,palmerston 38kv substation,53.3525994,-6.3788937,38000,distribution,ESB Networks,,,https://www.openstreetmap.org/way/211994526
way,215062045,Gilra 110kV Substation,gilra 110kv substation,53.9144475,-7.9859944,110000,industrial,EirGrid,,,https://www.openstreetmap.org/way/215062045
way,219457456,Cushaling 110kV Substation,cushaling 110kv substation,53.2891013,-7.0847828,110000,generation,EirGrid,,,https://www.openstreetmap.org/way/219457456
way,219769028,Derryiron 110 kV Substation,derryiron 110 kv substation,53.3581344,-7.2138473,110000,transmission,EirGrid,,,https://www.openstreetmap.org/way/219769028
way,224423261,Virginia 38kV Substation,virginia 38kv substation,53.8180715,-7.047646,38000,distribution,ESB Networks,,,https://www.openstreetmap.org/way/224423261
way,235560256,Ryebrook 110kV Substation,ryebrook 110kv substation,53.3776928,-6.5224663,110000,industrial,EirGrid,,,https://www.openstreetmap.org/way/235560256
way,235562808,Platin 110 kV Substation,platin 110 kv substation,53.6808422,-6.3861652,110000,transmission,EirGrid,,,https://www.openstreetmap.org/way/235562808
way,245044213,Trinity 110kV Substation,trinity 110kv substation,53.3425325,-6.2491939,110000;38000,transmission,EirGrid,,,https://www.openstreetmap.org/way/245044213
way,254158424,Woodland 400kV Transmission Substation,woodland 400kv transmission substation,53.4746308,-6.5697981,400000;220000,transmission,EirGrid,,,https://www.openstreetmap.org/way/254158424
way,255668124,,,53.2502162,-6.2124872,220000,transition,EirGrid,,,https://www.openstreetmap.org/way/255668124
way,255719033,Blessington 38kV Substation,blessington 38kv substation,53.184332,-6.5254914,38000;20000;10000,distribution,ESB Networks,,,https://www.openstreetmap.org/way/255719033
way,257886373,Griffinrath 110kV Substation,griffinrath 110kv substation,53.3435573,-6.5644585,110000;38000,transmission,EirGrid,,,https://www.openstreetmap.org/way/257886373
way,257893804,Kilteel 110kV Substation,kilteel 110kv substation,53.2465815,-6.5400403,110000;38000,transmission,EirGrid,,,https://www.openstreetmap.org/way/257893804
way,260836695,Portan Converter Station,portan converter,53.4712157,-6.5675597,400000,converter,EirGrid,,,https://www.openstreetmap.org/way/260836695
way,261563988,Crumlin 38kV Substation,crumlin 38kv substation,53.3255506,-6.3160182,38000,distribution,ESB Networks,,,https://www.openstreetmap.org/way/261563988
way,264275258,Louth 275 kV Substation,louth 275 kv substation,53.9674714,-6.5657571,275000;220000;110000,transmission,EirGrid,,,https://www.openstreetmap.org/way/264275258
way,264852019,Gorman 220kV Substation,gorman 220kv substation,53.7009328,-6.6442071,220000;110000,transmission,EirGrid,,,https://www.openstreetmap.org/way/264852019
way,264972202,Newbridge 110kV Substation,newbridge 110kv substation,53.1955872,-6.8355084,110000;38000,transmission,EirGrid,,,https://www.openstreetmap.org/way/264972202
way,265386067,Blake 110 kV Substation,blake 110 kv substation,53.2886399,-6.8812414,110000;38000;10000,transmission,EirGrid,,,https://www.openstreetmap.org/way/265386067
way,265388725,Port Laoise 110kV Substation,port laoise 110kv substation,53.0273314,-7.2983895,110000;38000;10000,transmission,EirGrid,,,https://www.openstreetmap.org/way/265388725
way,265773388,Mullagharlin 110kV Substation,mullagharlin 110kv substation,53.9755464,-6.4087276,110000,transmission,EirGrid,,,https://www.openstreetmap.org/way/265773388
way,265776920,Marshes 38kV Substation,marshes 38kv substation,53.9791711,-6.3890375,38000;10000,distribution,ESB Networks,,,https://www.openstreetmap.org/way/265776920
way,265890258,Navan 110kV Substation,navan 110kv substation,53.6997602,-6.7064767,110000;38000;10000,transmission,EirGrid,,,https://www.openstreetmap.org/way/265890258
way,265890836,Drybridge 110kV Substation,drybridge 110kv substation,53.7247696,-6.4010215,110000;38000,transmission,EirGrid,,,https://www.openstreetmap.org/way/265890836
way,266025855,Turlough Hill,turlough hill,53.0439505,-6.4061441,220000,transition,EirGrid,,,https://www.openstreetmap.org/way/266025855
way,266025857,Pollaphuca 110kV Substation,pollaphuca 110kv substation,53.1208504,-6.5904682,110000,generation,EirGrid,,,https://www.openstreetmap.org/way/266025857
way,266052564,Baltrasna 110kV Substation,baltrasna 110kv substation,53.5454415,-6.4401389,110000;20000,transmission,EirGrid,,,https://www.openstreetmap.org/way/266052564
way,266249997,Meath Hill 110kV Substation,meath hill 110kv substation,53.8911239,-6.7310796,110000;38000,transmission,EirGrid,,,https://www.openstreetmap.org/way/266249997
way,266499715,Dunfierth 110kV Substation,dunfierth 110kv substation,53.3880882,-6.8293304,110000;20000,transmission,EirGrid,,,https://www.openstreetmap.org/way/266499715
way,266999191,Mullingar 110kV Substation,mullingar 110kv substation,53.5383686,-7.3716668,110000;38000;10000,transmission,EirGrid,,,https://www.openstreetmap.org/way/266999191
way,270335282,Lumcloon 38kV Substation,lumcloon 38kv substation,53.2225198,-7.8196977,38000;20000,distribution,ESB Networks,,,https://www.openstreetmap.org/way/270335282
way,271810602,Substation 4,substation 4,53.418019,-6.2442035,,minor_distribution,,,,https://www.openstreetmap.org/way/271810602
way,271810608,,,53.4190276,-6.2562264,,minor_distribution,,,,https://www.openstreetmap.org/way/271810608
way,277600319,Bushfield 38kV Substation,bushfield 38kv substation,53.4291694,-7.9025182,38000;10000,distribution,ESB Networks,,,https://www.openstreetmap.org/way/277600319
way,285823895,Inchicore 220kV GIS Substation,inchicore 220kv gis substation,53.3335632,-6.3401424,220000,transmission,EirGrid,,,https://www.openstreetmap.org/way/285823895
way,285823905,Inchicore 110kV GIS Substation,inchicore 110kv gis substation,53.3337695,-6.3390569,110000,transmission,EirGrid,,,https://www.openstreetmap.org/way/285823905
way,288283900,Turlough Hill Substation,turlough hill substation,53.0329918,-6.3965026,220000,generation,EirGrid,,,https://www.openstreetmap.org/way/288283900
way,292326746,Garville Avenue 38kV Substation,garville avenue 38kv substation,53.3159593,-6.2781221,38000,distribution,ESB Networks,,,https://www.openstreetmap.org/way/292326746
way,295248450,Ballymun 38kV Substation,ballymun 38kv substation,53.389364,-6.2640126,38000,distribution,ESB Networks,,,https://www.openstreetmap.org/way/295248450
way,296383928,Leeson Street 38kV Substation,leeson street 38kv substation,53.331056,-6.2530677,38000,distribution,ESB Networks,,,https://www.openstreetmap.org/way/296383928
way,302701930,Unidare 38 kV Substation,unidare 38 kv substation,53.397498,-6.2969353,38000;10000,distribution,ESB Networks,,,https://www.openstreetmap.org/way/302701930
way,302743829,Loughanalla 38kV Substation,loughanalla 38kv substation,53.6849983,-7.295122,38000,distribution,ESB Networks,,,https://www.openstreetmap.org/way/302743829
way,303021569,Edgeworthstown 38 kV Substation,edgeworthstown 38 kv substation,53.7037856,-7.6136677,38000;20000,distribution,ESB Networks,,,https://www.openstreetmap.org/way/303021569
way,303644799,Ashe Road 38kV Substation,ashe road 38kv substation,53.528936,-7.3585728,38000,distribution,ESB Networks,,,https://www.openstreetmap.org/way/303644799
way,304837287,Ballinderry 38kV Substation,ballinderry 38kv substation,53.5181055,-7.3243857,38000,distribution,ESB Networks,,,https://www.openstreetmap.org/way/304837287
way,306841322,Dunleer 38kV Substation,dunleer 38kv substation,53.8402857,-6.3918577,38000,distribution,ESB Networks,,,https://www.openstreetmap.org/way/306841322
way,309990975,,,53.420504,-6.2850298,,minor_distribution,,,,https://www.openstreetmap.org/way/309990975
way,320229597,Brewery Road 38kV Substation,brewery road 38kv substation,53.2795332,-6.1985479,38000,distribution,ESB Networks,,,https://www.openstreetmap.org/way/320229597
way,320252025,Cheeverstown Luas Substation,cheeverstown luas substation,53.291099,-6.4090467,38000,traction,Luas - Transdev Dublin Light Rail Limited,,,https://www.openstreetmap.org/way/320252025
way,326309495,Loughshinny 38kV Substation,loughshinny 38kv substation,53.5473942,-6.106535,38000,distribution,ESB Networks,,,https://www.openstreetmap.org/way/326309495
way,339564961,,,53.9988942,-6.4041134,10000,minor_distribution,ESB Networks,,,https://www.openstreetmap.org/way/339564961
way,342820729,Lanesborough 110kV Substation,lanesborough 110kv substation,53.6750357,-7.9878234,110000,transmission,EirGrid,,,https://www.openstreetmap.org/way/342820729
way,344836141,Dún Laoghaire DART Substation,dun laoghaire dart substation,53.2957468,-6.1373539,38000,traction,Irish Rail,,,https://www.openstreetmap.org/way/344836141
way,350602410,Newmarket 38kV Substation,newmarket 38kv substation,53.3377309,-6.2764014,38000,distribution,ESB Networks,,,https://www.openstreetmap.org/way/350602410
way,355532596,Cherrywood 110kV Substation,cherrywood 110kv substation,53.2433051,-6.1567888,110000;38000;10000,transmission,EirGrid,,,https://www.openstreetmap.org/way/355532596
way,355533768,Mountrath 38 kV Substation,mountrath 38 kv substation,52.9906381,-7.4645689,38000,distribution,ESB Networks,,,https://www.openstreetmap.org/way/355533768
way,359657275,Ringsend 110kV Substation,ringsend 110kv substation,53.3397238,-6.2066748,110000,transmission,EirGrid,,,https://www.openstreetmap.org/way/359657275
way,359781187,,,53.3408072,-6.2507199,10000,minor_distribution,ESB Networks,,,https://www.openstreetmap.org/way/359781187
way,361725341,Knockumber (1) 110kV Substation,knockumber 1 110kv substation,53.6555904,-6.7147404,110000,industrial,EirGrid,,,https://www.openstreetmap.org/way/361725341
way,366862908,Gloucester Place 38kV Station,gloucester place 38kv,53.3544031,-6.2546952,38000,distribution,ESB Networks,,,https://www.openstreetmap.org/way/366862908
way,371316756,Blackrock 110kV Substation,blackrock 110kv substation,53.2914914,-6.1746296,110000;38000,transmission,EirGrid,,indoor,https://www.openstreetmap.org/way/371316756
way,373893970,Swords 38kV Substation,swords 38kv substation,53.4638959,-6.219754,20000,minor_distribution,ESB Networks,,,https://www.openstreetmap.org/way/373893970
way,373893972,Swords Switching Station,swords switching,53.4640653,-6.2193874,38000,distribution,ESB Networks,,,https://www.openstreetmap.org/way/373893972
way,374690911,Cabra 110 kV Substation,cabra 110 kv substation,53.372675,-6.3003671,110000;10000,transmission,EirGrid,,,https://www.openstreetmap.org/way/374690911
way,374709194,Lisheen 110kV Substation,lisheen 110kv substation,52.7513555,-7.6819128,110000,industrial,EirGrid,,,https://www.openstreetmap.org/way/374709194
way,374936231,Ballycoolen 38kV Substation,ballycoolen 38kv substation,53.404316,-6.3562461,38000;10000,distribution,ESB Networks,,,https://www.openstreetmap.org/way/374936231
way,374960358,Macetown 110kV Substation,macetown 110kv substation,53.4142091,-6.4151251,110000,transmission,EirGrid,,,https://www.openstreetmap.org/way/374960358
way,374960995,Tyrrelstown 110kV Substation,tyrrelstown 110kv substation,53.4117221,-6.3860592,110000,transmission,EirGrid,,,https://www.openstreetmap.org/way/374960995
way,374962479,Huntstown 220 kV Substation,huntstown 220 kv substation,53.4109851,-6.3249285,220000,generation,EirGrid,,,https://www.openstreetmap.org/way/374962479
way,375232307,Clonminch 38kV Substation,clonminch 38kv substation,53.2556278,-7.4861759,38000;20000;10000,distribution,ESB Networks,,,https://www.openstreetmap.org/way/375232307
way,375409707,Little Bray 38kV Substation,little bray 38kv substation,53.2090011,-6.1258896,38000;10000,distribution,ESB Networks,,,https://www.openstreetmap.org/way/375409707
way,375426379,Wicklow 38kV Substation,wicklow 38kv substation,52.9806614,-6.0656179,38000,distribution,ESB Networks,,,https://www.openstreetmap.org/way/375426379
way,377851932,Malahide 38kV Substation,malahide 38kv substation,53.4418091,-6.1570908,38000,distribution,ESB Networks,,,https://www.openstreetmap.org/way/377851932
way,380306159,Belfield 38kV Substation,belfield 38kv substation,53.306272,-6.2131649,38000,distribution,ESB Networks,,,https://www.openstreetmap.org/way/380306159
way,384987120,Shelton Abbey 110kV Substation,shelton abbey 110kv substation,52.8130651,-6.1795599,110000,transmission,EirGrid,,,https://www.openstreetmap.org/way/384987120
way,386575293,Pearse Station DART Substation,pearse station dart substation,53.3427595,-6.2469385,38000,traction,Irish Rail,,,https://www.openstreetmap.org/way/386575293
way,386840644,Abbeylands 38kV Substation,abbeylands 38kv substation,53.6632835,-6.6949236,38000,distribution,ESB Networks,,,https://www.openstreetmap.org/way/386840644
way,387838861,Tinahask 38kV Substation,tinahask 38kv substation,52.7863055,-6.1624554,38000,distribution,ESB Networks,,,https://www.openstreetmap.org/way/387838861
way,387938654,Greystones,greystones,53.1442176,-6.0607535,38000,traction,Irish Rail,,,https://www.openstreetmap.org/way/387938654
way,393243992,Gartnaneane 38 kV Substation,gartnaneane 38 kv substation,53.9451331,-6.9354716,38000,generation,ESB Networks,,,https://www.openstreetmap.org/way/393243992
way,399058538,Sandyford Luas Substation,sandyford luas substation,53.2763094,-6.2031334,38000,traction,Luas - Transdev Dublin Light Rail Limited,,,https://www.openstreetmap.org/way/399058538
way,403287317,Shellybanks 220kV GIS Substation,shellybanks 220kv gis substation,53.3383621,-6.1881744,220000,generation,EirGrid,,,https://www.openstreetmap.org/way/403287317
way,407018687,Bray DART Substation,bray dart substation,53.2066202,-6.102257,38000,traction,Irish Rail,,,https://www.openstreetmap.org/way/407018687
way,409097336,Sandymount DART Substation,sandymount dart substation,53.3291424,-6.2224197,38000,traction,Irish Rail,,,https://www.openstreetmap.org/way/409097336
way,409181485,Dalkey DART Substation,dalkey dart substation,53.2751899,-6.101731,38000,traction,Irish Rail,,,https://www.openstreetmap.org/way/409181485
way,409181486,Dalkey DART Substation,dalkey dart substation,53.275076,-6.1012869,38000,traction,Irish Rail,,,https://www.openstreetmap.org/way/409181486
way,426920123,Dundrum 38 kV Substation,dundrum 38 kv substation,53.2924318,-6.2444191,38000,distribution,ESB Networks,,,https://www.openstreetmap.org/way/426920123
way,431668268,Donnybrook 38kV Substation,donnybrook 38kv substation,53.3200608,-6.2325234,38000,distribution,ESB Networks,,,https://www.openstreetmap.org/way/431668268
way,436955962,Pembroke 38 kV Substation (Old),pembroke 38 kv substation old,53.3391498,-6.2307476,38000,distribution,ESB Networks,,,https://www.openstreetmap.org/way/436955962
way,437157999,Little Mills 38kV Substation,little mills 38kv substation,53.9867823,-6.4364597,38000,distribution,ESB Networks,,,https://www.openstreetmap.org/way/437157999
way,437158925,Coes Road 38kV Substation,coes road 38kv substation,53.9996034,-6.3819876,38000,distribution,ESB Networks,,,https://www.openstreetmap.org/way/437158925
way,437278179,Kilmahud 110kV Substation,kilmahud 110kv substation,53.3259419,-6.4540511,110000;10000,industrial,EirGrid,,,https://www.openstreetmap.org/way/437278179
way,437402679,Ringsend 38kV Substation,ringsend 38kv substation,53.3406473,-6.2059296,38000;10000,distribution,ESB Networks,,,https://www.openstreetmap.org/way/437402679
way,437449555,Marrowbone Lane 38kV Radio Site,marrowbone lane 38kv radio site,53.3394787,-6.2860831,38000,distribution,ESB Networks,,,https://www.openstreetmap.org/way/437449555
way,437449556,Marrowbone Lane,marrowbone lane,53.3383347,-6.2868485,10000,minor_distribution,ESB Networks,,indoor,https://www.openstreetmap.org/way/437449556
way,437522257,Kildonan 110 kV Substation,kildonan 110 kv substation,53.4046108,-6.3157213,110000,transmission,EirGrid,,,https://www.openstreetmap.org/way/437522257
way,438027242,Adamstown 110kV Substation,adamstown 110kv substation,53.3403233,-6.4790891,110000;20000,transmission,EirGrid,,,https://www.openstreetmap.org/way/438027242
way,438076106,Milltown 110kV Substation,milltown 110kv substation,53.3150328,-6.2522534,110000;38000,transmission,EirGrid,,,https://www.openstreetmap.org/way/438076106
way,438079883,Athgarvan 38kV Substation,athgarvan 38kv substation,53.1620523,-6.7955561,38000,distribution,ESB Networks,,,https://www.openstreetmap.org/way/438079883
way,438080040,Morristown 38kV Substation,morristown 38kv substation,53.1825433,-6.8196141,38000;10000,distribution,ESB Networks,,,https://www.openstreetmap.org/way/438080040
way,438119450,Grange 110kV Substation,grange 110kv substation,53.3996226,-6.1520925,110000;38000,transmission,EirGrid,,,https://www.openstreetmap.org/way/438119450
way,438120312,Collinstown 38kV Substation,collinstown 38kv substation,53.4274022,-6.2280793,38000,distribution,ESB Networks,,,https://www.openstreetmap.org/way/438120312
way,438489105,Milltown Luas Substation,milltown luas substation,53.3068605,-6.2517557,38000,traction,Luas - Transdev Dublin Light Rail Limited,,,https://www.openstreetmap.org/way/438489105
way,439838383,Monavea 38 kV Substation,monavea 38 kv substation,52.8236116,-7.058697,38000,generation,ESB Networks,,,https://www.openstreetmap.org/way/439838383
way,440112311,Termonfeckin Road 38kV Substation,termonfeckin road 38kv substation,53.7263797,-6.3269449,38000,distribution,ESB Networks,,,https://www.openstreetmap.org/way/440112311
way,440153446,Ballyconra 38kV Substation,ballyconra 38kv substation,52.8009996,-7.3537107,38000;20000,generation,ESB Networks,,,https://www.openstreetmap.org/way/440153446
way,440173101,Francis Street 110kV Substation,francis street 110kv substation,53.341453,-6.2757333,110000;38000,transmission,EirGrid,,,https://www.openstreetmap.org/way/440173101
way,440173457,McDermott 110kV Substation,mcdermott 110kv substation,53.3543732,-6.2509463,110000;38000;10000,transmission,EirGrid,,,https://www.openstreetmap.org/way/440173457
way,440436167,Lloyd 38 kV Substation,lloyd 38 kv substation,53.7383061,-6.9017319,38000,distribution,ESB Networks,,,https://www.openstreetmap.org/way/440436167
way,440436940,Kells 38kV Substation,kells 38kv substation,53.7243038,-6.8640277,38000,distribution,ESB Networks,,,https://www.openstreetmap.org/way/440436940
way,440691942,Ballyjamesduff 38kV Substation,ballyjamesduff 38kv substation,53.8500471,-7.1955364,38000,distribution,ESB Networks,,,https://www.openstreetmap.org/way/440691942
way,441853298,,,53.4176039,-6.1509636,38000,traction,Irish Rail,,,https://www.openstreetmap.org/way/441853298
way,442043146,Oldcastle 38kV Substation,oldcastle 38kv substation,53.7723687,-7.1521671,38000,distribution,ESB Networks,,,https://www.openstreetmap.org/way/442043146
way,442121651,Stephenstown 110kV Substation,stephenstown 110kv substation,53.6013247,-6.1895932,110000;38000;10000,transmission,EirGrid,,,https://www.openstreetmap.org/way/442121651
way,443080676,Pottery Road 110-kV Substation,pottery road 110 kv substation,53.2734538,-6.1519907,110000;10000,transmission,EirGrid,,,https://www.openstreetmap.org/way/443080676
way,443081627,North Quays 110kV Substation,north quays 110kv substation,53.3504282,-6.2355586,110000;38000;10000,transmission,EirGrid,,,https://www.openstreetmap.org/way/443081627
way,443091077,Howth Junction 38kV Substation,howth junction 38kv substation,53.3887456,-6.1512386,38000,distribution,ESB Networks,,,https://www.openstreetmap.org/way/443091077
way,443093953,Semperit 38kV Substation,semperit 38kv substation,53.3327539,-6.3563815,38000,distribution,ESB Networks,,,https://www.openstreetmap.org/way/443093953
way,443094721,Poolbeg 220kV Substation,poolbeg 220kv substation,53.3382373,-6.1899101,220000,generation,EirGrid,,,https://www.openstreetmap.org/way/443094721
way,443112369,Poppintree 110kV Substation,poppintree 110kv substation,53.4059932,-6.2720237,110000;38000,transmission,EirGrid,,,https://www.openstreetmap.org/way/443112369
way,444070898,North Wall 220kV GIS Substation,north wall 220kv gis substation,53.3503762,-6.2115608,220000,generation,EirGrid,,,https://www.openstreetmap.org/way/444070898
way,444105843,Dodder Road 38kV Substation,dodder road 38kv substation,53.3039166,-6.2676899,38000,distribution,ESB Networks,,,https://www.openstreetmap.org/way/444105843
way,444107084,Merrion Square East 38kV Substation,merrion square east 38kv substation,53.3388128,-6.246071,38000,distribution,ESB Networks,,,https://www.openstreetmap.org/way/444107084
way,444830508,Spencer Dock Luas Substation,spencer dock luas substation,53.3487969,-6.2370164,38000,traction,Luas - Transdev Dublin Light Rail Limited,,underground,https://www.openstreetmap.org/way/444830508
way,444834661,Carrickmines Luas Substation,carrickmines luas substation,53.2529438,-6.1641892,10000,traction,Luas - Transdev Dublin Light Rail Limited,,,https://www.openstreetmap.org/way/444834661
way,444836313,Cherrywood Luas Substation,cherrywood luas substation,53.2462532,-6.147749,38000,traction,Luas - Transdev Dublin Light Rail Limited,,,https://www.openstreetmap.org/way/444836313
way,444837389,Red Cow Luas Substation,red cow luas substation,53.3156946,-6.3687712,38000,traction,Luas - Transdev Dublin Light Rail Limited,,,https://www.openstreetmap.org/way/444837389
way,444956262,Shankill DART Substation,shankill dart substation,53.2357349,-6.1176186,38000,traction,Irish Rail,,,https://www.openstreetmap.org/way/444956262
way,444957703,,,53.3052794,-6.1851341,38000,traction,Irish Rail,,,https://www.openstreetmap.org/way/444957703
way,444961291,Rathdown 38 kV Substation,rathdown 38 kv substation,53.1592236,-6.0769916,38000,traction,ESB Networks,,,https://www.openstreetmap.org/way/444961291
way,444963332,Fairview DART Substation,fairview dart substation,53.3632247,-6.227685,38000,traction,Irish Rail,,,https://www.openstreetmap.org/way/444963332
way,444965653,Bayside DART Substation,bayside dart substation,53.3911854,-6.1355937,38000,traction,Irish Rail,,,https://www.openstreetmap.org/way/444965653
way,444968433,Malahide DART Substation,malahide dart substation,53.4417912,-6.1567201,38000,traction,Irish Rail,,,https://www.openstreetmap.org/way/444968433
way,445134202,Suir Road Luas Substation,suir road luas substation,53.3362586,-6.3083042,38000,traction,Luas - Transdev Dublin Light Rail Limited,,,https://www.openstreetmap.org/way/445134202
way,445314428,Artane 110kV Substation,artane 110kv substation,53.382358,-6.2094672,110000;10000,transmission,EirGrid,,,https://www.openstreetmap.org/way/445314428
way,445318192,Heuston Square 110kV Substation,heuston square 110kv substation,53.3451523,-6.3000097,110000;10000,transmission,EirGrid,,,https://www.openstreetmap.org/way/445318192
way,445320676,Inchicore 38 kV Substation,inchicore 38 kv substation,53.3345385,-6.3388327,38000;10000,distribution,ESB Networks,,,https://www.openstreetmap.org/way/445320676
way,445329080,Watling Street 38kV Substation,watling street 38kv substation,53.3449561,-6.2852206,38000,industrial,ESB Networks,,,https://www.openstreetmap.org/way/445329080
way,445329577,Phibsborough 38kV Substation,phibsborough 38kv substation,53.3586095,-6.2726243,38000,distribution,ESB Networks,,,https://www.openstreetmap.org/way/445329577
way,445330309,Santry 38 kV Substation,santry 38 kv substation,53.3962463,-6.2432764,38000,distribution,ESB Networks,,,https://www.openstreetmap.org/way/445330309
way,445348380,Clontarf 38kV Substation,clontarf 38kv substation,53.3692837,-6.1937121,38000,distribution,ESB Networks,,,https://www.openstreetmap.org/way/445348380
way,445358256,Pelletstown 110kV Substation,pelletstown 110kv substation,53.3815035,-6.3275833,110000;10000,transmission,EirGrid,,,https://www.openstreetmap.org/way/445358256
way,445360255,Kingsbridge 38kV Substation,kingsbridge 38kv substation,53.3457241,-6.2938801,38000,distribution,ESB Networks,,,https://www.openstreetmap.org/way/445360255
way,445422914,Carranstown 38 kV Substation,carranstown 38 kv substation,53.6780456,-6.392245,38000,generation,ESB Networks,,,https://www.openstreetmap.org/way/445422914
way,445995641,Balbriggan 38 kV Substation,balbriggan 38 kv substation,53.6096788,-6.189984,38000;20000;10000,distribution,ESB Networks,,,https://www.openstreetmap.org/way/445995641
way,446016521,Ashbourne 38 kV Substation,ashbourne 38 kv substation,53.4906644,-6.3702283,38000,distribution,ESB Networks,,,https://www.openstreetmap.org/way/446016521
way,446020910,College Park 110kV Substation,college park 110kv substation,53.4105364,-6.3761003,110000;10000,transmission,EirGrid,,,https://www.openstreetmap.org/way/446020910
way,446193876,Mountgorry 38kV Substation,mountgorry 38kv substation,53.4550493,-6.2071099,38000;20000,distribution,ESB Networks,,,https://www.openstreetmap.org/way/446193876
way,448329207,Liffey Valley 38kV Substation,liffey valley 38kv substation,53.3480519,-6.3942588,38000,distribution,ESB Networks,,,https://www.openstreetmap.org/way/448329207
way,448710346,Fortunestown 110kV Substation,fortunestown 110kv substation,53.2829452,-6.4171604,110000;10000,transmission,EirGrid,,,https://www.openstreetmap.org/way/448710346
way,448726610,Nangor 110kV Substation,nangor 110kv substation,53.3241021,-6.4356661,110000;10000,industrial,EirGrid,,,https://www.openstreetmap.org/way/448726610
way,448730842,Clondalkin 38kV Substation,clondalkin 38kv substation,53.324863,-6.3948151,38000,distribution,ESB Networks,,,https://www.openstreetmap.org/way/448730842
way,448741500,Cheeverstown 38kV Substation,cheeverstown 38kv substation,53.2993075,-6.4037225,38000;10000,industrial,ESB Networks,,,https://www.openstreetmap.org/way/448741500
way,448791403,Leixlip Dam,leixlip dam,53.361318,-6.4896503,38000;10500,generation,ESB Networks,,,https://www.openstreetmap.org/way/448791403
way,449011890,Kingswood Luas Substation,kingswood luas substation,53.3035665,-6.3663932,10000,traction,Luas - Transdev Dublin Light Rail Limited,,partially_underground,https://www.openstreetmap.org/way/449011890
way,449099163,Belgard 38kV Substation,belgard 38kv substation,53.2920075,-6.3676617,38000;10000,distribution,ESB Networks,,,https://www.openstreetmap.org/way/449099163
way,449102125,Templeogue 38kV Substation,templeogue 38kv substation,53.2963512,-6.3114161,38000,distribution,ESB Networks,,,https://www.openstreetmap.org/way/449102125
way,449129513,Ballymount 38kV Substation,ballymount 38kv substation,53.3147087,-6.3452458,38000,distribution,ESB Networks,,,https://www.openstreetmap.org/way/449129513
way,449302266,Lucan East 38kV Substation,lucan east 38kv substation,53.3608895,-6.4388112,38000,distribution,ESB Networks,,,https://www.openstreetmap.org/way/449302266
way,449450735,Cookstown Luas Substation,cookstown luas substation,53.294415,-6.3848917,38000,traction,Luas - Transdev Dublin Light Rail Limited,,,https://www.openstreetmap.org/way/449450735
way,449453202,Kylemore Luas Substation,kylemore luas substation,53.3271001,-6.3400399,38000,traction,Luas - Transdev Dublin Light Rail Limited,,,https://www.openstreetmap.org/way/449453202
way,449624351,Raheny DART Substation,raheny dart substation,53.3813482,-6.1764356,38000,traction,Irish Rail,,,https://www.openstreetmap.org/way/449624351
way,449674380,Mount Merrion 38kV Substation,mount merrion 38kv substation,53.2969525,-6.2053596,38000,distribution,ESB Networks,,,https://www.openstreetmap.org/way/449674380
way,449822495,Cloondara 38 kV Substation,cloondara 38 kv substation,53.7493411,-7.9062034,38000,industrial,ESB Networks,,,https://www.openstreetmap.org/way/449822495
way,450259239,Fairview 38kV Station,fairview 38kv,53.3645058,-6.2287887,38000,distribution,ESB Networks,,,https://www.openstreetmap.org/way/450259239
way,452167030,Julianstown 38kV Substation,julianstown 38kv substation,53.6450758,-6.3123205,38000,distribution,ESB Networks,,,https://www.openstreetmap.org/way/452167030
way,453846556,Baltinglass 38kV Substation,baltinglass 38kv substation,52.9368289,-6.6927438,38000,distribution,ESB Networks,,,https://www.openstreetmap.org/way/453846556
way,454188210,Kilcullen 38kV Substation,kilcullen 38kv substation,53.1269398,-6.7623047,38000,distribution,ESB Networks,,,https://www.openstreetmap.org/way/454188210
way,454608401,Rathdowney 38 kV Substation,rathdowney 38 kv substation,52.8570417,-7.602425,38000,distribution,ESB Networks,,,https://www.openstreetmap.org/way/454608401
way,454641896,Marsh Road 38kV Substation,marsh road 38kv substation,53.7145798,-6.3361698,38000;10000,distribution,ESB Networks,,,https://www.openstreetmap.org/way/454641896
way,454705937,Clara 38 kV Substation,clara 38 kv substation,53.344384,-7.5821938,38000;20000;10000,distribution,ESB Networks,,,https://www.openstreetmap.org/way/454705937
way,454811415,Portarlington 38kV Substation,portarlington 38kv substation,53.1615031,-7.2095528,38000,distribution,ESB Networks,,,https://www.openstreetmap.org/way/454811415
way,454814290,Mountmellick 38kV Substation,mountmellick 38kv substation,53.1071113,-7.3081106,38000,distribution,ESB Networks,,,https://www.openstreetmap.org/way/454814290
way,455037782,Littleconnell 38kV Substation,littleconnell 38kv substation,53.1870501,-6.7777932,38000,distribution,ESB Networks,,,https://www.openstreetmap.org/way/455037782
way,455037784,Baroda 110kV Substation,baroda 110kv substation,53.1859251,-6.7752554,110000;38000,transmission,EirGrid,,,https://www.openstreetmap.org/way/455037784
way,455875741,Pallas 38kV Substation,pallas 38kv substation,53.0402024,-7.3147503,38000,distribution,ESB Networks,,,https://www.openstreetmap.org/way/455875741
way,456188549,Johnstown 38kV Substation,johnstown 38kv substation,53.2313231,-6.6203862,38000,distribution,ESB Networks,,,https://www.openstreetmap.org/way/456188549
way,456199341,Inchicore 220kV Substation,inchicore 220kv substation,53.3337774,-6.3391212,220000;110000;38000,transmission,EirGrid,,,https://www.openstreetmap.org/way/456199341
way,456216245,Randalstown 38kV Substation,randalstown 38kv substation,53.6797161,-6.7123099,38000,distribution,ESB Networks,,,https://www.openstreetmap.org/way/456216245
way,456386018,Kildare 38kV Substation,kildare 38kv substation,53.164001,-6.91994,38000;10000;20000,distribution,ESB Networks,,,https://www.openstreetmap.org/way/456386018
way,458047174,Dardistown 110 kV Substation,dardistown 110 kv substation,53.4212033,-6.2342099,110000,transmission,EirGrid,,,https://www.openstreetmap.org/way/458047174
way,463024136,Castlecomer 38kV Substation,castlecomer 38kv substation,52.8380978,-7.1921155,38000;10000,distribution,ESB Networks,,,https://www.openstreetmap.org/way/463024136
way,463031087,Tullow 38kV Substation,tullow 38kv substation,52.8099411,-6.7274478,38000;20000,distribution,ESB Networks,,,https://www.openstreetmap.org/way/463031087
way,470024318,Central Park 110kV Substation,central park 110kv substation,53.2702392,-6.2060635,110000,transmission,EirGrid,,,https://www.openstreetmap.org/way/470024318
way,478322320,Fitzwilliam Lane,fitzwilliam lane,53.3375808,-6.2492142,10000,minor_distribution,ESB Networks,068014,,https://www.openstreetmap.org/way/478322320
way,478322325,,,53.3363622,-6.2454174,,,,,,https://www.openstreetmap.org/way/478322325
way,478387474,Sallynoggin Road 38kV Substation,sallynoggin road 38kv substation,53.2783903,-6.1375784,38000,distribution,ESB Networks,,,https://www.openstreetmap.org/way/478387474
way,478916752,Coolock 38 kV Substation,coolock 38 kv substation,53.3930756,-6.1960132,38000,distribution,ESB Networks,,,https://www.openstreetmap.org/way/478916752
way,489576435,Derrycramph 38 kV Substation,derrycramph 38 kv substation,53.9793134,-7.3833437,38000,distribution,ESB Networks,,,https://www.openstreetmap.org/way/489576435
way,489671620,Wolfe Tone 110kV Substation,wolfe tone 110kv substation,53.349714,-6.2679779,110000;38000,transmission,EirGrid,,,https://www.openstreetmap.org/way/489671620
way,492437752,Granby Row 38kV Substation,granby row 38kv substation,53.3520032,-6.2654057,38000,distribution,ESB Networks,,,https://www.openstreetmap.org/way/492437752
way,494697806,,,53.2332673,-7.7660206,20000,generation,ESB Networks,,,https://www.openstreetmap.org/way/494697806
way,499678809,Trim 38kV Substation,trim 38kv substation,53.5465824,-6.7952805,38000;20000;10000,distribution,ESB Networks,,,https://www.openstreetmap.org/way/499678809
way,500284316,Broadstone Luas Substation,broadstone luas substation,53.35488,-6.2763862,38000,traction,Luas - Transdev Dublin Light Rail Limited,,,https://www.openstreetmap.org/way/500284316
way,503253219,Drumcondra 38kV Substation,drumcondra 38kv substation,53.3629115,-6.2604578,38000,distribution,ESB Networks,,,https://www.openstreetmap.org/way/503253219
way,504058936,Duleek 38 kV Substation,duleek 38 kv substation,53.6603698,-6.4278165,38000;20000,distribution,ESB Networks,,,https://www.openstreetmap.org/way/504058936
way,504620130,Delvin 38kV Substation,delvin 38kv substation,53.5970384,-7.0716045,38000,distribution,ESB Networks,,,https://www.openstreetmap.org/way/504620130
way,504850124,Athboy 38kV Substation,athboy 38kv substation,53.6373859,-6.9388867,38000,distribution,ESB Networks,,,https://www.openstreetmap.org/way/504850124
way,505410032,Stickillin 38kV Substation,stickillin 38kv substation,53.854141,-6.5212694,38000,distribution,ESB Networks,,,https://www.openstreetmap.org/way/505410032
way,505417887,Kilsaran 38kV Substation,kilsaran 38kv substation,53.8810257,-6.3720623,38000,distribution,ESB Networks,,,https://www.openstreetmap.org/way/505417887
way,505462580,Kingscourt 38kV Substation,kingscourt 38kv substation,53.8882199,-6.7870792,38000,distribution,ESB Networks,,,https://www.openstreetmap.org/way/505462580
way,505641163,Mullagh 38kV Substation,mullagh 38kv substation,53.8128052,-6.9272675,38000,distribution,ESB Networks,,,https://www.openstreetmap.org/way/505641163
way,505951507,Carrickmacross 38 kV Substation,carrickmacross 38 kv substation,53.9804544,-6.7351775,38000,distribution,ESB Networks,,,https://www.openstreetmap.org/way/505951507
way,506200719,Newbrook 38kV Substation,newbrook 38kv substation,53.5126842,-7.3704628,38000,distribution,ESB Networks,,,https://www.openstreetmap.org/way/506200719
way,507859235,Mount Lucas 110kV Substation,mount lucas 110kv substation,53.262337,-7.2520289,110000;20000,generation,EirGrid,,,https://www.openstreetmap.org/way/507859235
way,508669401,Finawn 38 kV Substation,finawn 38 kv substation,52.9370584,-7.7188409,38000,generation,ESB Networks,,,https://www.openstreetmap.org/way/508669401
way,508674282,Galmoy 38 kV Substation,galmoy 38 kv substation,52.8076896,-7.5957841,38000,distribution,ESB Networks,,,https://www.openstreetmap.org/way/508674282
way,509422130,Bray 38kV Substation,bray 38kv substation,53.1935539,-6.1277485,38000;10000,distribution,ESB Networks,,,https://www.openstreetmap.org/way/509422130
way,509430139,Templemore 38 kV Substation,templemore 38 kv substation,52.7984439,-7.8263662,38000,distribution,ESB Networks,,,https://www.openstreetmap.org/way/509430139
way,509453016,Roscrea 38 kV Substation,roscrea 38 kv substation,52.9499593,-7.7947712,38000;10000;20000,distribution,ESB Networks,,,https://www.openstreetmap.org/way/509453016
way,510273859,Sallins 38kV Substation,sallins 38kv substation,53.2595738,-6.6677089,38000;10000,distribution,ESB Networks,,,https://www.openstreetmap.org/way/510273859
way,511134828,Glebe 38kV Substation,glebe 38kv substation,53.7344222,-7.7850247,38000,distribution,ESB Networks,,,https://www.openstreetmap.org/way/511134828
way,511529889,Ballybailie 38 kV Substation,ballybailie 38 kv substation,53.8717195,-6.5339575,38000;10000,distribution,ESB Networks,,,https://www.openstreetmap.org/way/511529889
way,513703422,Corkagh 110kV Substation,corkagh 110kv substation,53.3238429,-6.4476689,110000,industrial,EirGrid,,,https://www.openstreetmap.org/way/513703422
way,513993739,Dallow 110kV Substation,dallow 110kv substation,53.1259869,-7.928076,110000;38000,transmission,EirGrid,,,https://www.openstreetmap.org/way/513993739
way,516752881,Clonee 220kV Substation,clonee 220kv substation,53.4167869,-6.426741,220000;20000,industrial,EirGrid,,,https://www.openstreetmap.org/way/516752881
way,517800902,Ballymahon 38kV Substation,ballymahon 38kv substation,53.5894285,-7.8213622,38000,distribution,ESB Networks,,,https://www.openstreetmap.org/way/517800902
way,518579805,Sutton 38kV Substation,sutton 38kv substation,53.3913353,-6.1191892,38000,distribution,ESB Networks,,,https://www.openstreetmap.org/way/518579805
way,519016082,Kilcoole 38kV Substation,kilcoole 38kv substation,53.1021808,-6.0697345,38000,distribution,ESB Networks,,,https://www.openstreetmap.org/way/519016082
way,519099966,Aghamore 38kV Substation,aghamore 38kv substation,53.6736567,-7.975825,38000,distribution,ESB Networks,,,https://www.openstreetmap.org/way/519099966
way,519772616,Boghall Road 38kV Substation,boghall road 38kv substation,53.1868915,-6.1077136,38000,distribution,ESB Networks,,,https://www.openstreetmap.org/way/519772616
way,520247049,Bedford Row 38kV Substation,bedford row 38kv substation,53.3458613,-6.261467,38000,distribution,ESB Networks,,,https://www.openstreetmap.org/way/520247049
way,520417362,Shillelagh 38 kV Substation,shillelagh 38 kv substation,52.7521915,-6.5327303,38000,distribution,ESB Networks,,,https://www.openstreetmap.org/way/520417362
way,520425580,Pollerton 38kV Substation,pollerton 38kv substation,52.8389069,-6.91142,38000;10000,distribution,ESB Networks,,,https://www.openstreetmap.org/way/520425580
way,520429237,Shercock 38kV Substation,shercock 38kv substation,53.9866923,-6.9120649,38000,distribution,ESB Networks,,,https://www.openstreetmap.org/way/520429237
way,522484205,Kilmartin 38 kV Substation,kilmartin 38 kv substation,53.0498806,-6.0724884,38000;10000,distribution,ESB Networks,,,https://www.openstreetmap.org/way/522484205
way,522731953,Broombridge Luas Substation,broombridge luas substation,53.3705551,-6.2913166,38000,traction,Luas - Transdev Dublin Light Rail Limited,,,https://www.openstreetmap.org/way/522731953
way,524302123,Rathdrum 38kV Substation,rathdrum 38kv substation,52.9474127,-6.2441451,38000,distribution,ESB Networks,,,https://www.openstreetmap.org/way/524302123
way,524335416,Bailieborough 38kV Substation,bailieborough 38kv substation,53.8957978,-6.9679341,38000,distribution,ESB Networks,,,https://www.openstreetmap.org/way/524335416
way,524342957,Avoca 38kV Substation,avoca 38kv substation,52.8508035,-6.2036176,38000;10000,distribution,ESB Networks,,,https://www.openstreetmap.org/way/524342957
way,524345377,Coolgreaney Road 38 kV Substation,coolgreaney road 38 kv substation,52.7980474,-6.1665504,38000;10000,distribution,ESB Networks,,,https://www.openstreetmap.org/way/524345377
way,527975686,Rathmullan 38 kV Substation,rathmullan 38 kv substation,53.7076299,-6.3746568,38000,distribution,ESB Networks,,,https://www.openstreetmap.org/way/527975686
way,534306885,Coolmine 38kV Substation,coolmine 38kv substation,53.3826009,-6.4003647,38000,distribution,ESB Networks,,,https://www.openstreetmap.org/way/534306885
way,541997464,Dun Laoghaire 38kV Substation,dun laoghaire 38kv substation,53.2934156,-6.1413667,38000,distribution,ESB Networks,,,https://www.openstreetmap.org/way/541997464
way,541998793,Monkstown 38kV Substation,monkstown 38kv substation,53.2950199,-6.1700942,38000,distribution,ESB Networks,,,https://www.openstreetmap.org/way/541998793
way,547565445,Ballinvally 38kV Substation,ballinvally 38kv substation,52.7929879,-6.2955451,38000,generation,ESB Networks,,,https://www.openstreetmap.org/way/547565445
way,549104352,Ballyogan Luas Substation,ballyogan luas substation,53.2572974,-6.1940457,38000,traction,Luas - Transdev Dublin Light Rail Limited,,,https://www.openstreetmap.org/way/549104352
way,550274953,Inchicore Central Substation,inchicore central substation,53.3346189,-6.338727,10000,distribution,ESB Networks,,,https://www.openstreetmap.org/way/550274953
way,550274954,Inchicore North Substation,inchicore north substation,53.334649,-6.3385845,10000,distribution,ESB Networks,,,https://www.openstreetmap.org/way/550274954
way,554367622,,,53.3238174,-6.262475,10000,minor_distribution,ESB Networks,,,https://www.openstreetmap.org/way/554367622
way,580268034,Merville 38kV Substation,merville 38kv substation,53.3817451,-6.291772,38000,distribution,ESB Networks,,,https://www.openstreetmap.org/way/580268034
way,586374473,East Wall Road 38kV Substation,east wall road 38kv substation,53.3531881,-6.2256499,38000,distribution,ESB Networks,,,https://www.openstreetmap.org/way/586374473
way,593180150,,,53.3013175,-6.2454569,10000,minor_distribution,ESB Networks,,,https://www.openstreetmap.org/way/593180150
way,605963605,Barnakyle 110 kV Substation,barnakyle 110 kv substation,53.3146332,-6.4477366,110000,industrial,EirGrid,,,https://www.openstreetmap.org/way/605963605
way,615561528,Castleknock 38kV Substation,castleknock 38kv substation,53.3713136,-6.3773558,38000,distribution,ESB Networks,,,https://www.openstreetmap.org/way/615561528
way,626790353,,,53.0224851,-7.982959,20000,generation,ESB Networks,,,https://www.openstreetmap.org/way/626790353
way,631676101,Newtownstalaban 38kV Substation,newtownstalaban 38kv substation,53.7259961,-6.3190238,38000,distribution,ESB Networks,,,https://www.openstreetmap.org/way/631676101
way,633430378,Garrycastle 38kV Substation,garrycastle 38kv substation,53.4211492,-7.8951276,38000,distribution,ESB Networks,,,https://www.openstreetmap.org/way/633430378
way,634333388,Greenhills 38kV Substation,greenhills 38kv substation,53.3136778,-6.328238,38000,distribution,ESB Networks,,,https://www.openstreetmap.org/way/634333388
way,634351003,Kimmage 38kV Substation,kimmage 38kv substation,53.3113791,-6.3023942,38000,distribution,ESB Networks,,,https://www.openstreetmap.org/way/634351003
way,634543442,Whitehall 38kV Substation,whitehall 38kv substation,53.3766156,-6.2510117,38000,distribution,ESB Networks,,,https://www.openstreetmap.org/way/634543442
way,634610520,Edenderry 38kV Substation,edenderry 38kv substation,53.3467644,-7.0191235,38000,distribution,ESB Networks,,,https://www.openstreetmap.org/way/634610520
way,635659051,,,53.2938394,-6.4786084,10000,minor_distribution,ESB Networks,,,https://www.openstreetmap.org/way/635659051
way,636135260,Glasnevin 38kV Substation,glasnevin 38kv substation,53.3688667,-6.2724035,38000,distribution,ESB Networks,,,https://www.openstreetmap.org/way/636135260
way,684124854,Snugborough 110kV Substation,snugborough 110kv substation,53.4066092,-6.356603,110000;20000,transmission,EirGrid,,,https://www.openstreetmap.org/way/684124854
way,684177182,______ 110kV Substation,110kv substation,53.4040145,-6.36494,110000;20000,transmission,EirGrid,,,https://www.openstreetmap.org/way/684177182
way,684177183,Cloghran 110kV Substation,cloghran 110kv substation,53.4034934,-6.3610231,110000;20000,transmission,EirGrid,,,https://www.openstreetmap.org/way/684177183
way,688755600,Bruckana 38kV Substation,bruckana 38kv substation,52.7780671,-7.6678904,38000,generation,ESB Networks,,,https://www.openstreetmap.org/way/688755600
way,697464725,Darndale 110kV Substation,darndale 110kv substation,53.407848,-6.2241754,110000;10000,transmission,EirGrid,,,https://www.openstreetmap.org/way/697464725
way,697464731,Kilmore 110kV Substation,kilmore 110kv substation,53.4013032,-6.2208175,110000;10000,transmission,EirGrid,,,https://www.openstreetmap.org/way/697464731
way,697470447,Airton 110kV Substation,airton 110kv substation,53.2968693,-6.3674201,110000;20000,transmission,EirGrid,,,https://www.openstreetmap.org/way/697470447
way,699918370,Meenwaun Substation,meenwaun substation,53.1606091,-7.9201747,20000,generation,ESB Networks,,,https://www.openstreetmap.org/way/699918370
way,702282360,Saggart Luas Substation,saggart luas substation,53.2848932,-6.4383462,38000,traction,Luas - Transdev Dublin Light Rail Limited,,,https://www.openstreetmap.org/way/702282360
way,710981639,Castlebaggot 220kV Substation,castlebaggot 220kv substation,53.3166943,-6.4497194,220000;110000,transmission,EirGrid,,,https://www.openstreetmap.org/way/710981639
way,714018181,Belcamp 220kV Substation,belcamp 220kv substation,53.409766,-6.2025287,220000;110000,transmission,EirGrid,,,https://www.openstreetmap.org/way/714018181
way,736675397,,,53.3331535,-6.3111532,10000,minor_distribution,ESB Networks,,,https://www.openstreetmap.org/way/736675397
way,744425059,Graigue 38kV Substation,graigue 38kv substation,52.8369564,-6.9438472,38000;10000,distribution,ESB Networks,,,https://www.openstreetmap.org/way/744425059
way,773580555,,,53.3073865,-6.2254004,10000,minor_distribution,University College Dublin,,,https://www.openstreetmap.org/way/773580555
way,790481667,,,52.782532,-7.4297045,20000,generation,ESB Networks,,,https://www.openstreetmap.org/way/790481667
way,793330528,Ballycumber 38kV Substation,ballycumber 38kv substation,52.8336171,-6.4671671,38000;20000,generation,ESB Networks,,,https://www.openstreetmap.org/way/793330528
way,798186536,Clarkstown 38kV Substation,clarkstown 38kv substation,53.4624257,-6.6822183,38000,distribution,ESB Networks,,outdoor,https://www.openstreetmap.org/way/798186536
way,819286958,Bracetown 220kV Substation,bracetown 220kv substation,53.4222695,-6.4457133,220000;20000,industrial,EirGrid,,,https://www.openstreetmap.org/way/819286958
way,820465119,Newbury 110kV Substation,newbury 110kv substation,53.3997557,-6.2162523,110000;10000,transmission,EirGrid,,,https://www.openstreetmap.org/way/820465119
way,822400580,Cromcastle 110kV Substation,cromcastle 110kv substation,53.4030295,-6.2276046,110000;10000,transmission,EirGrid,,indoor,https://www.openstreetmap.org/way/822400580
way,876533232,,,53.3248334,-6.3345673,10000,substation,ESB Networks,,,https://www.openstreetmap.org/way/876533232
way,887405637,Kellystown 220 kV Substation,kellystown 220 kv substation,53.3823502,-6.524176,220000,transmission,EirGrid,,,https://www.openstreetmap.org/way/887405637
way,893157942,Tara East 001187X,tara east 001187x,53.3128243,-6.2059334,10000,minor_distribution,ESB Networks,Tara East 001187X,,https://www.openstreetmap.org/way/893157942
way,893157943,Tara West 001188X,tara west 001188x,53.3128255,-6.2059961,10000,minor_distribution,ESB Networks,Tara West 001188X,,https://www.openstreetmap.org/way/893157943
way,899573393,STH COUNTY S/S,sth county s s,53.2946635,-6.2024168,10000,minor_distribution,ESB Networks,001280,indoor,https://www.openstreetmap.org/way/899573393
way,914837874,Montrose Hotel,montrose hotel,53.3083408,-6.2143685,10000,minor_distribution,ESB Networks,001254,indoor,https://www.openstreetmap.org/way/914837874
way,929003194,Merrion S C,merrion s c,53.3185502,-6.2142288,10000,minor_distribution,ESB Networks,001768,,https://www.openstreetmap.org/way/929003194
way,934879760,Derrycarney 110kV Substation,derrycarney 110kv substation,53.2271141,-7.7961871,110000;33000,transmission,EirGrid,,,https://www.openstreetmap.org/way/934879760
way,935127343,Aungierstown 110 kV Substation,aungierstown 110 kv substation,53.316073,-6.4523208,110000,transmission,EirGrid,,,https://www.openstreetmap.org/way/935127343
way,942416227,,,53.3355297,-6.473226,220000,transition,EirGrid,,,https://www.openstreetmap.org/way/942416227
way,946144272,St. Vincent's,st vincent s,53.3172363,-6.2106111,10000,minor_distribution,ESB Networks,001 4022,,https://www.openstreetmap.org/way/946144272
way,946144273,St. Vincent's,st vincent s,53.3171878,-6.210611,10000,minor_distribution,ESB Networks,001 4019 / 001 4020,,https://www.openstreetmap.org/way/946144273
way,960184848,,,53.3130199,-6.2071304,10000,minor_distribution,ESB Networks,,,https://www.openstreetmap.org/way/960184848
way,1003253882,Cruiserath 220kV Substation,cruiserath 220kv substation,53.4146281,-6.3817801,220000,transmission,EirGrid,,,https://www.openstreetmap.org/way/1003253882
way,1003253888,Barnageeragh 110kV Substation,barnageeragh 110kv substation,53.4042822,-6.3698501,110000;20000,transmission,EirGrid,,,https://www.openstreetmap.org/way/1003253888
way,1009395517,Ballyragget 110 kV Substation,ballyragget 110 kv substation,52.7988347,-7.342814,110000;38000;20000,transmission,EirGrid,,,https://www.openstreetmap.org/way/1009395517
way,1012215760,Carrigallen 38 kV Substation,carrigallen 38 kv substation,53.9668478,-7.6796358,38000,distribution,ESB Networks,,,https://www.openstreetmap.org/way/1012215760
way,1013905509,Rathcoole Shopping Mall,rathcoole shopping mall,53.2817553,-6.4713229,10000,minor_distribution,ESB Networks,,,https://www.openstreetmap.org/way/1013905509
way,1029072347,068010,068010,53.3473683,-6.2321237,10000,minor_distribution,ESB Networks,068010,indoor,https://www.openstreetmap.org/way/1029072347
way,1041629387,,,53.3509781,-6.2223499,10000,minor_distribution,ESB Networks,,indoor,https://www.openstreetmap.org/way/1041629387
way,1042961412,Castlelost 220 kV Substation,castlelost 220 kv substation,53.3981429,-7.3211845,220000,transmission,EirGrid,,,https://www.openstreetmap.org/way/1042961412
way,1046481962,Slane 38 kV Substation,slane 38 kv substation,53.7477819,-6.5520414,38000,distribution,ESB Networks,,,https://www.openstreetmap.org/way/1046481962
way,1046559938,Raragh 20 kV Substation,raragh 20 kv substation,53.9239206,-6.821734,20000,generation,ESB Networks,,,https://www.openstreetmap.org/way/1046559938
way,1046970225,Kilcarbery Substation,kilcarbery substation,53.3147089,-6.4441978,110000;10000,industrial,EirGrid,,,https://www.openstreetmap.org/way/1046970225
way,1051161785,Kilcumber 110kV Substation,kilcumber 110kv substation,53.2901576,-7.092703,110000;33000,generation,EirGrid,,,https://www.openstreetmap.org/way/1051161785
way,1055532500,St Lawrences Pk,st lawrences pk,53.2926149,-6.1958834,10000,minor_distribution,ESB Networks,001217,,https://www.openstreetmap.org/way/1055532500
way,1055962442,,,52.99467,-6.1061467,10000,generation,ESB Networks,,,https://www.openstreetmap.org/way/1055962442
way,1056285945,,,52.8183869,-7.9503815,10000,generation,ESB Networks,,,https://www.openstreetmap.org/way/1056285945
way,1057100688,Borrisoleigh 38 kV Substation,borrisoleigh 38 kv substation,52.7556891,-7.9525514,38000,distribution,ESB Networks,,,https://www.openstreetmap.org/way/1057100688
way,1075614008,Cranford Flats,cranford flats,53.3099984,-6.2160307,,distribution,ESB Networks,001553,,https://www.openstreetmap.org/way/1075614008
way,1085182578,,,53.2831889,-6.425225,10000,minor_distribution,ESB Networks,,indoor,https://www.openstreetmap.org/way/1085182578
way,1097376510,Garballagh 110 kV Substation,garballagh 110 kv substation,53.6572305,-6.4586834,110000,generation,EirGrid,,,https://www.openstreetmap.org/way/1097376510
way,1107158570,Clutterland 110 kV Substation,clutterland 110 kv substation,53.3179126,-6.4497145,110000,transmission,EirGrid,,,https://www.openstreetmap.org/way/1107158570
way,1108073471,______ __kV Substation,kv substation,53.4078806,-6.2249611,110000;10000,transmission,EirGrid,,,https://www.openstreetmap.org/way/1108073471
way,1110074753,Cloghan 110kV Substation,cloghan 110kv substation,53.2036203,-7.8727231,110000,generation,EirGrid,,,https://www.openstreetmap.org/way/1110074753
way,1115568677,,,53.885159,-6.9198412,10000,generation,ESB Networks,,,https://www.openstreetmap.org/way/1115568677
way,1123268881,Oldbridge 110 kV Substation,oldbridge 110 kv substation,53.7067579,-6.3878298,110000,transmission,EirGrid,,,https://www.openstreetmap.org/way/1123268881
way,1124890817,,,53.3300576,-6.3855373,110000,transmission,EirGrid,,,https://www.openstreetmap.org/way/1124890817
way,1125141927,Deenes 110 kV Substation,deenes 110 kv substation,53.6475064,-6.4407825,110000,generation,EirGrid,,,https://www.openstreetmap.org/way/1125141927
way,1125304097,Blundelstown 110 kV Substation,blundelstown 110 kv substation,53.444432,-6.5335903,110000,generation,EirGrid,,,https://www.openstreetmap.org/way/1125304097
way,1125985366,Ballymacarney 110 kV Substation,ballymacarney 110 kv substation,53.4504068,-6.3671067,110000,generation,EirGrid,,,https://www.openstreetmap.org/way/1125985366
way,1127875861,Hortland 20 kV Substation,hortland 20 kv substation,53.3815037,-6.7900026,20000,generation,ESB Networks,,,https://www.openstreetmap.org/way/1127875861
way,1128026532,Hilltown 20 kV Substation,hilltown 20 kv substation,53.574422,-6.4203358,20000,generation,ESB Networks,,,https://www.openstreetmap.org/way/1128026532
way,1131160702,,,53.4172102,-7.9867131,38000;20000,distribution,ESB Networks,,,https://www.openstreetmap.org/way/1131160702
way,1131166134,Athlone 110 kV Substation,athlone 110 kv substation,53.4230436,-7.9745082,110000;38000;10000,transmission,EirGrid,,,https://www.openstreetmap.org/way/1131166134
way,1131169741,,,53.417035,-7.9871665,38000,distribution,ESB Networks,,,https://www.openstreetmap.org/way/1131169741
way,1161614557,Deansgrange 38 kV Substation,deansgrange 38 kv substation,53.276421,-6.1618033,38000,distribution,ESB Networks,,,https://www.openstreetmap.org/way/1161614557
way,1176262609,Inchicore Central 110 kV Substation,inchicore central 110 kv substation,53.3346309,-6.3407746,110000;33000,generation,EirGrid,,,https://www.openstreetmap.org/way/1176262609
way,1190756188,Timahoe 110 kV Station,timahoe 110,53.3500291,-6.8626861,110000,transmission,EirGrid,,,https://www.openstreetmap.org/way/1190756188
way,1209784406,Philipstown 110 kV Substation,philipstown 110 kv substation,53.2882569,-7.0878409,110000,generation,EirGrid,,,https://www.openstreetmap.org/way/1209784406
way,1231460605,,,53.3371847,-6.4291585,220000,transition,EirGrid,,,https://www.openstreetmap.org/way/1231460605
way,1231956439,Kishoge 110 kV Substation,kishoge 110 kv substation,53.3280353,-6.4600205,110000,transmission,EirGrid,,,https://www.openstreetmap.org/way/1231956439
way,1253617318,______ 220kV Substation,220kv substation,53.3791801,-6.5220638,220000,industrial,EirGrid,,,https://www.openstreetmap.org/way/1253617318
way,1262988428,,,53.3408773,-6.3002141,10000,minor_distribution,ESB Networks,,,https://www.openstreetmap.org/way/1262988428
way,1264633852,Taney 110 kV Substation,taney 110 kv substation,53.2885883,-6.245051,110000,transmission,EirGrid,,,https://www.openstreetmap.org/way/1264633852
way,1270901686,,,53.3668715,-6.2622326,10000,minor_distribution,ESB Networks,,,https://www.openstreetmap.org/way/1270901686
way,1296698026,,,53.3549065,-6.4047682,10000,minor_distribution,ESB Networks,,,https://www.openstreetmap.org/way/1296698026
way,1299958642,Clonfad 110 kV Substation,clonfad 110 kv substation,53.4604224,-7.2119609,110000,generation,EirGrid,,,https://www.openstreetmap.org/way/1299958642
way,1300112879,Moyle Road,moyle road,53.3718961,-6.2914807,10000,minor_distribution,ESB Networks,,,https://www.openstreetmap.org/way/1300112879
way,1342550216,,,53.3469984,-6.6013151,110000,transition,EirGrid,,,https://www.openstreetmap.org/way/1342550216
way,1346514561,Whitebank 110 kV substation,whitebank 110 kv substation,53.3398123,-6.1996317,110000,generation,EirGrid,,,https://www.openstreetmap.org/way/1346514561
way,1348582871,,,52.7986367,-6.1541332,,minor_distribution,ESB Networks,,,https://www.openstreetmap.org/way/1348582871
way,1368163958,Irishtown 220-kV Substation,irishtown 220 kv substation,53.3400724,-6.2019353,220000,generation,EirGrid,,,https://www.openstreetmap.org/way/1368163958
way,1373750494,,,53.264532,-6.2129303,10000,minor_distribution,ESB Networks,,,https://www.openstreetmap.org/way/1373750494
way,1411908702,,,53.3896641,-6.2362581,10000,minor_distribution,ESB Networks,,,https://www.openstreetmap.org/way/1411908702
way,1418767861,,,53.49543,-6.4212267,,generation,ESB Networks,,,https://www.openstreetmap.org/way/1418767861
way,1419065112,Dunsink 38 kV Substation,dunsink 38 kv substation,53.3884865,-6.3404386,38000,generation,ESB Networks,,,https://www.openstreetmap.org/way/1419065112
way,1424814909,Knockdrin 110kV Substation,knockdrin 110kv substation,53.3598053,-7.2130769,110000,transmission,EirGrid,,,https://www.openstreetmap.org/way/1424814909
way,1436612597,Pembroke 38 kV Substation (New),pembroke 38 kv substation new,53.3395176,-6.2306664,38000,distribution,ESB Networks,,,https://www.openstreetmap.org/way/1436612597
way,1447211534,IIG 38 kV Substation,iig 38 kv substation,53.326824,-6.3502255,38000,distribution,ESB Networks,,,https://www.openstreetmap.org/way/1447211534
way,1451328977,Batter Lane 110 kV Substation,batter lane 110 kv substation,53.4911609,-6.2057032,110000;38000;20000,transmission,EirGrid,,,https://www.openstreetmap.org/way/1451328977
way,1454863639,Ballinclea 38 kV Substation,ballinclea 38 kv substation,53.2708556,-6.1221232,38000;10000,distribution,ESB Networks,,,https://www.openstreetmap.org/way/1454863639
way,1455741314,,,53.3330063,-6.5684756,38000,generation,ESB Networks,,,https://www.openstreetmap.org/way/1455741314
way,1456366384,Coolderrig 110 kV Substation,coolderrig 110 kv substation,53.32992,-6.4525519,110000;20000,transmission,EirGrid,,,https://www.openstreetmap.org/way/1456366384
way,1460082306,Huntstown TEG 220 kV Substation,huntstown teg 220 kv substation,53.4124958,-6.3234999,220000,generation,,,,https://www.openstreetmap.org/way/1460082306
way,1460111141,,,53.3598248,-7.2146978,20000,generation,,,,https://www.openstreetmap.org/way/1460111141
way,1481098572,,,53.2921832,-6.4171419,,industrial,,,,https://www.openstreetmap.org/way/1481098572
way,1481098801,,,53.2940258,-6.4127862,,industrial,,,,https://www.openstreetmap.org/way/1481098801
way,1495187302,,,53.3326201,-6.4155628,,,ESB Networks,,,https://www.openstreetmap.org/way/1495187302
way,1495870343,Stonestown 110 kV Substation,stonestown 110 kv substation,53.2167596,-7.8364361,110000,generation,EirGrid,,,https://www.openstreetmap.org/way/1495870343
way,1502552914,Greystones 38 kV Substation,greystones 38 kv substation,53.1451312,-6.0856924,38000,distribution,ESB Networks,,,https://www.openstreetmap.org/way/1502552914
way,1532860616,,,53.2886849,-7.0831627,,transition,EirGrid,,,https://www.openstreetmap.org/way/1532860616
way,1533733510,Bracklone 110kV Substation,bracklone 110kv substation,53.1531424,-7.1605331,110000;20000;10000,generation,EirGrid,,,https://www.openstreetmap.org/way/1533733510
way,1548688162,Urlingford 38 kV Substation,urlingford 38 kv substation,52.714912,-7.5886374,38000;_________,distribution,ESB Networks,,,https://www.openstreetmap.org/way/1548688162
relation,14272364,Tullamore 38kV Substation,tullamore 38kv substation,53.2774864,-7.4844878,38000;10000,distribution,ESB Networks,,,https://www.openstreetmap.org/relation/14272364
relation,16108850,Cartrontroy 38kV Substation,cartrontroy 38kv substation,53.4223351,-7.9052998,38000,distribution,ESB Networks,,,https://www.openstreetmap.org/relation/16108850
relation,17186059,Bancroft 110kV Substation,bancroft 110kv substation,53.2948465,-6.3505969,110000;10000,industrial,EirGrid,,,https://www.openstreetmap.org/relation/17186059
node,11928627916,,,54.1789584,-8.5532822,,minor_distribution,ESB Networks,,outdoor,https://www.openstreetmap.org/node/11928627916
node,12875413189,,,54.3020901,-8.5172099,,,,,,https://www.openstreetmap.org/node/12875413189
node,13311179179,,,54.3892691,-8.5298686,,,,,,https://www.openstreetmap.org/node/13311179179
node,13569152846,,,54.7629559,-8.4105337,,,,,,https://www.openstreetmap.org/node/13569152846
node,14031472911,Cluanmin na mbo,cluanmin na mbo,54.2248685,-9.0934141,,,,089-473,,https://www.openstreetmap.org/node/14031472911
way,124120112,Sligo 110kV Substation,sligo 110kv substation,54.2412252,-8.4672217,110000;38000,transmission,EirGrid,,,https://www.openstreetmap.org/way/124120112
way,143517808,Killybegs Harbour Substation,killybegs harbour substation,54.6292423,-8.4393223,10000,minor_distribution,ESB Networks,,,https://www.openstreetmap.org/way/143517808
way,150411793,Ballytivnan 38 kV Substation,ballytivnan 38 kv substation,54.2845591,-8.4637939,38000,distribution,ESB Networks,,,https://www.openstreetmap.org/way/150411793
way,177277100,Ballymote 38 kV Substation,ballymote 38 kv substation,54.0881307,-8.5339836,38000,distribution,ESB Networks,,,https://www.openstreetmap.org/way/177277100
way,177569090,Aghagad 38 kV Substation,aghagad 38 kv substation,54.3657688,-8.5142209,38000,distribution,ESB Networks,,,https://www.openstreetmap.org/way/177569090
way,179547915,Tobercurry 38 kV Substation,tobercurry 38 kv substation,54.0476252,-8.7273202,38000;10000,distribution,ESB Networks,,,https://www.openstreetmap.org/way/179547915
way,179714187,Cunghill 110kV Substation,cunghill 110kv substation,54.1111523,-8.6491987,110000;38000,transmission,EirGrid,,,https://www.openstreetmap.org/way/179714187
way,181365675,Glenree 110 kV Substation,glenree 110 kv substation,54.1053454,-8.9893244,110000;38000,transmission,EirGrid,,,https://www.openstreetmap.org/way/181365675
way,183986059,Cliff 110kV Substation,cliff 110kv substation,54.4875201,-8.1042024,110000;10500,generation,EirGrid,,,https://www.openstreetmap.org/way/183986059
way,183986064,Cathleen's Fall 110kV Substation,cathleen s fall 110kv substation,54.4987533,-8.1769822,110000;38000;10500,transmission,EirGrid,,,https://www.openstreetmap.org/way/183986064
way,185050348,Loughderryduff 38kV Substation,loughderryduff 38kv substation,54.8183858,-8.3764101,38000,generation,ESB Networks,,,https://www.openstreetmap.org/way/185050348
way,185101766,Corkermore 38 kV Substation,corkermore 38 kv substation,54.7166761,-8.3537805,38000,generation,ESB Networks,,,https://www.openstreetmap.org/way/185101766
way,185902319,Srananagh 220kV Substation,srananagh 220kv substation,54.1777596,-8.383984,220000;110000,transmission,EirGrid,,,https://www.openstreetmap.org/way/185902319
way,186761446,Collooney 38kV Substation,collooney 38kv substation,54.1824148,-8.4838463,38000,distribution,ESB Networks,,,https://www.openstreetmap.org/way/186761446
way,189376942,Corderry 110kV Substation,corderry 110kv substation,54.1988681,-8.197639,110000,transmission,EirGrid,,,https://www.openstreetmap.org/way/189376942
way,193416842,Binbane 110 kV Substation,binbane 110 kv substation,54.7189369,-8.2634291,110000;38000,transmission,EirGrid,,,https://www.openstreetmap.org/way/193416842
way,200447504,Moy 110 kV Substation,moy 110 kv substation,54.1232614,-9.1879038,110000;38000,transmission,EirGrid,,,https://www.openstreetmap.org/way/200447504
way,201441217,Derrybeg 38kV Substation,derrybeg 38kv substation,55.0631063,-8.2839237,38000,distribution,ESB Networks,,,https://www.openstreetmap.org/way/201441217
way,202980108,Garvagh Glebe 110kV Substation,garvagh glebe 110kv substation,54.1504588,-8.1924874,110000;20000,generation,EirGrid,,,https://www.openstreetmap.org/way/202980108
way,203764190,Oakfield 38 kV Substation,oakfield 38 kv substation,54.262434,-8.4975515,38000,distribution,ESB Networks,,,https://www.openstreetmap.org/way/203764190
way,205659794,Bellacorick 110 kV Substation,bellacorick 110 kv substation,54.1205007,-9.5787377,110000;38000;20000,transmission,EirGrid,,,https://www.openstreetmap.org/way/205659794
way,207484836,,,54.1362869,-8.234573,20000,generation,ESB Networks,,,https://www.openstreetmap.org/way/207484836
way,207597278,_____ __ kV Substation,kv substation,54.0750406,-8.1386549,20000,generation,ESB Networks,,,https://www.openstreetmap.org/way/207597278
way,231938123,Manorhamilton 38 kV Substation,manorhamilton 38 kv substation,54.2930979,-8.1746294,38000,distribution,ESB Networks,,,https://www.openstreetmap.org/way/231938123
way,243032764,Enniscrone 38 kV Substation,enniscrone 38 kv substation,54.2128618,-9.0782294,38000,distribution,ESB Networks,,,https://www.openstreetmap.org/way/243032764
way,243037261,Ardnaree 38kV Substation,ardnaree 38kv substation,54.1118966,-9.1354885,38000,distribution,ESB Networks,,,https://www.openstreetmap.org/way/243037261
way,266466777,Bundoran 38 kV Substation,bundoran 38 kv substation,54.472574,-8.2658924,38000,distribution,ESB Networks,,,https://www.openstreetmap.org/way/266466777
way,278280360,Crossmolina 38 kV Substation,crossmolina 38 kv substation,54.1092685,-9.3247853,38000,distribution,ESB Networks,,,https://www.openstreetmap.org/way/278280360
way,305674736,Kilcar 38 kV Substation,kilcar 38 kv substation,54.6477942,-8.5857948,38000,distribution,ESB Networks,,outdoor,https://www.openstreetmap.org/way/305674736
way,314948907,Killybegs 38 kV Substation,killybegs 38 kv substation,54.6462597,-8.4343436,38000,distribution,ESB Networks,,outdoor,https://www.openstreetmap.org/way/314948907
way,374384337,Gweedore 38kV Substation,gweedore 38kv substation,55.0434104,-8.1951728,38000,distribution,ESB Networks,,,https://www.openstreetmap.org/way/374384337
way,374385356,Cronalaght 38kV Substation,cronalaght 38kv substation,55.0603883,-8.2158824,38000,generation,ESB Networks,,,https://www.openstreetmap.org/way/374385356
way,374795352,Carrowleagh 38 kV Substation,carrowleagh 38 kv substation,54.1331379,-8.9531491,38000,generation,ESB Networks,,,https://www.openstreetmap.org/way/374795352
way,374797509,Rahans 38 kV Substation,rahans 38 kv substation,54.0994927,-9.1572065,38000,industrial,ESB Networks,,,https://www.openstreetmap.org/way/374797509
way,374819486,Arigna 110kV Substation,arigna 110kv substation,54.0945702,-8.0755119,110000;20000,transmission,EirGrid,,,https://www.openstreetmap.org/way/374819486
way,421624847,Clady 38kV Substation,clady 38kv substation,55.0381005,-8.2716929,38000,generation,ESB Networks,,,https://www.openstreetmap.org/way/421624847
way,442131675,,,54.113577,-8.1246792,20000,generation,ESB Networks,,,https://www.openstreetmap.org/way/442131675
way,443647178,,,54.1425043,-8.2681394,20000,generation,ESB Networks,,,https://www.openstreetmap.org/way/443647178
way,445262808,Bangor Erris 38 kV Substation,bangor erris 38 kv substation,54.1461027,-9.7431239,38000,distribution,ESB Networks,,,https://www.openstreetmap.org/way/445262808
way,466886469,Belmullet 38 kV Substation,belmullet 38 kv substation,54.2119389,-9.9634542,38000,distribution,ESB Networks,,,https://www.openstreetmap.org/way/466886469
way,494724285,,,54.3345791,-8.2749762,20000,generation,ESB Networks,,,https://www.openstreetmap.org/way/494724285
way,498351192,,,54.3398003,-8.128763,20000,generation,ESB Networks,,,https://www.openstreetmap.org/way/498351192
way,508567307,Garvagh Glebe 110kV Substation Extension,garvagh glebe 110kv substation extension,54.1507657,-8.1921983,110000;20000,generation,EirGrid,,,https://www.openstreetmap.org/way/508567307
way,519079408,Glenties 38kV Substation,glenties 38kv substation,54.7784359,-8.3171741,38000,distribution,ESB Networks,,,https://www.openstreetmap.org/way/519079408
way,541748134,Finisklin 38kV Substation,finisklin 38kv substation,54.2784482,-8.4955952,38000,distribution,ESB Networks,,,https://www.openstreetmap.org/way/541748134
way,557065532,,,54.2700657,-8.4757065,10000,minor_distribution,ESB Networks,,,https://www.openstreetmap.org/way/557065532
way,566837359,Dunneill 20 kV Substation,dunneill 20 kv substation,54.2063251,-8.8409097,20000,generation,ESB Networks,,,https://www.openstreetmap.org/way/566837359
way,616335906,Tawnaghmore 110kV Substation,tawnaghmore 110kv substation,54.1918026,-9.2178772,110000;38000,transmission,EirGrid,,,https://www.openstreetmap.org/way/616335906
way,626683933,,,54.6576608,-8.4595244,10000,generation,ESB Networks,,,https://www.openstreetmap.org/way/626683933
way,627428621,Donegal 38 kV Substation,donegal 38 kv substation,54.657756,-8.0900911,38000,distribution,ESB Networks,,,https://www.openstreetmap.org/way/627428621
way,627778553,Ballyshannon 38 kV Substation,ballyshannon 38 kv substation,54.496435,-8.1934718,38000;10000,distribution,ESB Networks,,,https://www.openstreetmap.org/way/627778553
way,691406091,Spadden 38kV Substation,spadden 38kv substation,54.5256932,-8.1865984,38000,generation,ESB Networks,,,https://www.openstreetmap.org/way/691406091
way,698799022,Killin Hill 38 kV Substation,killin hill 38 kv substation,54.7046085,-8.2903738,38000,generation,ESB Networks,,,https://www.openstreetmap.org/way/698799022
way,705034071,Tievebrack 110kV Substation,tievebrack 110kv substation,54.8102758,-8.2356174,110000;38000,transmission,EirGrid,,,https://www.openstreetmap.org/way/705034071
way,705295479,Ardnagappary 110kV Substation,ardnagappary 110kv substation,55.0566404,-8.2688178,110000;38000,transmission,EirGrid,,,https://www.openstreetmap.org/way/705295479
way,705639436,Dungloe 38kV Substation,dungloe 38kv substation,54.9504175,-8.3466365,38000,distribution,ESB Networks,,,https://www.openstreetmap.org/way/705639436
way,705845616,Gweedore Wind Farm 38kV Substation,gweedore wind farm 38kv substation,55.0605411,-8.2156344,38000,generation,ESB Networks,,,https://www.openstreetmap.org/way/705845616
way,790605296,Shranakilla 110kV Substation,shranakilla 110kv substation,54.1417702,-9.5449258,110000,generation,EirGrid,,,https://www.openstreetmap.org/way/790605296
way,793289728,,,54.710144,-8.2724742,38000,generation,ESB Networks,,,https://www.openstreetmap.org/way/793289728
way,793289730,Binbane 38 kV Substation,binbane 38 kv substation,54.7191237,-8.2639856,38000,generation,ESB Networks,,,https://www.openstreetmap.org/way/793289730
way,821985755,Callagheen 33 kV Substation,callagheen 33 kv substation,54.4385614,-8.0131887,33000,generation,NIE Networks,,,https://www.openstreetmap.org/way/821985755
way,827689202,Killala 38kV Substation,killala 38kv substation,54.1933402,-9.2215928,38000,generation,ESB Networks,,,https://www.openstreetmap.org/way/827689202
way,975302365,,,54.1407739,-9.5451926,110000,generation,EirGrid,,,https://www.openstreetmap.org/way/975302365
way,999763310,,,54.1073356,-8.1173151,20000,generation,ESB Networks,,,https://www.openstreetmap.org/way/999763310
way,1017304528,Belleek South 33 kV Substation,belleek south 33 kv substation,54.4769665,-8.0868089,33000,distribution,NIE Networks,,,https://www.openstreetmap.org/way/1017304528
way,1036704300,Bunnyconnellan 38 kV Substation,bunnyconnellan 38 kv substation,54.0994273,-8.994708,38000;20000,generation,ESB Networks,,,https://www.openstreetmap.org/way/1036704300
way,1037243881,,,54.0956781,-8.1765731,38000,generation,ESB Networks,,,https://www.openstreetmap.org/way/1037243881
way,1052183157,Cloonkeelaun 38 kV Substation,cloonkeelaun 38 kv substation,54.1588878,-8.955498,38000,generation,ESB Networks,,,https://www.openstreetmap.org/way/1052183157
way,1064612168,,,55.2644941,-8.2281173,10000,minor_distribution,ESB Networks,,,https://www.openstreetmap.org/way/1064612168
way,1078360821,Meenachullalan 38 kV Substation,meenachullalan 38 kv substation,54.6709982,-8.4571915,38000,generation,ESB Networks,,,https://www.openstreetmap.org/way/1078360821
way,1112181268,Drumquin 38 kV Substation,drumquin 38 kv substation,54.1449222,-8.1918137,38000,generation,ESB Networks,,,https://www.openstreetmap.org/way/1112181268
way,1246013054,,,54.0504638,-9.5233923,,minor_distribution,ESB Networks,,,https://www.openstreetmap.org/way/1246013054
way,1379171017,,,54.1936138,-9.8915387,20000,generation,ESB Networks,,,https://www.openstreetmap.org/way/1379171017
way,1533710103,Cranmore 38 kV Substation,cranmore 38 kv substation,54.2681066,-8.4619354,38000;10000,distribution,ESB Networks,,,https://www.openstreetmap.org/way/1533710103
node,571736598,,,54.5954754,-5.931912,11000,minor_distribution,NIE Networks,,indoor,https://www.openstreetmap.org/node/571736598
node,1378081043,Claddoch Power Station,claddoch power,55.5921005,-5.1553566,,distribution,Scottish Hydro,,,https://www.openstreetmap.org/node/1378081043
node,7289656868,,,55.4318887,-5.6161638,,,,,,https://www.openstreetmap.org/node/7289656868
node,11105045046,,,54.3832373,-7.5913961,,generation,NIE Networks,,,https://www.openstreetmap.org/node/11105045046
node,11105045047,Breagho T,breagho,54.380996,-7.5919547,11000,generation,NIE Networks,,,https://www.openstreetmap.org/node/11105045047
node,11145315917,,,54.3752235,-7.5719916,,generation,NIE Networks,,,https://www.openstreetmap.org/node/11145315917
node,12250938957,,,55.1518058,-6.680058,11000,minor_distribution,NIE Networks,,,https://www.openstreetmap.org/node/12250938957
node,12250949039,,,55.1519714,-6.6803196,11000,minor_distribution,NIE Networks,,,https://www.openstreetmap.org/node/12250949039
node,12277251414,,,55.1510131,-6.6805853,11000,minor_distribution,NIE Networks,,,https://www.openstreetmap.org/node/12277251414
node,12424703425,,,55.1482464,-6.6762918,11000,minor_distribution,NIE Networks,,,https://www.openstreetmap.org/node/12424703425
node,12968925285,,,54.220654,-5.9027666,,,,,,https://www.openstreetmap.org/node/12968925285
node,13112925141,,,55.152597,-6.6794414,11000,minor_distribution,NIE Networks,,,https://www.openstreetmap.org/node/13112925141
node,13179140738,,,54.657391,-5.9287008,,,NIE Networks,,,https://www.openstreetmap.org/node/13179140738
node,13180350670,,,54.6561174,-5.9263222,,minor_distribution,NIE Networks,,,https://www.openstreetmap.org/node/13180350670
node,13181296489,,,55.150228,-6.6777572,,,,,,https://www.openstreetmap.org/node/13181296489
node,13188735013,Longwood Road Substation,longwood road substation,54.6549611,-5.9217903,,,NIE Networks,,,https://www.openstreetmap.org/node/13188735013
node,13198289512,,,54.6452754,-5.935398,,,NIE Networks,,,https://www.openstreetmap.org/node/13198289512
node,13198293345,,,54.6521471,-5.9347742,,,NIE Networks,,,https://www.openstreetmap.org/node/13198293345
node,13198377623,SSE Airtricity,sse airtricity,54.5940591,-5.9346938,,,SSE plc,,,https://www.openstreetmap.org/node/13198377623
node,13347574272,,,55.182116,-7.9749464,,,,,,https://www.openstreetmap.org/node/13347574272
node,13353925905,,,55.1060893,-7.9055563,,,,,,https://www.openstreetmap.org/node/13353925905
node,13449766491,Howard Street 11000 V Substation,howard street 11000 v substation,54.5959741,-5.9335341,11000,,,,,https://www.openstreetmap.org/node/13449766491
node,13451579296,Anderson & McAuley BT1 Substation,anderson mcauley bt1 substation,54.5988229,-5.9314339,11000,yes,,,,https://www.openstreetmap.org/node/13451579296
node,14066232173,,,54.9986879,-6.3292947,,,,,,https://www.openstreetmap.org/node/14066232173
way,27720335,Armagh 33 kV Substation,armagh 33 kv substation,54.3298042,-6.6534026,33000;11000,distribution,NIE Networks,,,https://www.openstreetmap.org/way/27720335
way,66493784,Letterkenny 110kV Station,letterkenny 110kv,54.9241287,-7.6977545,110000;38000;10000,transmission,EirGrid,,,https://www.openstreetmap.org/way/66493784
way,113626759,Newry 110kV Substation,newry 110kv substation,54.1790704,-6.3198565,110000,transmission,NIE Networks,,,https://www.openstreetmap.org/way/113626759
way,137050527,Ballycronan More HVDC Static Inverter Plant,ballycronan more hvdc static inverter plant,54.8432016,-5.7704674,275000;250000,converter,Mutual Energy,,,https://www.openstreetmap.org/way/137050527
way,137050528,Ballylumford 275kV Substation,ballylumford 275kv substation,54.8451971,-5.7840555,275000,generation,NIE Networks,,,https://www.openstreetmap.org/way/137050528
way,142185552,Kells 275kV Substation,kells 275kv substation,54.8014668,-6.167332,275000,transmission,NIE Networks,,,https://www.openstreetmap.org/way/142185552
way,143408586,Carradale Substation,carradale substation,55.5902504,-5.5026579,132000,transmission,SP Transmission,,,https://www.openstreetmap.org/way/143408586
way,148266260,Castlereagh 275kV Substation,castlereagh 275kv substation,54.5629404,-5.8784287,275000,transmission,NIE Networks,,,https://www.openstreetmap.org/way/148266260
way,152447080,Ratrussan 110kV Substation,ratrussan 110kv substation,54.0013256,-7.1060697,110000,generation,EirGrid,,,https://www.openstreetmap.org/way/152447080
way,154938114,Connor 33kV Substation,connor 33kv substation,54.8113903,-6.2146794,33000,distribution,NIE Networks,,,https://www.openstreetmap.org/way/154938114
way,157005590,Tildarg 33kV Substation,tildarg 33kv substation,54.7980515,-6.0993609,33000,generation,NIE Networks,,,https://www.openstreetmap.org/way/157005590
way,166764802,Hannahstown 275kV Substation,hannahstown 275kv substation,54.5747551,-6.0273784,275000,transmission,NIE Networks,,,https://www.openstreetmap.org/way/166764802
way,166764804,Larne 110kV Substation,larne 110kv substation,54.847707,-5.8553653,110000,transmission,NIE Networks,,,https://www.openstreetmap.org/way/166764804
way,166764805,Finaghy 110kV Substation,finaghy 110kv substation,54.5699203,-5.9944128,110000,transmission,NIE Networks,,,https://www.openstreetmap.org/way/166764805
way,166764822,Eden 110kV Substation,eden 110kv substation,54.7377509,-5.7827614,110000,transmission,NIE Networks,,,https://www.openstreetmap.org/way/166764822
way,166809454,Lisburn 110kV Substation,lisburn 110kv substation,54.5211635,-6.0904031,110000,transmission,NIE Networks,,,https://www.openstreetmap.org/way/166809454
way,166809457,Rosebank 110kV Substation,rosebank 110kv substation,54.5759299,-5.8678235,110000,transmission,NIE Networks,,,https://www.openstreetmap.org/way/166809457
way,166809462,Rathgael 110kV Substation,rathgael 110kv substation,54.6465345,-5.6724001,110000,transmission,NIE Networks,,,https://www.openstreetmap.org/way/166809462
way,166809466,Ballynahinch Main 110 kV Substation,ballynahinch main 110 kv substation,54.3907852,-5.8782828,110000,transmission,NIE Networks,10000864,,https://www.openstreetmap.org/way/166809466
way,166809471,Carnmoney 110kV Substation,carnmoney 110kv substation,54.6869153,-5.9538319,110000,transmission,NIE Networks,,,https://www.openstreetmap.org/way/166809471
way,183071317,Killeshandra 38 kV Substation,killeshandra 38 kv substation,54.0161404,-7.5361918,38000,distribution,ESB Networks,,,https://www.openstreetmap.org/way/183071317
way,183084855,Golagh 110kV Substation,golagh 110kv substation,54.6871253,-7.9351078,110000;38000,generation,EirGrid,,,https://www.openstreetmap.org/way/183084855
way,183549487,Drumkeen 110kV Substation,drumkeen 110kv substation,54.8631648,-7.7722302,110000,transmission,EirGrid,,,https://www.openstreetmap.org/way/183549487
way,183549490,Meentycat 110kV Substation,meentycat 110kv substation,54.8676656,-7.842446,110000,generation,EirGrid,,,https://www.openstreetmap.org/way/183549490
way,193197077,Loguestown 110kV Substation,loguestown 110kv substation,55.1478388,-6.6561595,110000,transmission,NIE Networks,,,https://www.openstreetmap.org/way/193197077
way,194791260,,,54.3639258,-7.641167,110000,transition,NIE Networks,,,https://www.openstreetmap.org/way/194791260
way,194793393,Enniskillen 110kV Substation,enniskillen 110kv substation,54.3671413,-7.6326094,110000,transmission,NIE Networks,,,https://www.openstreetmap.org/way/194793393
way,194825184,Omagh 110kV Substation,omagh 110kv substation,54.5779193,-7.2810517,110000,transmission,NIE Networks,,,https://www.openstreetmap.org/way/194825184
way,198834347,Corraclassy 110kV Substation,corraclassy 110kv substation,54.1527414,-7.7446161,110000,transmission,EirGrid,,,https://www.openstreetmap.org/way/198834347
way,199125367,Gortawee 110kV Station,gortawee 110kv,54.1291946,-7.5811846,110000;38000,industrial,EirGrid,,,https://www.openstreetmap.org/way/199125367
way,201187917,Crockahenny 38kV Substation,crockahenny 38kv substation,55.1434905,-7.2823828,38000,generation,ESB Networks,,,https://www.openstreetmap.org/way/201187917
way,201187920,Sorne Hill 110kV Substation,sorne hill 110kv substation,55.1313547,-7.3684232,110000;20000,generation,EirGrid,,,https://www.openstreetmap.org/way/201187920
way,201188312,Drumlough Hill (1) 38 kV Substation,drumlough hill 1 38 kv substation,55.1991362,-7.4436583,38000,generation,ESB Networks,,,https://www.openstreetmap.org/way/201188312
way,201298435,Trillick 110kV Substation,trillick 110kv substation,55.1127756,-7.4186417,110000;38000,transmission,EirGrid,,,https://www.openstreetmap.org/way/201298435
way,202169641,Drumlough Hill (2) 38 kV Substation,drumlough hill 2 38 kv substation,55.198278,-7.4406621,38000,generation,ESB Networks,,,https://www.openstreetmap.org/way/202169641
way,206094886,,,54.5183396,-7.7270381,11000,minor_distribution,NIE Networks,,underground,https://www.openstreetmap.org/way/206094886
way,208994526,Creeslough 38kV Substation,creeslough 38kv substation,55.1243259,-7.9137075,38000,distribution,ESB Networks,,,https://www.openstreetmap.org/way/208994526
way,209520082,Gortlee 38 kV Substation,gortlee 38 kv substation,54.9669379,-7.7204694,38000,distribution,ESB Networks,,,https://www.openstreetmap.org/way/209520082
way,212197587,,,55.596362,-5.3793828,33000,distribution,,,,https://www.openstreetmap.org/way/212197587
way,220472977,Slieve Kirk 110 kV Substation,slieve kirk 110 kv substation,54.9176481,-7.2636039,110000,generation,NIE Networks,,,https://www.openstreetmap.org/way/220472977
way,223679287,North Foreshore 33 kV Substation,north foreshore 33 kv substation,54.6257619,-5.8968997,33000,distribution,NIE Networks,,,https://www.openstreetmap.org/way/223679287
way,227767019,Tandragee 275kV Substation,tandragee 275kv substation,54.3700948,-6.425216,275000,transmission,NIE Networks,,,https://www.openstreetmap.org/way/227767019
way,227767022,Tamnamore 275kV Substation,tamnamore 275kv substation,54.5119455,-6.6816791,275000,transmission,NIE Networks,,,https://www.openstreetmap.org/way/227767022
way,230134599,Magherafelt 275 kV Substation,magherafelt 275 kv substation,54.73025,-6.6158563,275000,transmission,NIE Networks,,,https://www.openstreetmap.org/way/230134599
way,231161975,Waringstown 110kV Substation,waringstown 110kv substation,54.450423,-6.3078693,110000,transmission,NIE Networks,,,https://www.openstreetmap.org/way/231161975
way,231644035,Ramparts 38kV Substation,ramparts 38kv substation,54.0023996,-6.3962359,38000;10000,distribution,ESB Networks,,,https://www.openstreetmap.org/way/231644035
way,237114817,Drumlyon 33kV Substation,drumlyon 33kv substation,54.3494044,-7.6629817,33000,distribution,NIE Networks,,,https://www.openstreetmap.org/way/237114817
way,241661149,Cark 38 kV Substation,cark 38 kv substation,54.8810366,-7.8843328,38000,generation,ESB Networks,,,https://www.openstreetmap.org/way/241661149
way,241672868,Culliagh 38 kV Substation,culliagh 38 kv substation,54.8731183,-7.8939415,38000,generation,ESB Networks,,,https://www.openstreetmap.org/way/241672868
way,242650089,Barnalackan 33kV Substation,barnalackan 33kv substation,54.5164306,-7.6683902,33000,distribution,NIE Networks,,,https://www.openstreetmap.org/way/242650089
way,243396819,Buncrana 38 kV Substation,buncrana 38 kv substation,55.1304058,-7.4415544,38000,distribution,ESB Networks,,,https://www.openstreetmap.org/way/243396819
way,243396821,,,55.1328076,-7.3916185,20000,generation,ESB Networks,,,https://www.openstreetmap.org/way/243396821
way,246804766,Antrim 110kV Substation,antrim 110kv substation,54.7277414,-6.2208116,110000,transmission,NIE Networks,,,https://www.openstreetmap.org/way/246804766
way,259105170,Drumnakelly 110kV Substation,drumnakelly 110kv substation,54.4018719,-6.4546218,110000,transmission,NIE Networks,,,https://www.openstreetmap.org/way/259105170
way,266244304,Dundalk 110kV Substation,dundalk 110kv substation,54.0053368,-6.4237884,110000;38000;10000,transmission,EirGrid,,,https://www.openstreetmap.org/way/266244304
way,267172950,Lisdrum 110 kV Substation,lisdrum 110 kv substation,54.2447228,-6.9102424,110000;38000;20000,transmission,EirGrid,,,https://www.openstreetmap.org/way/267172950
way,286261189,Killymallaght 110 kV Substation,killymallaght 110 kv substation,54.9347383,-7.3387081,110000,transmission,NIE Networks,,,https://www.openstreetmap.org/way/286261189
way,286564636,Magherakeel 110kV Substation,magherakeel 110kv substation,54.6538743,-7.7313502,110000;33000,generation,NIE Networks,,,https://www.openstreetmap.org/way/286564636
way,288658349,Moville 38 kV Substation,moville 38 kv substation,55.1949918,-7.0471281,38000,distribution,ESB Networks,,,https://www.openstreetmap.org/way/288658349
way,326986563,Cavan 38 kV Substation,cavan 38 kv substation,54.0013433,-7.3527991,38000,distribution,ESB Networks,,,https://www.openstreetmap.org/way/326986563
way,328043635,Ballykelly 33kV Substation,ballykelly 33kv substation,55.0413973,-7.0219073,33000,distribution,NIE Networks,,,https://www.openstreetmap.org/way/328043635
way,335771580,Banbridge 110kV Substation,banbridge 110kv substation,54.3439696,-6.2458547,110000,transmission,NIE Networks,,,https://www.openstreetmap.org/way/335771580
way,339008021,Kilroot 275kV Substation,kilroot 275kv substation,54.727135,-5.7679308,275000,generation,NIE Networks,,,https://www.openstreetmap.org/way/339008021
way,342806254,Newry Substation,newry substation,54.1829947,-6.324689,33000,distribution,NIE Networks,,,https://www.openstreetmap.org/way/342806254
way,352796957,Carndonagh 38 kV Substation,carndonagh 38 kv substation,55.2434889,-7.2762826,38000,distribution,ESB Networks,,,https://www.openstreetmap.org/way/352796957
way,354387740,Sprucefield 33 kV Substation,sprucefield 33 kv substation,54.494288,-6.0541609,33000;11000,distribution,NIE Networks,,,https://www.openstreetmap.org/way/354387740
way,354809789,Bushmills 33 kV Substation,bushmills 33 kv substation,55.2012986,-6.5302698,33000,distribution,NIE Networks,,,https://www.openstreetmap.org/way/354809789
way,355533995,Tullynamalra 38kV Substation,tullynamalra 38kv substation,54.0579995,-6.8156872,38000,distribution,ESB Networks,,,https://www.openstreetmap.org/way/355533995
way,360499541,,,55.4555049,-5.6647177,,,,,,https://www.openstreetmap.org/way/360499541
way,363621019,Ardstraw 33kV Substation,ardstraw 33kv substation,54.7300606,-7.4522405,33000,distribution,NIE Networks,,,https://www.openstreetmap.org/way/363621019
way,366946550,Ballymena 110 kV Substation,ballymena 110 kv substation,54.8512107,-6.2853537,110000,transmission,NIE Networks,,,https://www.openstreetmap.org/way/366946550
way,371970685,Invercloy,invercloy,55.5768142,-5.150385,11000,,Scottish Hydro,,indoor,https://www.openstreetmap.org/way/371970685
way,374848631,Strabane 110kV Substation,strabane 110kv substation,54.8524826,-7.4307015,110000,transmission,NIE Networks,,,https://www.openstreetmap.org/way/374848631
way,374858231,Limavady 110 kV Substation,limavady 110 kv substation,55.0242354,-6.9158482,110000,transmission,NIE Networks,,,https://www.openstreetmap.org/way/374858231
way,374863965,Coleraine 110kV Substation,coleraine 110kv substation,55.1094142,-6.6873926,110000;33000;11000,transmission,NIE Networks,,outdoor,https://www.openstreetmap.org/way/374863965
way,374873312,Lisaghmore 110kV Substation,lisaghmore 110kv substation,54.9806374,-7.3049906,110000,transmission,NIE Networks,,,https://www.openstreetmap.org/way/374873312
way,375066696,Ballyvallagh 110 kV Substation,ballyvallagh 110 kv substation,54.7841741,-5.8612268,110000,transmission,NIE Networks,,,https://www.openstreetmap.org/way/375066696
way,375457082,Ballylumford 110kV Substation,ballylumford 110kv substation,54.8423899,-5.7822124,110000,generation,NIE Networks,,,https://www.openstreetmap.org/way/375457082
way,377711903,Dungannon 110 kV Substation,dungannon 110 kv substation,54.5330816,-6.7496081,110000,transmission,NIE Networks,,,https://www.openstreetmap.org/way/377711903
way,395553863,Carrickfergus West 33 kV Substation,carrickfergus west 33 kv substation,54.7128063,-5.8453947,33000,distribution,NIE Networks,,,https://www.openstreetmap.org/way/395553863
way,399033367,Antrim 33kV Substation,antrim 33kv substation,54.7156266,-6.208857,33000,distribution,NIE Networks,,,https://www.openstreetmap.org/way/399033367
way,402783212,Coolkeeragh 275 kV Substation,coolkeeragh 275 kv substation,55.0424072,-7.2472407,275000,generation,NIE Networks,,,https://www.openstreetmap.org/way/402783212
way,425085493,,,54.6435987,-5.9212622,,,NIE Networks,,,https://www.openstreetmap.org/way/425085493
way,429456205,Donegall 110kV Substation,donegall 110kv substation,54.5909011,-5.9540897,110000,transmission,NIE Networks,,,https://www.openstreetmap.org/way/429456205
way,437168563,Lisburn 33 kV Substation,lisburn 33 kv substation,54.5110107,-6.0347905,33000,distribution,NIE Networks,,,https://www.openstreetmap.org/way/437168563
way,437302835,Donnybrewer 33kV Substation,donnybrewer 33kv substation,55.0362332,-7.2018487,33000,distribution,NIE Networks,,,https://www.openstreetmap.org/way/437302835
way,437302838,Campsie Central 33kV Substation,campsie central 33kv substation,55.0369154,-7.2084817,33000,distribution,NIE Networks,,,https://www.openstreetmap.org/way/437302838
way,439600917,Portstewart 33 kV Substation,portstewart 33 kv substation,55.1780835,-6.6851451,33000,distribution,NIE Networks,,,https://www.openstreetmap.org/way/439600917
way,439612273,Springtown 110kV Substation,springtown 110kv substation,55.0198941,-7.3333798,110000,transmission,NIE Networks,,,https://www.openstreetmap.org/way/439612273
way,439617619,Slieve Kirk 110kV Substation,slieve kirk 110kv substation,54.9275242,-7.3040036,110000,generation,NIE Networks,,,https://www.openstreetmap.org/way/439617619
way,439775806,Kilroot 33 kV Substation,kilroot 33 kv substation,54.7284115,-5.7647658,33000,distribution,NIE Networks,,,https://www.openstreetmap.org/way/439775806
way,439785232,,,54.7260273,-5.7645916,,generation,NIE Networks,,,https://www.openstreetmap.org/way/439785232
way,439785233,,,54.7279954,-5.7656105,,generation,NIE Networks,,,https://www.openstreetmap.org/way/439785233
way,440022891,Carnlough 33kV Substation,carnlough 33kv substation,54.9795766,-5.9953114,33000,distribution,NIE Networks,,,https://www.openstreetmap.org/way/440022891
way,440036015,Larne 33kV Substation,larne 33kv substation,54.8461361,-5.8293179,33000,distribution,NIE Networks,,,https://www.openstreetmap.org/way/440036015
way,440076493,Glenconway 110 kV Substation,glenconway 110 kv substation,54.9696257,-7.0211547,110000,generation,NIE Networks,,,https://www.openstreetmap.org/way/440076493
way,441139067,Ballymacarry 38 kV Substation,ballymacarry 38 kv substation,55.1237389,-7.450839,38000,distribution,ESB Networks,,,https://www.openstreetmap.org/way/441139067
way,441986306,Newtownhamilton 33kV Substation,newtownhamilton 33kv substation,54.1907564,-6.565546,33000,distribution,NIE Networks,,,https://www.openstreetmap.org/way/441986306
way,443621805,Gruig 33 kV Substation,gruig 33 kv substation,55.0263195,-6.2440717,33000,generation,NIE Networks,,,https://www.openstreetmap.org/way/443621805
way,443623487,Tonymore 33kV Substation,tonymore 33kv substation,54.1568831,-7.6188388,33000,generation,NIE Networks,,,https://www.openstreetmap.org/way/443623487
way,443628721,Ballyrenan 33kV Substation,ballyrenan 33kv substation,54.6828982,-7.4028967,33000,generation,NIE Networks,,,https://www.openstreetmap.org/way/443628721
way,443636717,Crockagarran 33 kV Substation,crockagarran 33 kv substation,54.5534897,-7.0224933,33000,generation,NIE Networks,,,https://www.openstreetmap.org/way/443636717
way,443771451,________ 33kV Substation,33kv substation,54.6343725,-7.6126742,33000,generation,NIE Networks,,,https://www.openstreetmap.org/way/443771451
way,444183605,Cregagh 110kV Substation,cregagh 110kv substation,54.5825064,-5.8958778,110000,transmission,NIE Networks,,,https://www.openstreetmap.org/way/444183605
way,444668570,Ballyclare 33kV Substation,ballyclare 33kv substation,54.7616542,-6.0103775,33000,distribution,NIE Networks,,,https://www.openstreetmap.org/way/444668570
way,445416004,Clones 38 kV Substation,clones 38 kv substation,54.1787207,-7.2222418,38000,distribution,ESB Networks,,,https://www.openstreetmap.org/way/445416004
way,453430619,Ballynamony 33kV Substation,ballynamony 33kv substation,54.4638025,-6.3596122,33000,distribution,NIE Networks,,,https://www.openstreetmap.org/way/453430619
way,454659297,Cootehill 38kV Substation,cootehill 38kv substation,54.069291,-7.0790826,38000,distribution,ESB Networks,,,https://www.openstreetmap.org/way/454659297
way,456683217,Fortwilliam 33 kV Substation,fortwilliam 33 kv substation,54.6264641,-5.9404157,33000,distribution,NIE Networks,,,https://www.openstreetmap.org/way/456683217
way,458247282,NIE Substation,nie substation,54.6082482,-5.9374974,,,NIE Networks,,,https://www.openstreetmap.org/way/458247282
way,458781822,Rossgeir 38 kV Substation,rossgeir 38 kv substation,54.8561228,-7.5035133,38000,distribution,ESB Networks,,,https://www.openstreetmap.org/way/458781822
way,459918730,Ballymoney West 33 kV Substation,ballymoney west 33 kv substation,55.0636406,-6.5388083,33000,distribution,NIE Networks,,,https://www.openstreetmap.org/way/459918730
way,460132004,Brookhill Central 33kV Substation,brookhill central 33kv substation,54.5307806,-6.1568752,33000,distribution,NIE Networks,,,https://www.openstreetmap.org/way/460132004
way,460132015,Mullaghglass 33kV Substation,mullaghglass 33kv substation,54.5617773,-6.058601,33000,distribution,NIE Networks,,,https://www.openstreetmap.org/way/460132015
way,471346485,Moscow Road 33kV Substation,moscow road 33kv substation,54.6226718,-5.8738205,33000,distribution,NIE Networks,,,https://www.openstreetmap.org/way/471346485
way,474923390,Dunmurry West 33 kV Substation,dunmurry west 33 kv substation,54.5583005,-6.0173485,33000,distribution,NIE Networks,,,https://www.openstreetmap.org/way/474923390
way,477212985,Randalstown Central 33/11 kV Substation,randalstown central 33 11 kv substation,54.7527992,-6.3172344,33000;11000,distribution,NIE Networks,,,https://www.openstreetmap.org/way/477212985
way,477217601,Creagh 110kV Substation,creagh 110kv substation,54.7612165,-6.4927469,110000,transmission,NIE Networks,,,https://www.openstreetmap.org/way/477217601
way,477221983,Airport Road 33 kV Substation,airport road 33 kv substation,54.6038767,-5.8984552,33000,distribution,NIE Networks,,,https://www.openstreetmap.org/way/477221983
way,477221992,33kV Substation,33kv substation,54.6115949,-5.8843964,33000,distribution,NIE Networks,,,https://www.openstreetmap.org/way/477221992
way,477222002,Queens Road 33kV Substation,queens road 33kv substation,54.6095449,-5.9053063,33000,distribution,NIE Networks,,,https://www.openstreetmap.org/way/477222002
way,477222700,King Street 33 kV Substation,king street 33 kv substation,54.5985066,-5.9355834,33000,distribution,NIE Networks,,,https://www.openstreetmap.org/way/477222700
way,477224628,Dargan Road 33 kV Substation,dargan road 33 kv substation,54.6312911,-5.9105729,33000,distribution,NIE Networks,,,https://www.openstreetmap.org/way/477224628
way,477224629,,,54.6312252,-5.9105068,,,NIE Networks,,,https://www.openstreetmap.org/way/477224629
way,477224642,Skegoneill Street 33 kV Substation,skegoneill street 33 kv substation,54.6220291,-5.9212082,33000,distribution,NIE Networks,,,https://www.openstreetmap.org/way/477224642
way,477224922,North Main 110 kV Substation,north main 110 kv substation,54.6110659,-5.9193019,110000,transmission,NIE Networks,,,https://www.openstreetmap.org/way/477224922
way,477228662,Carrs Glen 33kV Substation,carrs glen 33kv substation,54.62853,-5.9686994,33000,distribution,NIE Networks,,,https://www.openstreetmap.org/way/477228662
way,477229833,Talbot Street 33kV Substation,talbot street 33kv substation,54.6029161,-5.9263809,33000,distribution,NIE Networks,,,https://www.openstreetmap.org/way/477229833
way,477255058,Bog Meadows 33 kV Substation,bog meadows 33 kv substation,54.5747358,-5.9662654,33000,distribution,NIE Networks,,,https://www.openstreetmap.org/way/477255058
way,479122201,Cushendall 33 kV Substation,cushendall 33 kv substation,55.0709012,-6.0573671,33000,distribution,NIE Networks,,,https://www.openstreetmap.org/way/479122201
way,479138625,Fivemiletown 33kV Substation,fivemiletown 33kv substation,54.3789876,-7.3158658,33000,distribution,NIE Networks,,,https://www.openstreetmap.org/way/479138625
way,479806003,,,54.5439436,-6.0462241,11000,minor_distribution,NIE Networks,,,https://www.openstreetmap.org/way/479806003
way,484481827,Ballygawley South 33 kV Substation,ballygawley south 33 kv substation,54.4595985,-7.040549,33000,distribution,NIE Networks,,,https://www.openstreetmap.org/way/484481827
way,484966917,Ballykeeran 38 kV Substation,ballykeeran 38 kv substation,55.0171338,-7.7389041,38000,distribution,ESB Networks,,,https://www.openstreetmap.org/way/484966917
way,485027264,Rasharkin 110kV Substation,rasharkin 110kv substation,54.9652587,-6.4957258,110000,generation,NIE Networks,,,https://www.openstreetmap.org/way/485027264
way,485044082,Kilrea Central 33 kV Substation,kilrea central 33 kv substation,54.9622462,-6.5155023,33000,distribution,NIE Networks,,,https://www.openstreetmap.org/way/485044082
way,486904411,Tossy 38 kV Substation,tossy 38 kv substation,54.0878749,-6.8370304,38000,generation,ESB Networks,,,https://www.openstreetmap.org/way/486904411
way,489568107,Ballyconnell 38 kV Substation,ballyconnell 38 kv substation,54.1125574,-7.5896266,38000,distribution,ESB Networks,,,https://www.openstreetmap.org/way/489568107
way,494785976,Aghyoule 110kV Substation,aghyoule 110kv substation,54.1627134,-7.5851248,110000,transmission,NIE Networks,,,https://www.openstreetmap.org/way/494785976
way,501105171,Mallusk 33kV Substation,mallusk 33kv substation,54.67432,-5.9855778,33000,distribution,NIE Networks,,,https://www.openstreetmap.org/way/501105171
way,505982390,Castleblayney 38 kV Substation,castleblayney 38 kv substation,54.1201116,-6.7559718,38000,distribution,ESB Networks,,,https://www.openstreetmap.org/way/505982390
way,506190829,Ballybay 38 kV Substation,ballybay 38 kv substation,54.1207449,-6.9073475,38000,distribution,ESB Networks,,,https://www.openstreetmap.org/way/506190829
way,508511853,Cullion 38 kV Substation,cullion 38 kv substation,54.9336785,-7.7097632,38000,distribution,ESB Networks,,,https://www.openstreetmap.org/way/508511853
way,508543526,,,54.8491421,-7.821606,10000,generation,ESB Networks,,,https://www.openstreetmap.org/way/508543526
way,508543527,Meenagrauv 10 kV Substation,meenagrauv 10 kv substation,54.8454257,-7.8149296,10000,generation,ESB Networks,,,https://www.openstreetmap.org/way/508543527
way,510671365,Sion Mills 33kV Substation,sion mills 33kv substation,54.7855826,-7.4647894,33000,distribution,NIE Networks,,,https://www.openstreetmap.org/way/510671365
way,512404331,Drumbear 38 kV Substation,drumbear 38 kv substation,54.2311774,-6.9690818,38000,distribution,ESB Networks,,,https://www.openstreetmap.org/way/512404331
way,512560777,Telaydon 38 kV Substation,telaydon 38 kv substation,54.2582617,-6.9806982,38000,distribution,ESB Networks,,,https://www.openstreetmap.org/way/512560777
way,512628410,Emyvale 38 kV Substation,emyvale 38 kv substation,54.3457917,-7.0299347,38000,distribution,ESB Networks,,,https://www.openstreetmap.org/way/512628410
way,513440122,,,55.1405849,-7.2727596,20000,generation,ESB Networks,,,https://www.openstreetmap.org/way/513440122
way,518698598,Errigal 38 kV Substation,errigal 38 kv substation,54.066731,-7.0956671,38000,distribution,ESB Networks,,,https://www.openstreetmap.org/way/518698598
way,519085250,Ballyraine 38 kV Substation,ballyraine 38 kv substation,54.9566382,-7.7143531,38000,distribution,ESB Networks,,,https://www.openstreetmap.org/way/519085250
way,519088558,Convoy 38 kV Substation,convoy 38 kv substation,54.8645525,-7.6665511,38000,distribution,ESB Networks,,,https://www.openstreetmap.org/way/519088558
way,534977981,Milford (North) 38 kV Substation,milford north 38 kv substation,55.0821785,-7.6884036,38000,distribution,ESB Networks,,,https://www.openstreetmap.org/way/534977981
way,537205582,Killylea West 33kV Substation,killylea west 33kv substation,54.3433594,-6.7965455,33000,distribution,NIE Networks,,,https://www.openstreetmap.org/way/537205582
way,547588242,Mulreavy 110kV Substation,mulreavy 110kv substation,54.6644867,-7.9692346,110000;33000,transmission,EirGrid,,,https://www.openstreetmap.org/way/547588242
way,561324340,Killinchy 33kV Substation,killinchy 33kv substation,54.4728226,-5.687421,33000,distribution,NIE Networks,,,https://www.openstreetmap.org/way/561324340
way,561536812,,,55.4272234,-5.6126502,33000;11000,distribution,SSE Energy  (formerly Scottish and Southern Energy plc),,,https://www.openstreetmap.org/way/561536812
way,561640394,,,55.5959091,-5.4715673,,distribution,,,,https://www.openstreetmap.org/way/561640394
way,564070508,Carryduff 33kV Substation,carryduff 33kv substation,54.5146606,-5.8832342,33000,distribution,NIE Networks,,,https://www.openstreetmap.org/way/564070508
way,566132737,Donaghadee 33 kV Substation,donaghadee 33 kv substation,54.6496308,-5.5640109,33000,distribution,NIE Networks,,,https://www.openstreetmap.org/way/566132737
way,569374393,,,54.5150761,-6.0253627,,,,,,https://www.openstreetmap.org/way/569374393
way,598946275,Roslea Primary Substation,roslea primary substation,54.2322281,-7.3151638,33000,distribution,NIE Networks,,,https://www.openstreetmap.org/way/598946275
way,601723395,Ballymacash 33 kV Substation,ballymacash 33 kv substation,54.5242367,-6.0724871,33000,distribution,NIE Networks,,,https://www.openstreetmap.org/way/601723395
way,609676590,Knockmore Hill 33kV Substation,knockmore hill 33kv substation,54.508029,-6.0899402,33000,distribution,NIE Networks,,,https://www.openstreetmap.org/way/609676590
way,619342451,Falls 33kV Substation,falls 33kv substation,54.5834625,-5.9855697,33000,distribution,NIE Networks,,,https://www.openstreetmap.org/way/619342451
way,632249714,,,54.5621221,-5.8860117,,minor_distribution,NIE Networks,,,https://www.openstreetmap.org/way/632249714
way,632411952,Jenkinstown38kV Substation,jenkinstown38kv substation,54.017343,-6.2986071,38000,distribution,ESB Networks,,,https://www.openstreetmap.org/way/632411952
way,632440241,Grange 38kV Substation,grange 38kv substation,54.0082736,-6.184252,38000,distribution,ESB Networks,,,https://www.openstreetmap.org/way/632440241
way,648742154,Rigged Hill 33kV Substation,rigged hill 33kv substation,55.0270299,-6.8207172,33000,generation,NIE Networks,,,https://www.openstreetmap.org/way/648742154
way,651489320,Rostrevor 33kV Substation,rostrevor 33kv substation,54.0956988,-6.1895336,33000,distribution,NIE Networks,,,https://www.openstreetmap.org/way/651489320
way,667316158,,,54.7506879,-6.5975894,,,,,,https://www.openstreetmap.org/way/667316158
way,676534922,Crighshane 33kV Substation,crighshane 33kv substation,54.6475882,-7.7947161,33000,generation,NIE Networks,,,https://www.openstreetmap.org/way/676534922
way,681491900,Silverbridge 33kV Substation,silverbridge 33kv substation,54.0991189,-6.5368451,33000,distribution,NIE Networks,,,https://www.openstreetmap.org/way/681491900
way,681652388,Dungiven 33kV Substation,dungiven 33kv substation,54.9393763,-6.9095624,33000,distribution,NIE Networks,,,https://www.openstreetmap.org/way/681652388
way,685222120,Brockaghboy 110kV Substation,brockaghboy 110kv substation,54.9371278,-6.7382085,110000,generation,NIE Networks,,,https://www.openstreetmap.org/way/685222120
way,685223708,Crockandun Substation,crockandun substation,54.7411952,-6.7821741,33000,generation,NIE Networks,,,https://www.openstreetmap.org/way/685223708
way,692196934,Derrylin 33kV Substation,derrylin 33kv substation,54.1826796,-7.5601215,33000,distribution,NIE Networks,,,https://www.openstreetmap.org/way/692196934
way,692592353,Claudy Central 33kV Substation,claudy central 33kv substation,54.9169848,-7.1846087,33000,distribution,NIE Networks,,,https://www.openstreetmap.org/way/692592353
way,697853336,33kV Substation,33kv substation,55.0697482,-6.9421869,33000,distribution,NIE Networks,,,https://www.openstreetmap.org/way/697853336
way,697859652,33kV Substation,33kv substation,55.0742605,-6.9438471,33000,distribution,NIE Networks,,,https://www.openstreetmap.org/way/697859652
way,705880940,Clogher 110kV Substation,clogher 110kv substation,54.6870462,-7.9951038,110000,transmission,EirGrid,,,https://www.openstreetmap.org/way/705880940
way,705888073,,,55.0794316,-7.9847771,38000,switching,ESB Networks,,,https://www.openstreetmap.org/way/705888073
way,706118824,Stranrolar 38 kV Substation,stranrolar 38 kv substation,54.8046977,-7.7552649,38000,distribution,ESB Networks,,,https://www.openstreetmap.org/way/706118824
way,706299522,Drumlough Hill (3) 38 kV Substation,drumlough hill 3 38 kv substation,55.1986047,-7.4414732,38000,generation,ESB Networks,,,https://www.openstreetmap.org/way/706299522
way,706307585,Church Hill 33kV Substation,church hill 33kv substation,54.6506136,-7.7112069,33000,generation,NIE Networks,,,https://www.openstreetmap.org/way/706307585
way,706307594,Seegronan 33 kV Substation,seegronan 33 kv substation,54.6518424,-7.6968216,33000,generation,NIE Networks,,,https://www.openstreetmap.org/way/706307594
way,706481334,33kV Substation,33kv substation,54.6813104,-6.2444993,33000,distribution,NIE Networks,,,https://www.openstreetmap.org/way/706481334
way,708802578,Cloghy Central 33 kV Substation,cloghy central 33 kv substation,54.4251515,-5.5067116,33000,distribution,NIE Networks,,,https://www.openstreetmap.org/way/708802578
way,708802583,Carrowdore Central 33 kV Substation,carrowdore central 33 kv substation,54.5711832,-5.5622856,33000;11000,distribution,NIE Networks,,,https://www.openstreetmap.org/way/708802583
way,721044855,Knock 110kV Substation,knock 110kv substation,54.5941754,-5.8560999,110000,transmission,NIE Networks,,,https://www.openstreetmap.org/way/721044855
way,728998413,Draperstown 33 kV Substation,draperstown 33 kv substation,54.7950803,-6.7725593,33000,distribution,NIE Networks,,,https://www.openstreetmap.org/way/728998413
way,732212455,,,54.8808873,-6.7261176,11000,generation,NIE Networks,,,https://www.openstreetmap.org/way/732212455
way,735032329,,,55.0312914,-6.2633174,33000,generation,NIE Networks,,,https://www.openstreetmap.org/way/735032329
way,744501965,Tremoge 110kV Substation,tremoge 110kv substation,54.6066688,-6.9674608,110000,generation,NIE Networks,,,https://www.openstreetmap.org/way/744501965
way,744507629,Gortfinbar 33 kV Substation,gortfinbar 33 kv substation,54.5484526,-7.026675,33000,generation,NIE Networks,,,https://www.openstreetmap.org/way/744507629
way,744785362,Tullygoonigan 33kV Substation,tullygoonigan 33kv substation,54.3904127,-6.6667531,33000,distribution,NIE Networks,,,https://www.openstreetmap.org/way/744785362
way,744795499,Armagh North 33kV Substation,armagh north 33kv substation,54.3601221,-6.6527532,33000,distribution,NIE Networks,,,https://www.openstreetmap.org/way/744795499
way,744963352,Keady 33kV Substation,keady 33kv substation,54.2461066,-6.7100485,33000,distribution,NIE Networks,,,https://www.openstreetmap.org/way/744963352
way,744970683,Poyntzpass 33kV Substation,poyntzpass 33kv substation,54.2910623,-6.3747161,33000,distribution,NIE Networks,,,https://www.openstreetmap.org/way/744970683
way,744980109,Markethill 33kV Substation,markethill 33kv substation,54.2886316,-6.5142167,33000,distribution,NIE Networks,,,https://www.openstreetmap.org/way/744980109
way,745053767,Richhill Central 33kV Substation,richhill central 33kv substation,54.385125,-6.5392493,33000,distribution,NIE Networks,,,https://www.openstreetmap.org/way/745053767
way,745500456,33kV Substation,33kv substation,55.0044286,-6.4444647,33000,generation,NIE Networks,,,https://www.openstreetmap.org/way/745500456
way,761264596,Dundonald East 33 kV Substation,dundonald east 33 kv substation,54.5961896,-5.7862764,33000,distribution,NIE Networks,,,https://www.openstreetmap.org/way/761264596
way,764431088,Substation,substation,54.5183905,-5.8985268,11000,minor_distribution,NIE Networks,,,https://www.openstreetmap.org/way/764431088
way,778572669,33kV Substation,33kv substation,54.4091507,-6.455329,33000,distribution,NIE Networks,,,https://www.openstreetmap.org/way/778572669
way,781119067,,,55.428342,-5.6134754,,minor_distribution,,,,https://www.openstreetmap.org/way/781119067
way,784799125,,,55.428891,-5.6070079,,minor_distribution,,,,https://www.openstreetmap.org/way/784799125
way,786198917,,,55.424825,-5.6051102,,minor_distribution,Scottish and Southern Electricity Networks,,,https://www.openstreetmap.org/way/786198917
way,786533567,,,55.4262523,-5.6048531,,minor_distribution,Scottish and Southern Electricity Networks,,,https://www.openstreetmap.org/way/786533567
way,787152068,,,55.4238045,-5.6092789,,distribution,Scottish and Southern Electricity Networks,,,https://www.openstreetmap.org/way/787152068
way,787873470,,,55.4288413,-5.598947,,minor_distribution,Scottish and Southern Electricity Networks,,,https://www.openstreetmap.org/way/787873470
way,793034691,Killyman Central 33 kV substation,killyman central 33 kv substation,54.4752345,-6.7357051,33000,distribution,NIE Networks,,,https://www.openstreetmap.org/way/793034691
way,793069415,Glenconway 33 kV Substation,glenconway 33 kv substation,54.9800538,-7.0320843,33000,generation,NIE Networks,,,https://www.openstreetmap.org/way/793069415
way,793070073,Corby Knowe 33kV Substation,corby knowe 33kv substation,54.7788222,-6.1765459,33000,generation,NIE Networks,,,https://www.openstreetmap.org/way/793070073
way,794321858,Foyle Road 33 kV Substation,foyle road 33 kv substation,54.9915508,-7.3194033,33000,distribution,NIE Networks,,,https://www.openstreetmap.org/way/794321858
way,804388712,Ballykinler Central 33 kV Substation,ballykinler central 33 kv substation,54.2511912,-5.7984225,33000,distribution,NIE Networks,,,https://www.openstreetmap.org/way/804388712
way,804747042,Enniskillen Town Substation,enniskillen town substation,54.3478707,-7.6310481,33000,distribution,NIE Networks,,,https://www.openstreetmap.org/way/804747042
way,807628908,Annsborough Central 33kV Substation,annsborough central 33kv substation,54.2669972,-5.9262744,33000,distribution,NIE Networks,10000605,,https://www.openstreetmap.org/way/807628908
way,807668322,Seaforde Central 33kV Substation,seaforde central 33kv substation,54.3061415,-5.8351582,33000,distribution,NIE Networks,,,https://www.openstreetmap.org/way/807668322
way,807907523,Kircubbin East 33 kV Substation,kircubbin east 33 kv substation,54.4897328,-5.5091069,33000,distribution,NIE Networks,,,https://www.openstreetmap.org/way/807907523
way,812921570,,,54.3482499,-6.4090235,11000,minor_distribution,NIE Networks,,,https://www.openstreetmap.org/way/812921570
way,814015280,,,54.4597803,-6.3592417,33000,distribution,NIE Networks,,,https://www.openstreetmap.org/way/814015280
way,816965560,,,54.218468,-5.8890027,33000,distribution,NIE Networks,,outdoor,https://www.openstreetmap.org/way/816965560
way,835050440,,,54.5415853,-6.0102893,,,,,,https://www.openstreetmap.org/way/835050440
way,836865328,,,55.5531589,-5.3294524,,,,,,https://www.openstreetmap.org/way/836865328
way,839377414,,,54.5931246,-5.9509158,33000,distribution,NIE Networks,,,https://www.openstreetmap.org/way/839377414
way,840897187,,,54.9106175,-5.0687346,33000,,,,,https://www.openstreetmap.org/way/840897187
way,840897188,,,54.8984777,-5.0131277,33000,,,,,https://www.openstreetmap.org/way/840897188
way,840897198,,,54.8646085,-5.0899926,33000,,,,,https://www.openstreetmap.org/way/840897198
way,864015879,Larne North 33kV Substation,larne north 33kv substation,54.8640253,-5.8190353,33000,distribution,NIE Networks,,,https://www.openstreetmap.org/way/864015879
way,865630504,Warrenpoint 33kV Substation,warrenpoint 33kv substation,54.108789,-6.2518377,33000,distribution,NIE Networks,,,https://www.openstreetmap.org/way/865630504
way,866306641,,,54.4359405,-6.4070457,33000,distribution,NIE Networks,,,https://www.openstreetmap.org/way/866306641
way,871784938,Meenbog 110 kV Substation,meenbog 110 kv substation,54.7278274,-7.920459,110000,generation,EirGrid,,,https://www.openstreetmap.org/way/871784938
way,875231269,,,55.0193319,-7.3553287,11000,minor_distribution,NIE Networks,,,https://www.openstreetmap.org/way/875231269
way,878442796,Chapel Hill Substation,chapel hill substation,54.1631927,-6.3277877,11000,minor_distribution,NIE Networks,,,https://www.openstreetmap.org/way/878442796
way,878739060,,,54.1920267,-6.3312867,,,,,,https://www.openstreetmap.org/way/878739060
way,902278871,Monkstown 33 kV Substation,monkstown 33 kv substation,54.6853221,-5.9175538,33000,distribution,NIE Networks,,,https://www.openstreetmap.org/way/902278871
way,917802178,Glen App Wind Farm Substation,glen app wind farm substation,55.0222619,-5.0056759,132000;33000,,,,,https://www.openstreetmap.org/way/917802178
way,922958664,,,54.3443418,-6.6364669,,distribution,NIE Networks,,,https://www.openstreetmap.org/way/922958664
way,935863462,,,55.4179427,-5.6415476,,minor_distribution,,,,https://www.openstreetmap.org/way/935863462
way,948273807,,,54.9050648,-5.0250961,,minor_distribution,,,,https://www.openstreetmap.org/way/948273807
way,954737442,,,54.9057241,-5.0325844,,minor_distribution,,,,https://www.openstreetmap.org/way/954737442
way,966807122,,,54.9049404,-5.0263707,,minor_distribution,,,,https://www.openstreetmap.org/way/966807122
way,967098587,,,54.903752,-5.0291588,,minor_distribution,,,,https://www.openstreetmap.org/way/967098587
way,968403371,,,54.9020824,-5.0239619,,minor_distribution,,,,https://www.openstreetmap.org/way/968403371
way,968576432,,,54.9021688,-5.0197402,,minor_distribution,,,,https://www.openstreetmap.org/way/968576432
way,981337162,Dunmore 33 kV Substation,dunmore 33 kv substation,55.0974373,-6.820462,33000,generation,NIE Networks,,,https://www.openstreetmap.org/way/981337162
way,999298996,,,54.7242248,-5.9180475,33000,generation,NIE Networks,,,https://www.openstreetmap.org/way/999298996
way,1000199067,,,54.5138483,-7.1054362,33000,generation,NIE Networks,,,https://www.openstreetmap.org/way/1000199067
way,1000199078,,,54.5198636,-7.1130153,33000,generation,NIE Networks,,,https://www.openstreetmap.org/way/1000199078
way,1000199079,,,54.5036113,-7.1040867,33000,generation,NIE Networks,,,https://www.openstreetmap.org/way/1000199079
way,1000199080,,,54.4961277,-7.1010954,33000,generation,NIE Networks,,,https://www.openstreetmap.org/way/1000199080
way,1001603724,Gort 110 kV Substation,gort 110 kv substation,54.4851717,-7.1171035,110000,generation,NIE Networks,,,https://www.openstreetmap.org/way/1001603724
way,1001921828,Drumquin 110 kV Substation,drumquin 110 kv substation,54.575301,-7.4862623,110000,transmission,NIE Networks,,,https://www.openstreetmap.org/way/1001921828
way,1001921832,Cornavarrow 33kV Substation,cornavarrow 33kv substation,54.5852113,-7.4663499,33000,generation,NIE Networks,,,https://www.openstreetmap.org/way/1001921832
way,1001929567,33kV Substation,33kv substation,54.9826464,-6.4279392,33000,generation,NIE Networks,,,https://www.openstreetmap.org/way/1001929567
way,1001929568,_______ 33kV Substation,33kv substation,54.9717735,-6.4318553,33000,generation,NIE Networks,,,https://www.openstreetmap.org/way/1001929568
way,1001931546,_______ 33kV Substation,33kv substation,54.6300842,-7.617971,33000,generation,NIE Networks,,,https://www.openstreetmap.org/way/1001931546
way,1001934349,Thornog 33 kV Substation,thornog 33 kv substation,54.5891433,-7.6210612,33000,generation,NIE Networks,,,https://www.openstreetmap.org/way/1001934349
way,1001935824,Dromore 110 kV Substation,dromore 110 kv substation,54.5291488,-7.3879666,110000,transmission,NIE Networks,,,https://www.openstreetmap.org/way/1001935824
way,1002137281,____ 33kV Substation,33kv substation,54.1943876,-7.6270516,33000,generation,NIE Networks,,,https://www.openstreetmap.org/way/1002137281
way,1002147658,Brackagh Substation,brackagh substation,54.7521202,-6.8240853,11000,generation,NIE Networks,,,https://www.openstreetmap.org/way/1002147658
way,1002148344,,,54.9152479,-7.3266463,33000,generation,NIE Networks,,,https://www.openstreetmap.org/way/1002148344
way,1002149881,,,55.0818065,-6.8108294,33000,generation,NIE Networks,,,https://www.openstreetmap.org/way/1002149881
way,1002150657,,,54.9398504,-6.1990142,33000,generation,NIE Networks,,,https://www.openstreetmap.org/way/1002150657
way,1002150659,,,54.9345272,-6.2174227,33000,generation,NIE Networks,,,https://www.openstreetmap.org/way/1002150659
way,1002427609,Dromore 33 kV Substation,dromore 33 kv substation,54.5212318,-7.4341063,33000,distribution,NIE Networks,,,https://www.openstreetmap.org/way/1002427609
way,1013911768,Ballycastle Central 33 kV Substation,ballycastle central 33 kv substation,55.1971109,-6.2789472,33000,distribution,NIE Networks,,,https://www.openstreetmap.org/way/1013911768
way,1017790773,Crockbaravally 33 kV Substation,crockbaravally 33 kv substation,54.5169248,-7.036835,33000,generation,NIE Networks,,,https://www.openstreetmap.org/way/1017790773
way,1017857953,Maghera 33 kV Substation,maghera 33 kv substation,54.8493782,-6.6756534,33000,distribution,NIE Networks,,,https://www.openstreetmap.org/way/1017857953
way,1018245232,,,55.0404521,-7.247633,,transition,NIE Networks,,,https://www.openstreetmap.org/way/1018245232
way,1021538825,Craiggore 33 kV Substation,craiggore 33 kv substation,54.9932484,-6.7984908,33000,generation,NIE Networks,,,https://www.openstreetmap.org/way/1021538825
way,1023072847,,,54.9867266,-7.3134429,,minor_distribution,NIE Networks,,,https://www.openstreetmap.org/way/1023072847
way,1023821247,,,54.1880951,-6.3236628,11000,minor_distribution,NIE Networks,,,https://www.openstreetmap.org/way/1023821247
way,1023925489,Drumahoe West 33 kV Substation,drumahoe west 33 kv substation,54.9773598,-7.2925551,33000,distribution,NIE Networks,,,https://www.openstreetmap.org/way/1023925489
way,1024911419,,,54.4315991,-6.4448155,33000,distribution,NIE Networks,,,https://www.openstreetmap.org/way/1024911419
way,1026534885,,,55.0252102,-7.3335744,,minor_distribution,NIE Networks,,,https://www.openstreetmap.org/way/1026534885
way,1030577324,Aghagallon 33 kV Substation,aghagallon 33 kv substation,54.5025474,-6.341028,33000,industrial,NIE Networks,,,https://www.openstreetmap.org/way/1030577324
way,1030872097,Carrickblacker Central 33 kV Substation,carrickblacker central 33 kv substation,54.409927,-6.4160842,33000,distribution,NIE Networks,,,https://www.openstreetmap.org/way/1030872097
way,1034757805,Dromara Central Substation,dromara central substation,54.380852,-6.0069148,33000,distribution,NIE Networks,10375615,,https://www.openstreetmap.org/way/1034757805
way,1035225736,______ 33 kV Substation,33 kv substation,55.0311818,-7.2434708,33000,distribution,NIE Networks,,,https://www.openstreetmap.org/way/1035225736
way,1035765759,Ballymena East 33 kV Substation,ballymena east 33 kv substation,54.8734556,-6.2349214,33000,distribution,NIE Networks,,,https://www.openstreetmap.org/way/1035765759
way,1035765761,Ballymena North 33 kV Substation,ballymena north 33 kv substation,54.8812983,-6.232468,33000,distribution,NIE Networks,,,https://www.openstreetmap.org/way/1035765761
way,1037295507,Garvagh Main 110kV Substation,garvagh main 110kv substation,54.9498044,-6.7468392,110000,generation,NIE Networks,,,https://www.openstreetmap.org/way/1037295507
way,1037300206,Roughfort Central 33 kV Substation,roughfort central 33 kv substation,54.687298,-6.0202539,33000,distribution,NIE Networks,,,https://www.openstreetmap.org/way/1037300206
way,1037301804,Maghaberry 33 kV Substation,maghaberry 33 kv substation,54.5123827,-6.1731165,33000,generation,NIE Networks,,,https://www.openstreetmap.org/way/1037301804
way,1037302118,Ballygarvey Road 33 kV Substation,ballygarvey road 33 kv substation,54.8805326,-6.2532562,33000,generation,NIE Networks,,,https://www.openstreetmap.org/way/1037302118
way,1037306429,Evishagaran 33 kV Substation,evishagaran 33 kv substation,54.9395665,-6.832372,33000,generation,NIE Networks,,,https://www.openstreetmap.org/way/1037306429
way,1037462127,Tamnamore 110kV Substation,tamnamore 110kv substation,54.5120844,-6.6787482,110000,transmission,NIE Networks,,,https://www.openstreetmap.org/way/1037462127
way,1037914386,Glengormley 110kV Substation,glengormley 110kv substation,54.6762681,-5.9658131,110000,transmission,NIE Networks,,,https://www.openstreetmap.org/way/1037914386
way,1037914399,,,54.6732015,-5.9198742,11000,minor_distribution,NIE Networks,,,https://www.openstreetmap.org/way/1037914399
way,1037941300,Central 110kV Substation,central 110kv substation,54.6048411,-5.9247406,110000,transmission,NIE Networks,,,https://www.openstreetmap.org/way/1037941300
way,1037971160,Newtownards 110 kV Substation,newtownards 110 kv substation,54.602727,-5.6775437,110000,transmission,NIE Networks,,,https://www.openstreetmap.org/way/1037971160
way,1039576815,Bentra Central 33 kV Substation,bentra central 33 kv substation,54.7572025,-5.7359495,33000,distribution,NIE Networks,,,https://www.openstreetmap.org/way/1039576815
way,1040021072,Cookstown South 33 kV Substation,cookstown south 33 kv substation,54.6249167,-6.7542746,33000,distribution,NIE Networks,,,https://www.openstreetmap.org/way/1040021072
way,1040152213,,,55.1340141,-7.3828449,20000,generation,ESB Networks,,,https://www.openstreetmap.org/way/1040152213
way,1040536123,Ulster Chipboard,ulster chipboard,55.1095295,-6.6554724,33000,distribution,NIE Networks,,,https://www.openstreetmap.org/way/1040536123
way,1040550164,Ahoghill Central 33kV Substation,ahoghill central 33kv substation,54.8496455,-6.3458438,33000,distribution,NIE Networks,,,https://www.openstreetmap.org/way/1040550164
way,1040565206,Ardboe Central,ardboe central,54.6147922,-6.5385422,33000,distribution,NIE Networks,,,https://www.openstreetmap.org/way/1040565206
way,1040604535,Ballygowan Central 33 kV Substation,ballygowan central 33 kv substation,54.5052354,-5.7827645,33000,distribution,NIE Networks,,,https://www.openstreetmap.org/way/1040604535
way,1040626524,Ballyhenry 33 kV Substation,ballyhenry 33 kv substation,54.6934523,-5.9638349,33000,distribution,NIE Networks,,,https://www.openstreetmap.org/way/1040626524
way,1040638030,______ 33 kV Substation,33 kv substation,54.5947006,-5.9107384,33000,distribution,NIE Networks,,,https://www.openstreetmap.org/way/1040638030
way,1040663430,Ballynahinch North 33 kV Substation,ballynahinch north 33 kv substation,54.4058388,-5.9012116,33000,distribution,NIE Networks,10000624,,https://www.openstreetmap.org/way/1040663430
way,1040668029,Ballysillan 33kV Substation,ballysillan 33kv substation,54.6202039,-5.9633654,33000,distribution,NIE Networks,,,https://www.openstreetmap.org/way/1040668029
way,1040676567,Harryville 33 kV Substation,harryville 33 kv substation,54.8619397,-6.2773495,33000,distribution,NIE Networks,,,https://www.openstreetmap.org/way/1040676567
way,1040820158,Laurelhill 33 kV Substation,laurelhill 33 kv substation,54.4011228,-6.2570623,33000,generation,NIE Networks,,,https://www.openstreetmap.org/way/1040820158
way,1040959948,33 kV Substation,33 kv substation,54.494763,-6.7407626,33000,distribution,NIE Networks,,,https://www.openstreetmap.org/way/1040959948
way,1041288632,Bangor West 33 kV Substation,bangor west 33 kv substation,54.6566483,-5.6891007,33000,distribution,NIE Networks,,,https://www.openstreetmap.org/way/1041288632
way,1041288640,Bangor East 33 kV Substation,bangor east 33 kv substation,54.6552859,-5.6351392,33000,distribution,NIE Networks,,,https://www.openstreetmap.org/way/1041288640
way,1041295795,Bangor Central 33 kV Substation,bangor central 33 kv substation,54.6619116,-5.6646985,33000,distribution,NIE Networks,,,https://www.openstreetmap.org/way/1041295795
way,1041509552,Banbridge North 33 kV Substation,banbridge north 33 kv substation,54.3521894,-6.2792271,33000,distribution,NIE Networks,,,https://www.openstreetmap.org/way/1041509552
way,1041521267,Ballinamallard West 33 kV Substation,ballinamallard west 33 kv substation,54.4314107,-7.6270713,33000,distribution,NIE Networks,,,https://www.openstreetmap.org/way/1041521267
way,1041521503,Ballyfodrin Central 33 kV Substation,ballyfodrin central 33 kv substation,54.4382172,-6.4948591,33000,distribution,NIE Networks,,,https://www.openstreetmap.org/way/1041521503
way,1041523185,Adria 33 kV Substation,adria 33 kv substation,54.8173279,-7.4669838,33000,distribution,NIE Networks,,,https://www.openstreetmap.org/way/1041523185
way,1041524650,Carrickfergus North 33kV Substation,carrickfergus north 33kv substation,54.7363342,-5.8078661,33000,distribution,NIE Networks,,,https://www.openstreetmap.org/way/1041524650
way,1041663182,Benburb Central 33 kV Substation,benburb central 33 kv substation,54.4037946,-6.7823823,33000,distribution,NIE Networks,,,https://www.openstreetmap.org/way/1041663182
way,1041666999,Bishopscourt Central 33 kV Substation,bishopscourt central 33 kv substation,54.302796,-5.6095846,33000,distribution,NIE Networks,,,https://www.openstreetmap.org/way/1041666999
way,1041667002,Downpatrick East 33 kV Substation,downpatrick east 33 kv substation,54.3226716,-5.6873301,33000,distribution,NIE Networks,,,https://www.openstreetmap.org/way/1041667002
way,1041675579,Braniel 33 kV Substation,braniel 33 kv substation,54.5763278,-5.8681099,33000,distribution,NIE Networks,,,https://www.openstreetmap.org/way/1041675579
way,1041686803,Buckna Central 33 kV Substation,buckna central 33 kv substation,54.904388,-6.0905359,33000,distribution,NIE Networks,,,https://www.openstreetmap.org/way/1041686803
way,1041691207,Bessbrook South 33kV Substation,bessbrook south 33kv substation,54.1853003,-6.3927936,33000,distribution,NIE Networks,,,https://www.openstreetmap.org/way/1041691207
way,1041691208,Bessbrook North 33kV Substation,bessbrook north 33kv substation,54.206016,-6.3669763,33000,distribution,NIE Networks,,,https://www.openstreetmap.org/way/1041691208
way,1041805098,Cargos Hill 33 kV Substation,cargos hill 33 kv substation,54.6546541,-5.7253488,33000,distribution,NIE Networks,,,https://www.openstreetmap.org/way/1041805098
way,1041805888,Carn Central 33 kV Substation,carn central 33 kv substation,54.4501251,-6.4097576,33000,distribution,NIE Networks,,,https://www.openstreetmap.org/way/1041805888
way,1041810450,Carrickmore North 33 kV Substation,carrickmore north 33 kv substation,54.6116409,-7.0509293,33000,distribution,NIE Networks,,,https://www.openstreetmap.org/way/1041810450
way,1041812008,Castlederg South 33 kV Substation,castlederg south 33 kv substation,54.7050966,-7.5913107,33000,distribution,NIE Networks,,,https://www.openstreetmap.org/way/1041812008
way,1041814263,Caw 33 kV Substation,caw 33 kv substation,55.0047165,-7.2718402,33000,distribution,NIE Networks,,,https://www.openstreetmap.org/way/1041814263
way,1041824957,City Hospital 33 kV Substation,city hospital 33 kv substation,54.5873883,-5.9386631,33000;11000,distribution,NIE Networks,,,https://www.openstreetmap.org/way/1041824957
way,1041827699,Cloghmills Central 33 kV Substation,cloghmills central 33 kv substation,55.0026786,-6.3394971,33000,distribution,NIE Networks,,,https://www.openstreetmap.org/way/1041827699
way,1041828742,Coagh West 33 kV Substation,coagh west 33 kv substation,54.6614223,-6.6869306,33000,distribution,NIE Networks,,,https://www.openstreetmap.org/way/1041828742
way,1041842474,Sydenham 33kV Substation,sydenham 33kv substation,54.6080179,-5.8730584,33000,distribution,NIE Networks,,,https://www.openstreetmap.org/way/1041842474
way,1041842571,Dundonald 33kV Substation,dundonald 33kv substation,54.5938376,-5.8116032,33000,distribution,NIE Networks,,,https://www.openstreetmap.org/way/1041842571
way,1041842898,Ballymacarrett 33kV Substation,ballymacarrett 33kv substation,54.5965509,-5.8870499,33000;6600,distribution,NIE Networks,,,https://www.openstreetmap.org/way/1041842898
way,1041843751,Springfield 33 kV Substation,springfield 33 kv substation,54.6007936,-5.963995,33000,distribution,NIE Networks,,,https://www.openstreetmap.org/way/1041843751
way,1041844091,Mulhouse Road 33 kV Substation,mulhouse road 33 kv substation,54.5948209,-5.9512773,33000,distribution,NIE Networks,,,https://www.openstreetmap.org/way/1041844091
way,1041844309,Malone 33 kV Substation,malone 33 kv substation,54.5813384,-5.9494641,33000,distribution,NIE Networks,,,https://www.openstreetmap.org/way/1041844309
way,1041844974,Balmoral 33 kV Substation,balmoral 33 kv substation,54.5653322,-5.9786626,33000,distribution,NIE Networks,,,https://www.openstreetmap.org/way/1041844974
way,1041846577,South Central 33 kV Substation,south central 33 kv substation,54.5884494,-5.9340004,33000,distribution,NIE Networks,,,https://www.openstreetmap.org/way/1041846577
way,1041847634,Ormeau 33 kV Substation,ormeau 33 kv substation,54.574472,-5.9239355,33000,distribution,NIE Networks,,,https://www.openstreetmap.org/way/1041847634
way,1041848124,Newtownbreda 33 kV Substation,newtownbreda 33 kv substation,54.549905,-5.9234391,33000,distribution,NIE Networks,,,https://www.openstreetmap.org/way/1041848124
way,1041848675,Mountpottinger 33 kV Substation,mountpottinger 33 kv substation,54.595065,-5.900682,33000,distribution,NIE Networks,,,https://www.openstreetmap.org/way/1041848675
way,1041852134,Rathcoole 33 kV Substation,rathcoole 33 kv substation,54.6669118,-5.9367683,33000,distribution,NIE Networks,,,https://www.openstreetmap.org/way/1041852134
way,1041852432,Whitehouse 33 kV Substation,whitehouse 33 kv substation,54.6537763,-5.9227079,33000,distribution,NIE Networks,,,https://www.openstreetmap.org/way/1041852432
way,1041853402,West Central 33 kV Substation,west central 33 kv substation,54.5999065,-5.9413799,33000,distribution,NIE Networks,,,https://www.openstreetmap.org/way/1041853402
way,1041853831,East Central 33 kV Substation,east central 33 kv substation,54.5965798,-5.9258649,33000;6600,distribution,NIE Networks,,,https://www.openstreetmap.org/way/1041853831
way,1041855680,Laganside 33 kV Substation,laganside 33 kv substation,54.5965911,-5.9174012,33000,distribution,NIE Networks,,,https://www.openstreetmap.org/way/1041855680
way,1041859333,Dunmurry South 33 kV Substation,dunmurry south 33 kv substation,54.5448769,-6.0214463,33000,distribution,NIE Networks,,,https://www.openstreetmap.org/way/1041859333
way,1042386894,Newtownards Central 33 kV Substation,newtownards central 33 kv substation,54.5869639,-5.7016932,33000,distribution,NIE Networks,,,https://www.openstreetmap.org/way/1042386894
way,1043084393,Mullananalt 38 kV Substation,mullananalt 38 kv substation,54.0766737,-6.9120098,38000,generation,ESB Networks,,,https://www.openstreetmap.org/way/1043084393
way,1049360001,,,55.1232616,-7.2587506,20000,generation,ESB Networks,,,https://www.openstreetmap.org/way/1049360001
way,1049434275,Holywood East 33 kV Substation,holywood east 33 kv substation,54.6454182,-5.8158126,33000,distribution,NIE Networks,,,https://www.openstreetmap.org/way/1049434275
way,1049434278,Holywood West 33 kV Substation,holywood west 33 kv substation,54.6321598,-5.8457485,33000,distribution,NIE Networks,,,https://www.openstreetmap.org/way/1049434278
way,1049439003,Comber Central 33 kV Substation,comber central 33 kv substation,54.5481593,-5.7500821,33000,distribution,NIE Networks,,,https://www.openstreetmap.org/way/1049439003
way,1049637254,Shrigley 33kV Substation,shrigley 33kv substation,54.4083104,-5.6645335,33000,distribution,NIE Networks,,,https://www.openstreetmap.org/way/1049637254
way,1049884425,Crossgar 33kV Substation,crossgar 33kv substation,54.391968,-5.7476364,33000,distribution,NIE Networks,,,https://www.openstreetmap.org/way/1049884425
way,1050404668,Downpatrick North 33 kV Substation,downpatrick north 33 kv substation,54.3426189,-5.7395055,33000,distribution,NIE Networks,,,https://www.openstreetmap.org/way/1050404668
way,1050602126,_______________ 33 kV Substation,33 kv substation,54.4711455,-6.3333901,33000,distribution,NIE Networks,,,https://www.openstreetmap.org/way/1050602126
way,1051116343,Lenamore 33 kV Substation,lenamore 33 kv substation,55.0360667,-7.3205093,33000,distribution,NIE Networks,,,https://www.openstreetmap.org/way/1051116343
way,1051116347,Strand Road 33 kV Substation,strand road 33 kv substation,55.0013442,-7.32153,33000,distribution,NIE Networks,,,https://www.openstreetmap.org/way/1051116347
way,1051116349,Maydown 33kV Substation,maydown 33kv substation,55.0289395,-7.2561402,33000,distribution,NIE Networks,,,https://www.openstreetmap.org/way/1051116349
way,1051183849,Slieveglass 11 kV Substation,slieveglass 11 kv substation,54.6480485,-7.5731852,33000,generation,NIE Networks,,,https://www.openstreetmap.org/way/1051183849
way,1051183858,_______ 33kV Substation,33kv substation,54.6258012,-7.5888012,33000,generation,NIE Networks,,,https://www.openstreetmap.org/way/1051183858
way,1051183861,Tappaghan 33kV Substation,tappaghan 33kv substation,54.5588122,-7.5503652,33000,generation,NIE Networks,,,https://www.openstreetmap.org/way/1051183861
way,1051711001,_________ 110 kV Substation,110 kv substation,54.727311,-7.9200703,110000,generation,EirGrid,,,https://www.openstreetmap.org/way/1051711001
way,1051754708,Tievenamenta 33 kV Substation,tievenamenta 33 kv substation,54.6439736,-7.7475316,33000,generation,NIE Networks,,,https://www.openstreetmap.org/way/1051754708
way,1051973287,,,54.2672519,-7.703572,11000,minor_distribution,NIE Networks,,,https://www.openstreetmap.org/way/1051973287
way,1052171757,______ 33 kV Substation,33 kv substation,54.4594281,-6.2851963,33000,distribution,NIE Networks,,,https://www.openstreetmap.org/way/1052171757
way,1052172696,______ 33 kV Substation,33 kv substation,54.4913918,-6.8065312,33000,distribution,NIE Networks,,,https://www.openstreetmap.org/way/1052172696
way,1052669265,,,54.2584432,-7.4501189,33000,distribution,NIE Networks,,,https://www.openstreetmap.org/way/1052669265
way,1053019297,_____ 33kV Substation,33kv substation,54.1424111,-7.5716943,33000,distribution,NIE Networks,,,https://www.openstreetmap.org/way/1053019297
way,1053046288,_____ 33kV Substation,33kv substation,54.1671487,-7.6197096,33000,generation,NIE Networks,,,https://www.openstreetmap.org/way/1053046288
way,1053165851,,,54.1434196,-7.6118569,33000,generation,NIE Networks,,,https://www.openstreetmap.org/way/1053165851
way,1053365736,,,54.3566672,-7.6016122,33000,distribution,NIE Networks,,outdoor,https://www.openstreetmap.org/way/1053365736
way,1053574767,Hunter's Hill 33kV Substation,hunter s hill 33kv substation,54.4425669,-7.3479643,33000,generation,NIE Networks,,,https://www.openstreetmap.org/way/1053574767
way,1053574773,Screggagh 33kV Substation,screggagh 33kv substation,54.4567112,-7.3310886,33000,generation,NIE Networks,,,https://www.openstreetmap.org/way/1053574773
way,1053574779,Lendrum's Bridge 33kV Substation,lendrum s bridge 33kv substation,54.4374908,-7.326825,33000,generation,NIE Networks,,,https://www.openstreetmap.org/way/1053574779
way,1053624573,,,54.2693373,-7.7052541,11000,minor_distribution,NIE Networks,,,https://www.openstreetmap.org/way/1053624573
way,1053935898,,,54.453926,-7.6215252,11000,generation,NIE Networks,,,https://www.openstreetmap.org/way/1053935898
way,1053935906,,,54.4324204,-7.6146,11000,generation,NIE Networks,,,https://www.openstreetmap.org/way/1053935906
way,1053935914,,,54.4392654,-7.5824454,11000,generation,NIE Networks,,,https://www.openstreetmap.org/way/1053935914
way,1054036330,,,54.4218963,-7.4721523,33000,generation,NIE Networks,,,https://www.openstreetmap.org/way/1054036330
way,1054059649,,,54.3336516,-7.8776723,33000,generation,NIE Networks,,,https://www.openstreetmap.org/way/1054059649
way,1054202628,_____ 33 kV Substation,33 kv substation,54.547667,-7.192251,33000,distribution,NIE Networks,,,https://www.openstreetmap.org/way/1054202628
way,1056110089,_______ 33 kV Substation,33 kv substation,54.6235396,-6.7327966,33000,distribution,NIE Networks,,,https://www.openstreetmap.org/way/1056110089
way,1056122063,_____ 33 kV Substation,33 kv substation,54.5523801,-6.8497902,33000,distribution,NIE Networks,,,https://www.openstreetmap.org/way/1056122063
way,1056326853,____ 33 kV Substation,33 kv substation,54.8931215,-7.2226451,33000,distribution,NIE Networks,,,https://www.openstreetmap.org/way/1056326853
way,1056516373,____ 33 kV Substation,33 kv substation,54.5725287,-6.6604985,33000,distribution,NIE Networks,,,https://www.openstreetmap.org/way/1056516373
way,1056860460,Bessy Bell 33kV Substation,bessy bell 33kv substation,54.6814882,-7.3801794,33000,generation,NIE Networks,,,https://www.openstreetmap.org/way/1056860460
way,1057221622,,,54.6369469,-7.0656232,33000,generation,NIE Networks,,,https://www.openstreetmap.org/way/1057221622
way,1057221628,,,54.6187387,-7.0549151,11000,generation,NIE Networks,,,https://www.openstreetmap.org/way/1057221628
way,1057243927,,,54.7044844,-6.9961228,33000,distribution,NIE Networks,,,https://www.openstreetmap.org/way/1057243927
way,1057294704,_____ 33 kV Substation,33 kv substation,54.7607281,-6.6252745,33000,distribution,NIE Networks,,,https://www.openstreetmap.org/way/1057294704
way,1057505192,Omagh South 33 kV Substation,omagh south 33 kv substation,54.5822758,-7.2816183,33000,distribution,NIE Networks,,,https://www.openstreetmap.org/way/1057505192
way,1058181929,Omagh West 33 kV Substation,omagh west 33 kv substation,54.5984195,-7.3137142,33000,distribution,NIE Networks,,,https://www.openstreetmap.org/way/1058181929
way,1058410282,Omagh East 33 kV Substation,omagh east 33 kv substation,54.6083223,-7.283341,33000,distribution,NIE Networks,,,https://www.openstreetmap.org/way/1058410282
way,1058435053,,,54.7470716,-7.4705182,11000,generation,NIE Networks,,,https://www.openstreetmap.org/way/1058435053
way,1058435054,,,54.7472122,-7.4709001,11000,generation,NIE Networks,,,https://www.openstreetmap.org/way/1058435054
way,1059097309,____ 33kV Substation,33kv substation,54.8049604,-7.3270025,33000,generation,NIE Networks,,,https://www.openstreetmap.org/way/1059097309
way,1059097316,____ 33kV Substation,33kv substation,54.7681611,-7.2608919,33000,generation,NIE Networks,,,https://www.openstreetmap.org/way/1059097316
way,1059118156,_____ 33 kV Substation,33 kv substation,55.0246925,-7.236909,33000,distribution,NIE Networks,,,https://www.openstreetmap.org/way/1059118156
way,1060011087,_______ 33 kV Substation,33 kv substation,54.5091947,-6.7668062,33000,distribution,NIE Networks,,,https://www.openstreetmap.org/way/1060011087
way,1060151314,______ 33 kV Substation,33 kv substation,55.0382939,-7.2402343,33000,distribution,NIE Networks,,,https://www.openstreetmap.org/way/1060151314
way,1060152742,,,54.0151053,-7.1736367,38000,generation,ESB Networks,,,https://www.openstreetmap.org/way/1060152742
way,1060421782,Newbuildings 33 kV Substation,newbuildings 33 kv substation,54.9569727,-7.358403,33000,distribution,NIE Networks,,,https://www.openstreetmap.org/way/1060421782
way,1061177202,______ 33kV Substation,33kv substation,55.0500761,-6.9417889,33000,distribution,NIE Networks,,,https://www.openstreetmap.org/way/1061177202
way,1061545933,_______ 33 kV Substation,33 kv substation,55.0005841,-6.6532345,33000,distribution,NIE Networks,,,https://www.openstreetmap.org/way/1061545933
way,1061553526,______ 33 kV Substation,33 kv substation,55.1341612,-6.6952335,33000,distribution,NIE Networks,,,https://www.openstreetmap.org/way/1061553526
way,1061695346,______ 33 kV Substation,33 kv substation,55.1335924,-6.6580375,33000,distribution,NIE Networks,,,https://www.openstreetmap.org/way/1061695346
way,1061796316,Gruig 33 kV Substation,gruig 33 kv substation,55.0405167,-6.2712517,33000,generation,NIE Networks,,,https://www.openstreetmap.org/way/1061796316
way,1062014061,Creagh Central 33 kV Substation,creagh central 33 kv substation,54.7689053,-6.5186236,33000;11000,distribution,NIE Networks,,,https://www.openstreetmap.org/way/1062014061
way,1062596406,_______ 33kV Substation,33kv substation,54.8916531,-6.3392999,33000,distribution,NIE Networks,,,https://www.openstreetmap.org/way/1062596406
way,1062604339,______ 33kV Substation,33kv substation,54.8244873,-6.4718923,33000,distribution,NIE Networks,,,https://www.openstreetmap.org/way/1062604339
way,1062671939,_______ 33 kV Substation,33 kv substation,54.8592402,-6.3304542,33000,distribution,NIE Networks,,,https://www.openstreetmap.org/way/1062671939
way,1062863475,____ 33 kV Substation,33 kv substation,54.874188,-6.2849365,33000,distribution,NIE Networks,,,https://www.openstreetmap.org/way/1062863475
way,1063238425,_______ 33 kV Substation,33 kv substation,54.8726822,-6.2610274,33000,distribution,NIE Networks,,,https://www.openstreetmap.org/way/1063238425
way,1064345205,,,54.7697114,-6.2950698,33000,generation,NIE Networks,,,https://www.openstreetmap.org/way/1064345205
way,1064437893,Toome East 33/11 kV Substation,toome east 33 11 kv substation,54.7403499,-6.395818,33000;11000,distribution,NIE Networks,,,https://www.openstreetmap.org/way/1064437893
way,1078353689,,,55.1191393,-7.2701842,20000,generation,ESB Networks,,,https://www.openstreetmap.org/way/1078353689
way,1078353690,,,55.1191557,-7.2700181,20000,generation,ESB Networks,,,https://www.openstreetmap.org/way/1078353690
way,1082722291,,,54.840265,-6.6739553,11000,minor_distribution,NIE Networks,,,https://www.openstreetmap.org/way/1082722291
way,1090430669,,,54.4722456,-5.6900024,11000,minor_distribution,NIE Networks,,,https://www.openstreetmap.org/way/1090430669
way,1092292470,,,54.5138218,-6.0572036,33000,distribution,NIE Networks,,,https://www.openstreetmap.org/way/1092292470
way,1102168850,Rathfriland 33 kV Substation,rathfriland 33 kv substation,54.2332521,-6.1470353,33000,distribution,NIE Networks,,,https://www.openstreetmap.org/way/1102168850
way,1118213071,,,54.8663136,-5.0125516,,,,,,https://www.openstreetmap.org/way/1118213071
way,1122931811,,,55.5254598,-5.5556206,,,,,,https://www.openstreetmap.org/way/1122931811
way,1131205522,,,54.9839006,-7.3158204,,minor_distribution,NIE Networks,,,https://www.openstreetmap.org/way/1131205522
way,1131205545,,,54.984925,-7.3164184,,minor_distribution,NIE Networks,,,https://www.openstreetmap.org/way/1131205545
way,1131210567,,,54.9886947,-7.3102537,,minor_distribution,NIE Networks,,,https://www.openstreetmap.org/way/1131210567
way,1132236307,,,54.8508673,-6.270538,11000,minor_distribution,NIE Networks,,,https://www.openstreetmap.org/way/1132236307
way,1132281301,,,54.8478027,-6.2724543,11000,minor_distribution,NIE Networks,,,https://www.openstreetmap.org/way/1132281301
way,1132369968,Lisnabreeny 110 kV Substation,lisnabreeny 110 kv substation,54.5611049,-5.8682101,110000,transmission,NIE Networks,,,https://www.openstreetmap.org/way/1132369968
way,1132370382,Mullavilly 110 kV Substation,mullavilly 110 kv substation,54.3698359,-6.4277322,110000,generation,NIE Networks,,,https://www.openstreetmap.org/way/1132370382
way,1132372558,Kells BESS 110 kV Substation,kells bess 110 kv substation,54.8036875,-6.1653631,110000,generation,NIE Networks,,,https://www.openstreetmap.org/way/1132372558
way,1132746435,,,54.8589282,-6.2533076,11000,minor_distribution,NIE Networks,,,https://www.openstreetmap.org/way/1132746435
way,1138310062,,,54.5485505,-5.89049,11000,minor_distribution,NIE Networks,,,https://www.openstreetmap.org/way/1138310062
way,1145605749,Divis Substation,divis substation,54.6069828,-6.0099886,11000,minor_distribution,NIE Networks,,,https://www.openstreetmap.org/way/1145605749
way,1160686814,,,54.7143825,-6.1755427,33000,distribution,NIE Networks,,,https://www.openstreetmap.org/way/1160686814
way,1164013393,,,54.7220239,-6.1976971,11000,minor_distribution,NIE Networks,,,https://www.openstreetmap.org/way/1164013393
way,1164013401,,,54.7195687,-6.1995902,11000,minor_distribution,NIE Networks,,,https://www.openstreetmap.org/way/1164013401
way,1164124992,,,54.7181689,-6.1848604,11000,minor_distribution,NIE Networks,,,https://www.openstreetmap.org/way/1164124992
way,1164125031,,,54.7195996,-6.1871026,11000,minor_distribution,NIE Networks,,,https://www.openstreetmap.org/way/1164125031
way,1164157498,,,54.7078233,-6.1875409,11000,minor_distribution,NIE Networks,,,https://www.openstreetmap.org/way/1164157498
way,1164202355,,,54.7161638,-6.1889559,11000,minor_distribution,NIE Networks,,,https://www.openstreetmap.org/way/1164202355
way,1164202379,,,54.7171018,-6.1955237,11000,minor_distribution,NIE Networks,,,https://www.openstreetmap.org/way/1164202379
way,1164203209,,,54.7193169,-6.1921939,11000,minor_distribution,NIE Networks,,,https://www.openstreetmap.org/way/1164203209
way,1164406849,,,54.7067172,-6.1805054,11000,minor_distribution,NIE Networks,,,https://www.openstreetmap.org/way/1164406849
way,1165649295,,,54.5062672,-6.0689082,11000,minor_distribution,NIE Networks,,,https://www.openstreetmap.org/way/1165649295
way,1166071566,,,54.5335321,-6.0393553,33000,distribution,NIE Networks,,,https://www.openstreetmap.org/way/1166071566
way,1167663717,Kilkeel 33kV Substation,kilkeel 33kv substation,54.0712633,-6.0396531,33000,distribution,NIE Networks,,outdoor,https://www.openstreetmap.org/way/1167663717
way,1167814853,,,54.5960671,-7.3006883,11000,minor_distribution,NIE Networks,,,https://www.openstreetmap.org/way/1167814853
way,1167892214,,,54.177163,-6.2849978,33000,distribution,NIE Networks,,,https://www.openstreetmap.org/way/1167892214
way,1168983954,Dromore South 33kV Substation,dromore south 33kv substation,54.4018854,-6.1482623,33000,transmission,NIE Networks,,,https://www.openstreetmap.org/way/1168983954
way,1169553502,,,54.3437502,-6.2775591,33000,distribution,NIE Networks,,,https://www.openstreetmap.org/way/1169553502
way,1169591135,,,54.3470984,-6.2694578,33000,distribution,NIE Networks,,,https://www.openstreetmap.org/way/1169591135
way,1171501393,,,54.1556595,-6.3278118,11000,minor_distribution,NIE Networks,,,https://www.openstreetmap.org/way/1171501393
way,1172008361,,,54.6599102,-5.6457662,11000,minor_distribution,NIE Networks,,,https://www.openstreetmap.org/way/1172008361
way,1172046442,,,54.1027234,-6.2601114,33000,distribution,NIE Networks,,,https://www.openstreetmap.org/way/1172046442
way,1172057733,,,54.1042867,-6.2674253,33000,distribution,NIE Networks,,,https://www.openstreetmap.org/way/1172057733
way,1173072072,,,54.6518971,-5.6972924,11000,minor_distribution,NIE Networks,,,https://www.openstreetmap.org/way/1173072072
way,1173072138,,,54.6512294,-5.694837,11000,minor_distribution,NIE Networks,,,https://www.openstreetmap.org/way/1173072138
way,1175159254,,,54.0620179,-5.9942787,11000,minor_distribution,NIE Networks,,,https://www.openstreetmap.org/way/1175159254
way,1176202050,,,54.5613202,-6.9742124,33000,generation,NIE Networks,,,https://www.openstreetmap.org/way/1176202050
way,1179822633,Monaghan Street B Newry Substation,monaghan street b newry substation,54.1762213,-6.3416138,11000,minor_distribution,NIE Networks,,,https://www.openstreetmap.org/way/1179822633
way,1180770632,,,54.7281887,-5.7932295,11000,minor_distribution,NIE Networks,,,https://www.openstreetmap.org/way/1180770632
way,1181831645,,,54.8540692,-5.9124437,,generation,NIE Networks,,,https://www.openstreetmap.org/way/1181831645
way,1182728950,,,54.5750009,-5.9053864,,,,,,https://www.openstreetmap.org/way/1182728950
way,1185227981,,,54.19486,-6.3487616,33000,distribution,NIE Networks,,,https://www.openstreetmap.org/way/1185227981
way,1187509696,,,54.512652,-6.2878302,33000,distribution,NIE Networks,,,https://www.openstreetmap.org/way/1187509696
way,1189509347,____ 33 kV Substation,33 kv substation,54.343444,-6.2597636,33000,transmission,NIE Networks,,,https://www.openstreetmap.org/way/1189509347
way,1204031006,Ballybay 38 kV Substation,ballybay 38 kv substation,54.121223,-6.9078722,38000,distribution,ESB Networks,,,https://www.openstreetmap.org/way/1204031006
way,1206863993,,,54.7281486,-5.793256,11000,minor_distribution,NIE Networks,,,https://www.openstreetmap.org/way/1206863993
way,1208368204,Lenalea 110 kV Substation,lenalea 110 kv substation,54.9028813,-7.8642829,110000,generation,EirGrid,,,https://www.openstreetmap.org/way/1208368204
way,1215470119,Drumlyon 'D',drumlyon d,54.3548497,-7.6666076,11000,minor_distribution,NIE Networks,,,https://www.openstreetmap.org/way/1215470119
way,1222598906,,,54.4030698,-6.3561363,11000,minor_distribution,NIE Networks,,,https://www.openstreetmap.org/way/1222598906
way,1225211826,,,55.426218,-5.6986076,,,,,,https://www.openstreetmap.org/way/1225211826
way,1227008155,,,54.6680611,-6.2005454,33000,distribution,NIE Networks,,,https://www.openstreetmap.org/way/1227008155
way,1227104797,,,54.5873869,-6.2450398,33000,industrial,NIE Networks,,,https://www.openstreetmap.org/way/1227104797
way,1227788793,,,55.4226101,-5.7315124,,minor_distribution,,,,https://www.openstreetmap.org/way/1227788793
way,1231184266,Drumlins Park Wind Farm 110 kV Substation,drumlins park wind farm 110 kv substation,54.1252631,-7.1528216,110000;33000,generation,EirGrid,,,https://www.openstreetmap.org/way/1231184266
way,1231198635,Eshmore Substation,eshmore substation,54.5392892,-6.9831794,33000,generation,NIE Networks,,,https://www.openstreetmap.org/way/1231198635
way,1234355853,,,54.1588378,-7.2404269,20000;10000,yes,ESB Networks,,,https://www.openstreetmap.org/way/1234355853
way,1236532667,,,54.1169555,-7.1652178,20000;10000,minor_distribution,ESB Networks,,,https://www.openstreetmap.org/way/1236532667
way,1239669668,,,54.2718401,-7.1551377,20000,minor_distribution,ESB Networks,,,https://www.openstreetmap.org/way/1239669668
way,1240466487,,,54.0642644,-6.0138302,11000,minor_distribution,NIE Networks,,,https://www.openstreetmap.org/way/1240466487
way,1251742131,,,54.2441891,-6.9112818,110000,transmission,EirGrid,,,https://www.openstreetmap.org/way/1251742131
way,1254317115,,,54.6196459,-6.2164098,11000,minor_distribution,NIE Networks,,,https://www.openstreetmap.org/way/1254317115
way,1257624076,,,54.6024082,-5.9447743,11000,minor_distribution,NIE Networks,,,https://www.openstreetmap.org/way/1257624076
way,1257624122,,,54.6060369,-5.9424708,11000,minor_distribution,NIE Networks,,,https://www.openstreetmap.org/way/1257624122
way,1257760823,,,54.0801772,-6.6120864,11000,minor_distribution,NIE Networks,,,https://www.openstreetmap.org/way/1257760823
way,1258857486,,,54.5456895,-6.0091047,11000,minor_distribution,NIE Networks,,,https://www.openstreetmap.org/way/1258857486
way,1259093545,,,54.6075841,-5.9460688,11000,minor_distribution,NIE Networks,,,https://www.openstreetmap.org/way/1259093545
way,1261939259,,,54.4489336,-6.4145332,,minor_distribution,NIE Networks,,,https://www.openstreetmap.org/way/1261939259
way,1261990602,,,55.5331158,-5.129228,,,Scottish and Southern Electricity Networks,,,https://www.openstreetmap.org/way/1261990602
way,1262202147,,,54.9559199,-7.3613229,,minor_distribution,NIE Networks,,,https://www.openstreetmap.org/way/1262202147
way,1264789933,,,54.5589916,-5.9810906,,minor_distribution,NIE Networks,,,https://www.openstreetmap.org/way/1264789933
way,1268147938,,,54.5378345,-6.0144028,,minor_distribution,NIE Networks,,,https://www.openstreetmap.org/way/1268147938
way,1271952853,,,54.5907241,-5.9410277,,minor_distribution,NIE Networks,,,https://www.openstreetmap.org/way/1271952853
way,1271981812,,,54.5895149,-5.9410511,,minor_distribution,NIE Networks,,,https://www.openstreetmap.org/way/1271981812
way,1272105860,,,54.5926949,-5.9385731,,minor_distribution,NIE Networks,,,https://www.openstreetmap.org/way/1272105860
way,1286237441,,,54.7041437,-6.1839671,,minor_distribution,NIE Networks,,,https://www.openstreetmap.org/way/1286237441
way,1286633996,,,54.7375513,-6.0453654,,minor_distribution,NIE Networks,,,https://www.openstreetmap.org/way/1286633996
way,1293384307,,,55.0163259,-7.3424183,,minor_distribution,NIE Networks,,,https://www.openstreetmap.org/way/1293384307
way,1296645109,,,54.5543414,-6.0168916,11000,minor_distribution,NIE Networks,,,https://www.openstreetmap.org/way/1296645109
way,1311781047,The Fairways Substation,the fairways substation,54.3674873,-5.557353,11000,minor_distribution,NIE Networks,,,https://www.openstreetmap.org/way/1311781047
way,1314564214,,,54.2672688,-5.9250146,11000,industrial,NIE Networks,,,https://www.openstreetmap.org/way/1314564214
way,1314862705,,,54.6508197,-5.7127714,11000,minor_distribution,NIE Networks,,,https://www.openstreetmap.org/way/1314862705
way,1315106067,,,54.6479128,-5.6808043,11000,minor_distribution,NIE Networks,,,https://www.openstreetmap.org/way/1315106067
way,1315106552,,,54.6479087,-5.6840252,11000,minor_distribution,NIE Networks,,,https://www.openstreetmap.org/way/1315106552
way,1316139715,,,54.7214878,-5.8237394,11000,minor_distribution,NIE Networks,,,https://www.openstreetmap.org/way/1316139715
way,1316186344,,,54.7232272,-5.8172419,11000,minor_distribution,NIE Networks,,,https://www.openstreetmap.org/way/1316186344
way,1316390004,,,54.7093846,-5.8284131,11000,minor_distribution,NIE Networks,,,https://www.openstreetmap.org/way/1316390004
way,1316631173,NIE Substation,nie substation,54.6676093,-5.9525082,,minor_distribution,NIE Networks,,,https://www.openstreetmap.org/way/1316631173
way,1318983978,,,54.1958744,-6.3822575,11000,minor_distribution,NIE Networks,,,https://www.openstreetmap.org/way/1318983978
way,1320697438,,,54.6711526,-5.9554648,11000,minor_distribution,NIE Networks,,,https://www.openstreetmap.org/way/1320697438
way,1327484471,,,54.7594008,-5.7083527,11000,minor_distribution,NIE Networks,,,https://www.openstreetmap.org/way/1327484471
way,1327516513,,,54.7565138,-5.7126645,11000,minor_distribution,NIE Networks,,,https://www.openstreetmap.org/way/1327516513
way,1327529006,,,54.7584628,-5.7112096,11000,minor_distribution,NIE Networks,,,https://www.openstreetmap.org/way/1327529006
way,1329058861,,,54.5242906,-6.0697515,11000,minor_distribution,NIE Networks,,,https://www.openstreetmap.org/way/1329058861
way,1335369584,,,55.1529526,-6.6780016,11000,minor_distribution,NIE Networks,,,https://www.openstreetmap.org/way/1335369584
way,1339861419,Fishers Saw Mill Substation,fishers saw mill substation,54.1732445,-6.3429885,11000,minor_distribution,NIE Networks,,,https://www.openstreetmap.org/way/1339861419
way,1343836461,,,55.1018307,-5.007521,,,,,,https://www.openstreetmap.org/way/1343836461
way,1349212537,,,54.3162138,-5.7216298,11000,minor_distribution,NIE Networks,,,https://www.openstreetmap.org/way/1349212537
way,1349506796,Sugar Island Newry Substation,sugar island newry substation,54.1783279,-6.338279,11000,minor_distribution,NIE Networks,,,https://www.openstreetmap.org/way/1349506796
way,1349573002,,,55.1300935,-6.6786705,11000,minor_distribution,NIE Networks,,,https://www.openstreetmap.org/way/1349573002
way,1349625668,,,54.3260678,-5.7070703,11000,minor_distribution,NIE Networks,,,https://www.openstreetmap.org/way/1349625668
way,1352438118,,,54.569916,-5.8932826,,minor_distribution,NIE Networks,,,https://www.openstreetmap.org/way/1352438118
way,1353608007,,,54.2123661,-5.9007984,11000,minor_distribution,NIE Networks,,,https://www.openstreetmap.org/way/1353608007
way,1354505014,,,54.5775687,-5.8829248,,minor_distribution,NIE Networks,,,https://www.openstreetmap.org/way/1354505014
way,1354934263,,,54.5745728,-5.8981004,,minor_distribution,NIE Networks,,,https://www.openstreetmap.org/way/1354934263
way,1355318910,,,54.211382,-5.9070896,11000,minor_distribution,NIE Networks,,,https://www.openstreetmap.org/way/1355318910
way,1355657909,Killagan Bend,killagan bend,54.5776558,-5.8979172,6600,minor_distribution,NIE Networks,,,https://www.openstreetmap.org/way/1355657909
way,1355658782,,,54.5781182,-5.896892,,minor_distribution,NIE Networks,,,https://www.openstreetmap.org/way/1355658782
way,1356419788,,,54.8674487,-6.2719578,11000,minor_distribution,NIE Networks,,,https://www.openstreetmap.org/way/1356419788
way,1357828131,,,54.8844433,-6.2718277,11000,minor_distribution,NIE Networks,,,https://www.openstreetmap.org/way/1357828131
way,1359038149,,,54.1704136,-6.3498532,11000,minor_distribution,NIE Networks,,,https://www.openstreetmap.org/way/1359038149
way,1359966070,,,54.7268607,-5.7919673,,,NIE Networks,,,https://www.openstreetmap.org/way/1359966070
way,1360072973,,,54.7354628,-5.7973305,,,NIE Networks,,,https://www.openstreetmap.org/way/1360072973
way,1374205189,,,54.8525776,-6.3628753,11000,minor_distribution,NIE Networks,,,https://www.openstreetmap.org/way/1374205189
way,1381157040,,,54.5981182,-5.9440121,,minor_distribution,NIE Networks,,,https://www.openstreetmap.org/way/1381157040
way,1382944841,,,54.1079072,-6.4783548,11000,minor_distribution,NIE Networks,,,https://www.openstreetmap.org/way/1382944841
way,1388049907,,,54.6907912,-5.9152423,11000,minor_distribution,NIE Networks,,,https://www.openstreetmap.org/way/1388049907
way,1388554983,,,54.6874478,-5.9149841,11000,minor_distribution,NIE Networks,,,https://www.openstreetmap.org/way/1388554983
way,1388733374,,,54.6884103,-5.9086477,11000,minor_distribution,NIE Networks,,outdoor,https://www.openstreetmap.org/way/1388733374
way,1388737446,,,54.6902649,-5.9133779,11000,minor_distribution,NIE Networks,,,https://www.openstreetmap.org/way/1388737446
way,1388753905,,,54.6879778,-5.9118039,11000,minor_distribution,NIE Networks,,,https://www.openstreetmap.org/way/1388753905
way,1390025002,,,54.6797686,-6.0054851,11000,minor_distribution,NIE Networks,,,https://www.openstreetmap.org/way/1390025002
way,1390543966,,,54.5943521,-5.7979278,11000,minor_distribution,NIE Networks,,outdoor,https://www.openstreetmap.org/way/1390543966
way,1390675012,,,54.6774908,-5.9178849,11000,minor_distribution,NIE Networks,,,https://www.openstreetmap.org/way/1390675012
way,1390714837,,,54.6230422,-5.9256021,11000;400,minor_distribution,NIE Networks,,,https://www.openstreetmap.org/way/1390714837
way,1391836378,,,54.6624604,-5.9079038,11000,minor_distribution,NIE Networks,,,https://www.openstreetmap.org/way/1391836378
way,1409222867,,,54.2583152,-5.9344798,11000,minor_distribution,NIE Networks,,,https://www.openstreetmap.org/way/1409222867
way,1411169787,,,54.5641373,-6.0238474,,,,,,https://www.openstreetmap.org/way/1411169787
way,1412629690,,,55.059823,-6.060491,11000,minor_distribution,NIE Networks,,,https://www.openstreetmap.org/way/1412629690
way,1413055790,,,54.4498901,-6.3588154,,,,,,https://www.openstreetmap.org/way/1413055790
way,1413252497,,,54.4509467,-6.3638291,,,,,,https://www.openstreetmap.org/way/1413252497
way,1413287461,,,54.4488177,-6.3556891,,,,,,https://www.openstreetmap.org/way/1413287461
way,1414702182,,,54.909111,-6.7312486,,generation,NIE Networks,,,https://www.openstreetmap.org/way/1414702182
way,1414921553,,,54.2228332,-5.8873309,11000;400,minor_distribution,NIE Networks,,,https://www.openstreetmap.org/way/1414921553
way,1414922292,,,54.4500447,-6.3453523,33000,distribution,NIE Networks,,,https://www.openstreetmap.org/way/1414922292
way,1414927051,,,54.2240235,-5.8859012,11000;400,minor_distribution,NIE Networks,,,https://www.openstreetmap.org/way/1414927051
way,1414974066,,,54.7343267,-5.807351,,,,,,https://www.openstreetmap.org/way/1414974066
way,1415680811,,,54.7550085,-6.5999589,,,,,,https://www.openstreetmap.org/way/1415680811
way,1415935224,,,54.4201523,-6.4419997,11000,minor_distribution,NIE Networks,,,https://www.openstreetmap.org/way/1415935224
way,1416077430,,,54.4224959,-6.4522046,,,,,,https://www.openstreetmap.org/way/1416077430
way,1419156031,,,54.1006947,-6.2313479,,,,,,https://www.openstreetmap.org/way/1419156031
way,1420155306,,,54.577798,-5.856929,,,,,,https://www.openstreetmap.org/way/1420155306
way,1421986364,,,54.5798006,-5.8609355,,,,,,https://www.openstreetmap.org/way/1421986364
way,1426911965,,,55.1493676,-6.677699,11000,minor_distribution,NIE Networks,,,https://www.openstreetmap.org/way/1426911965
way,1429243862,,,54.1870553,-6.3124477,,,,,,https://www.openstreetmap.org/way/1429243862
way,1430194927,,,54.2226694,-5.9047776,,minor_distribution,,,,https://www.openstreetmap.org/way/1430194927
way,1433898282,Longlands Avenue Substation,longlands avenue substation,54.6573927,-5.9287019,,minor_distribution,NIE Networks,,,https://www.openstreetmap.org/way/1433898282
way,1434854699,,,54.6549599,-5.9217972,,minor_distribution,NIE Networks,,,https://www.openstreetmap.org/way/1434854699
way,1435774354,,,54.6521459,-5.9347698,,,NIE Networks,,,https://www.openstreetmap.org/way/1435774354
way,1435963260,,,54.6452718,-5.9354651,,,NIE Networks,,,https://www.openstreetmap.org/way/1435963260
way,1441491212,,,54.661015,-5.9412209,,,NIE Networks,,,https://www.openstreetmap.org/way/1441491212
way,1441632253,,,54.6593242,-5.9411293,,,NIE Networks,,,https://www.openstreetmap.org/way/1441632253
way,1451166967,Whitehouse Park,whitehouse park,54.65664,-5.909243,,minor_distribution,NIE Networks,,,https://www.openstreetmap.org/way/1451166967
way,1453213340,,,54.871038,-5.8233058,,yes,,,,https://www.openstreetmap.org/way/1453213340
way,1454476143,,,54.3455419,-6.2791655,,,,,,https://www.openstreetmap.org/way/1454476143
way,1454738371,,,54.5214654,-6.0269719,,,,,,https://www.openstreetmap.org/way/1454738371
way,1456527903,Timbey Park BT7,timbey park bt7,54.5786427,-5.9248903,6600,,,,,https://www.openstreetmap.org/way/1456527903
way,1460158878,,,54.627834,-5.9652084,,,,,,https://www.openstreetmap.org/way/1460158878
way,1460557893,,,54.4085651,-5.8996221,11000,minor_distribution,NIE Networks,,,https://www.openstreetmap.org/way/1460557893
way,1460659040,,,54.6300241,-6.2051654,33000,industrial,NIE Networks,,,https://www.openstreetmap.org/way/1460659040
way,1461965517,,,54.6561187,-5.9263161,,,NIE Networks,,,https://www.openstreetmap.org/way/1461965517
way,1462507276,33 kV Substation,33 kv substation,54.1652007,-6.338608,33000,distribution,NIE Networks,,,https://www.openstreetmap.org/way/1462507276
way,1462687657,Tesco (HVC) Newry Substation,tesco hvc newry substation,54.1833537,-6.3338105,11000,minor_distribution,NIE Networks,,,https://www.openstreetmap.org/way/1462687657
way,1462689395,,,54.1666316,-6.3393062,11000,minor_distribution,NIE Networks,,,https://www.openstreetmap.org/way/1462689395
way,1463721973,Needham Bridge Newry,needham bridge newry,54.176803,-6.3386038,11000,minor_distribution,NIE Networks,,,https://www.openstreetmap.org/way/1463721973
way,1465167447,Merchants Quay Newry Substation,merchants quay newry substation,54.1753616,-6.3418795,11000,minor_distribution,NIE Networks,,,https://www.openstreetmap.org/way/1465167447
way,1466069802,,,54.6214053,-5.9071597,,,,,,https://www.openstreetmap.org/way/1466069802
way,1467107763,,,54.54616,-5.8940905,,,NIE Networks,,,https://www.openstreetmap.org/way/1467107763
way,1468595999,33 kV Substation,33 kv substation,54.4425653,-6.4292898,33000;11000,distribution,NIE Networks,,,https://www.openstreetmap.org/way/1468595999
way,1468872105,,,54.4647897,-6.251072,33000;11000,industrial,NIE Networks,,,https://www.openstreetmap.org/way/1468872105
way,1469105002,33 kV Substation,33 kv substation,54.4844321,-6.3425568,33000;11000,industrial,NIE Networks,,,https://www.openstreetmap.org/way/1469105002
way,1469117536,,,54.409791,-6.4157522,11000,industrial,Kingspan,,,https://www.openstreetmap.org/way/1469117536
way,1469170629,33 kV Substation,33 kv substation,54.4403167,-6.4239902,33000;11000,distribution,NIE Networks,,,https://www.openstreetmap.org/way/1469170629
way,1473201552,,,55.1318835,-6.675575,,,,,,https://www.openstreetmap.org/way/1473201552
way,1473935162,,,54.7304954,-5.9200212,11000,generation,NIE Networks,,,https://www.openstreetmap.org/way/1473935162
way,1475401331,Woodhouse,woodhouse,54.0856625,-6.1893927,11000,minor_distribution,,,,https://www.openstreetmap.org/way/1475401331
way,1478644351,Killinchy A,killinchy a,54.4725621,-5.6750854,11000,minor_distribution,,,,https://www.openstreetmap.org/way/1478644351
way,1480922354,,,54.386215,-5.771491,,,,,,https://www.openstreetmap.org/way/1480922354
way,1482952949,Portglenone 33 kV Substation,portglenone 33 kv substation,54.8741173,-6.461591,33000,distribution,NIE Networks,,,https://www.openstreetmap.org/way/1482952949
way,1484597046,,,54.1845155,-6.3328093,,,,,,https://www.openstreetmap.org/way/1484597046
way,1485391342,Magilligan Central 33 kV Substation,magilligan central 33 kv substation,55.1745816,-6.9440067,33000,distribution,NIE Networks,,,https://www.openstreetmap.org/way/1485391342
way,1487464271,Tullyvannon 33 kV Substation,tullyvannon 33 kv substation,54.4940327,-6.9605001,33000,distribution,NIE Networks,,,https://www.openstreetmap.org/way/1487464271
way,1487617736,,,54.5372088,-6.0115283,,,,,,https://www.openstreetmap.org/way/1487617736
way,1488039497,,,54.5395024,-6.0072802,,,,,,https://www.openstreetmap.org/way/1488039497
way,1490514264,,,54.5766565,-5.869145,,,,,,https://www.openstreetmap.org/way/1490514264
way,1492690632,,,54.5259249,-6.0384482,,,,,,https://www.openstreetmap.org/way/1492690632
way,1493240968,,,54.5478304,-6.0259167,,,,,,https://www.openstreetmap.org/way/1493240968
way,1494286066,,,54.5370684,-6.038601,,,,,,https://www.openstreetmap.org/way/1494286066
way,1495186878,,,54.5574408,-6.0220164,,,,,,https://www.openstreetmap.org/way/1495186878
way,1497900829,,,54.1592197,-6.3335007,,,,,,https://www.openstreetmap.org/way/1497900829
way,1505062621,,,54.554319,-6.0262811,,,,,,https://www.openstreetmap.org/way/1505062621
way,1505113366,,,54.5531766,-6.0242883,,,,,,https://www.openstreetmap.org/way/1505113366
way,1519652477,,,54.3817062,-6.0176305,,,,,,https://www.openstreetmap.org/way/1519652477
way,1523448648,,,54.5086493,-6.7786414,,,,,,https://www.openstreetmap.org/way/1523448648
way,1524008977,,,54.6112162,-5.9447062,,yes,,,,https://www.openstreetmap.org/way/1524008977
way,1524065542,,,55.1482328,-6.6599912,,,,,,https://www.openstreetmap.org/way/1524065542
way,1531173068,,,54.6190628,-5.9589464,,,,,,https://www.openstreetmap.org/way/1531173068
way,1539402460,,,54.5863423,-5.7117044,,,,,,https://www.openstreetmap.org/way/1539402460
way,1539974112,,,54.5910085,-5.6873651,,,,,,https://www.openstreetmap.org/way/1539974112
way,1539977708,,,54.5914774,-5.6902847,,,,,,https://www.openstreetmap.org/way/1539977708
way,1540956891,,,54.5925203,-5.6864617,,,,,,https://www.openstreetmap.org/way/1540956891
way,1540956909,,,54.5948948,-5.6850594,,,,,,https://www.openstreetmap.org/way/1540956909
way,1540994942,____ 33kV Substation,33kv substation,54.4279358,-6.4390533,33000,distribution,NIE Networks,,,https://www.openstreetmap.org/way/1540994942
way,1548300050,,,54.4087155,-6.4141279,11000,industrial,Kingspan,,,https://www.openstreetmap.org/way/1548300050
way,1548300052,,,54.4094188,-6.4128684,11000,industrial,Kingspan,,,https://www.openstreetmap.org/way/1548300052
way,1549611904,,,54.2491084,-6.6998293,,,,,,https://www.openstreetmap.org/way/1549611904
way,1550314441,,,54.5151427,-6.0361852,,,,,,https://www.openstreetmap.org/way/1550314441
way,1554740582,,,54.651612,-6.7485814,,,,,,https://www.openstreetmap.org/way/1554740582
