point_name,point_type,connection_level,irish_grid_easting_m,irish_grid_northing_m,latitude,longitude,max_export_capacity_mw,capacity_basis,time_series_actual_mw_public,semo_dispatch_join_candidate,coordinate_quality,source_date,source_url,jurisdiction,bus,associated_110kv_station,station_nc,wdt_groups,wdt_group_labels,group_source_url,notes
Altagowtan,Wind farm,Associated 110 kV station per EirGrid controllability list,,,54.1988681,-8.1976390,7.65,Published installed capacity MW; not asserted to equal MEC,Not provided by the January 2024 controllability list,Yes; market-unit mapping may be required,SV2024 electrical station coordinate; not plant centroid,2024-01,https://cms.eirgrid.ie/sites/default/files/publications/Controllability-Status-Update-2024-01-January.pdf,IE,1631,Corderry,CORDERRY,"(3, 4, 5, 7, 8, 9, 40)",IE-NW-3|IE-NW-4|IE-NW-5|IE-NW-7|IE-W-1|IE-W-2|IE-ALL,https://cms.eirgrid.ie/sites/default/files/publications/Wind-Dispatch-Tool-Constraint-Group-Overview_1.pdf,Plant/capacity/station from official controllability update; bus and coordinates attached from SV2024 all-island network.
Athea,Wind farm,Associated 110 kV station per EirGrid controllability list,,,52.4375500,-9.3004089,34.35,Published installed capacity MW; not asserted to equal MEC,Not provided by the January 2024 controllability list,Yes; market-unit mapping may be required,SV2024 electrical station coordinate; not plant centroid,2024-01,https://cms.eirgrid.ie/sites/default/files/publications/Controllability-Status-Update-2024-01-January.pdf,IE,1131,Athea,ATHEA,"(9, 17, 25, 40)",IE-W-2|IE-SW-1|IE-SW-7|IE-ALL,https://cms.eirgrid.ie/sites/default/files/publications/Wind-Dispatch-Tool-Constraint-Group-Overview_1.pdf,Plant/capacity/station from official controllability update; bus and coordinates attached from SV2024 all-island network.
Ballincollig Hill,Wind farm,Associated 110 kV station per EirGrid controllability list,,,52.2890467,-9.6740021,13.3,Published installed capacity MW; not asserted to equal MEC,Not provided by the January 2024 controllability list,Yes; market-unit mapping may be required,SV2024 electrical station coordinate; not plant centroid,2024-01,https://cms.eirgrid.ie/sites/default/files/publications/Controllability-Status-Update-2024-01-January.pdf,IE,5281,Tralee,TRALEE,"(9, 17, 40)",IE-W-2|IE-SW-1|IE-ALL,https://cms.eirgrid.ie/sites/default/files/publications/Wind-Dispatch-Tool-Constraint-Group-Overview_1.pdf,Plant/capacity/station from official controllability update; bus and coordinates attached from SV2024 all-island network.
Ballybane 1 & 2,Wind farm,Associated 110 kV station per EirGrid controllability list,,,51.7239932,-9.4296621,29.9,Published installed capacity MW; not asserted to equal MEC,Not provided by the January 2024 controllability list,Yes; market-unit mapping may be required,SV2024 electrical station coordinate; not plant centroid,2024-01,https://cms.eirgrid.ie/sites/default/files/publications/Controllability-Status-Update-2024-01-January.pdf,IE,1281,Ballylickey,BALLYLICKEY,"(9, 17, 22, 23, 26, 31, 40)",IE-W-2|IE-SW-1|IE-SW-4|IE-SW-5|IE-SW-8|IE-SE-2|IE-ALL,https://cms.eirgrid.ie/sites/default/files/publications/Wind-Dispatch-Tool-Constraint-Group-Overview_1.pdf,Plant/capacity/station from official controllability update; bus and coordinates attached from SV2024 all-island network.
Ballybane Phase 2a,Wind farm,Associated 110 kV station per EirGrid controllability list,,,51.7239932,-9.4296621,13.8,Published installed capacity MW; not asserted to equal MEC,Not provided by the January 2024 controllability list,Yes; market-unit mapping may be required,SV2024 electrical station coordinate; not plant centroid,2024-01,https://cms.eirgrid.ie/sites/default/files/publications/Controllability-Status-Update-2024-01-January.pdf,IE,1281,Ballylickey,BALLYLICKEY,"(9, 17, 22, 23, 26, 31, 40)",IE-W-2|IE-SW-1|IE-SW-4|IE-SW-5|IE-SW-8|IE-SE-2|IE-ALL,https://cms.eirgrid.ie/sites/default/files/publications/Wind-Dispatch-Tool-Constraint-Group-Overview_1.pdf,Plant/capacity/station from official controllability update; bus and coordinates attached from SV2024 all-island network.
Ballybane 3,Wind farm,Associated 110 kV station per EirGrid controllability list,,,51.7239932,-9.4296621,4.6,Published installed capacity MW; not asserted to equal MEC,Not provided by the January 2024 controllability list,Yes; market-unit mapping may be required,SV2024 electrical station coordinate; not plant centroid,2024-01,https://cms.eirgrid.ie/sites/default/files/publications/Controllability-Status-Update-2024-01-January.pdf,IE,1281,Ballylickey,BALLYLICKEY,"(9, 17, 22, 23, 26, 31, 40)",IE-W-2|IE-SW-1|IE-SW-4|IE-SW-5|IE-SW-8|IE-SE-2|IE-ALL,https://cms.eirgrid.ie/sites/default/files/publications/Wind-Dispatch-Tool-Constraint-Group-Overview_1.pdf,Plant/capacity/station from official controllability update; bus and coordinates attached from SV2024 all-island network.
Ballycadden Phase 1,Wind farm,Associated 110 kV station per EirGrid controllability list,,,52.5791650,-6.5358105,15,Published installed capacity MW; not asserted to equal MEC,Not provided by the January 2024 controllability list,Yes; market-unit mapping may be required,SV2024 electrical station coordinate; not plant centroid,2024-01,https://cms.eirgrid.ie/sites/default/files/publications/Controllability-Status-Update-2024-01-January.pdf,IE,36411,Crory,CRORY,"(30, 33, 40)",IE-SE-1|IE-SE-4|IE-ALL,https://cms.eirgrid.ie/sites/default/files/publications/Wind-Dispatch-Tool-Constraint-Group-Overview_1.pdf,Plant/capacity/station from official controllability update; bus and coordinates attached from SV2024 all-island network.
Ballycadden Phase 2,Wind farm,Associated 110 kV station per EirGrid controllability list,,,52.5791650,-6.5358105,11.5,Published installed capacity MW; not asserted to equal MEC,Not provided by the January 2024 controllability list,Yes; market-unit mapping may be required,SV2024 electrical station coordinate; not plant centroid,2024-01,https://cms.eirgrid.ie/sites/default/files/publications/Controllability-Status-Update-2024-01-January.pdf,IE,36411,Crory,CRORY,"(30, 33, 40)",IE-SE-1|IE-SE-4|IE-ALL,https://cms.eirgrid.ie/sites/default/files/publications/Wind-Dispatch-Tool-Constraint-Group-Overview_1.pdf,Plant/capacity/station from official controllability update; bus and coordinates attached from SV2024 all-island network.
Ballymartin Phase 1,Wind farm,Associated 110 kV station per EirGrid controllability list,,,52.2633036,-7.1249367,7,Published installed capacity MW; not asserted to equal MEC,Not provided by the January 2024 controllability list,Yes; market-unit mapping may be required,SV2024 electrical station coordinate; not plant centroid,2024-01,https://cms.eirgrid.ie/sites/default/files/publications/Controllability-Status-Update-2024-01-January.pdf,IE,5441,Waterford,WATERFORD,"(30, 40)",IE-SE-1|IE-ALL,https://cms.eirgrid.ie/sites/default/files/publications/Wind-Dispatch-Tool-Constraint-Group-Overview_1.pdf,Plant/capacity/station from official controllability update; bus and coordinates attached from SV2024 all-island network.
Ballymartin Phase 2,Wind farm,Associated 110 kV station per EirGrid controllability list,,,52.2633036,-7.1249367,8,Published installed capacity MW; not asserted to equal MEC,Not provided by the January 2024 controllability list,Yes; market-unit mapping may be required,SV2024 electrical station coordinate; not plant centroid,2024-01,https://cms.eirgrid.ie/sites/default/files/publications/Controllability-Status-Update-2024-01-January.pdf,IE,5441,Waterford,WATERFORD,"(30, 40)",IE-SE-1|IE-ALL,https://cms.eirgrid.ie/sites/default/files/publications/Wind-Dispatch-Tool-Constraint-Group-Overview_1.pdf,Plant/capacity/station from official controllability update; bus and coordinates attached from SV2024 all-island network.
Ballywater,Wind farm,Associated 110 kV station per EirGrid controllability list,,,52.5378526,-6.2495207,42,Published installed capacity MW; not asserted to equal MEC,Not provided by the January 2024 controllability list,Yes; market-unit mapping may be required,SV2024 electrical station coordinate; not plant centroid,2024-01,https://cms.eirgrid.ie/sites/default/files/publications/Controllability-Status-Update-2024-01-January.pdf,IE,1231,Crane,BALLYWATER,"(30, 33, 40)",IE-SE-1|IE-SE-4|IE-ALL,https://cms.eirgrid.ie/sites/default/files/publications/Wind-Dispatch-Tool-Constraint-Group-Overview_1.pdf,Plant/capacity/station from official controllability update; bus and coordinates attached from SV2024 all-island network.
Barranafaddock,Wind farm,Associated 110 kV station per EirGrid controllability list,,,52.0958683,-8.2546807,34.2,Published installed capacity MW; not asserted to equal MEC,Not provided by the January 2024 controllability list,Yes; market-unit mapping may be required,SV2024 electrical station coordinate; not plant centroid,2024-01,https://cms.eirgrid.ie/sites/default/files/publications/Controllability-Status-Update-2024-01-January.pdf,IE,1461,Barrymore,BARRYMORE,"(9, 29, 31, 40)",IE-W-2|IE-SW-11|IE-SE-2|IE-ALL,https://cms.eirgrid.ie/sites/default/files/publications/Wind-Dispatch-Tool-Constraint-Group-Overview_1.pdf,Plant/capacity/station from official controllability update; bus and coordinates attached from SV2024 all-island network.
Bawnmore,Wind farm,Associated 110 kV station per EirGrid controllability list,,,51.8957884,-8.8921962,25.3,Published installed capacity MW; not asserted to equal MEC,Not provided by the January 2024 controllability list,Yes; market-unit mapping may be required,SV2024 electrical station coordinate; not plant centroid,2024-01,https://cms.eirgrid.ie/sites/default/files/publications/Controllability-Status-Update-2024-01-January.pdf,IE,3881,Macroom,MACROOM,"(9, 17, 23, 31, 40)",IE-W-2|IE-SW-1|IE-SW-5|IE-SE-2|IE-ALL,https://cms.eirgrid.ie/sites/default/files/publications/Wind-Dispatch-Tool-Constraint-Group-Overview_1.pdf,Plant/capacity/station from official controllability update; bus and coordinates attached from SV2024 all-island network.
Beam Hill,Wind farm,Associated 110 kV station per EirGrid controllability list,,,55.1127756,-7.4186417,14,Published installed capacity MW; not asserted to equal MEC,Not provided by the January 2024 controllability list,Yes; market-unit mapping may be required,SV2024 electrical station coordinate; not plant centroid,2024-01,https://cms.eirgrid.ie/sites/default/files/publications/Controllability-Status-Update-2024-01-January.pdf,IE,5361,Trillick,TRILLICK,"(1, 3, 4, 5, 6, 9, 40)",IE-NW-1|IE-NW-3|IE-NW-4|IE-NW-5|IE-NW-6|IE-W-2|IE-ALL,https://cms.eirgrid.ie/sites/default/files/publications/Wind-Dispatch-Tool-Constraint-Group-Overview_1.pdf,Plant/capacity/station from official controllability update; bus and coordinates attached from SV2024 all-island network.
Bindoo,Wind farm,Associated 110 kV station per EirGrid controllability list,,,54.0013256,-7.1060697,48,Published installed capacity MW; not asserted to equal MEC,Not provided by the January 2024 controllability list,Yes; market-unit mapping may be required,SV2024 electrical station coordinate; not plant centroid,2024-01,https://cms.eirgrid.ie/sites/default/files/publications/Controllability-Status-Update-2024-01-January.pdf,IE,4781,Ratrussan,RATRUSSAN,"(34, 40)",IE-NE-1|IE-ALL,https://cms.eirgrid.ie/sites/default/files/publications/Wind-Dispatch-Tool-Constraint-Group-Overview_1.pdf,Plant/capacity/station from official controllability update; bus and coordinates attached from SV2024 all-island network.
Black Banks 2,Wind farm,Associated 110 kV station per EirGrid controllability list,,,54.1988681,-8.1976390,6.8,Published installed capacity MW; not asserted to equal MEC,Not provided by the January 2024 controllability list,Yes; market-unit mapping may be required,SV2024 electrical station coordinate; not plant centroid,2024-01,https://cms.eirgrid.ie/sites/default/files/publications/Controllability-Status-Update-2024-01-January.pdf,IE,1631,Corderry,CORDERRY,"(3, 4, 5, 7, 8, 9, 40)",IE-NW-3|IE-NW-4|IE-NW-5|IE-NW-7|IE-W-1|IE-W-2|IE-ALL,https://cms.eirgrid.ie/sites/default/files/publications/Wind-Dispatch-Tool-Constraint-Group-Overview_1.pdf,Plant/capacity/station from official controllability update; bus and coordinates attached from SV2024 all-island network.
Boggeragh 1,Wind farm,Associated 110 kV station per EirGrid controllability list,,,52.0384891,-8.9086408,57,Published installed capacity MW; not asserted to equal MEC,Not provided by the January 2024 controllability list,Yes; market-unit mapping may be required,SV2024 electrical station coordinate; not plant centroid,2024-01,https://cms.eirgrid.ie/sites/default/files/publications/Controllability-Status-Update-2024-01-January.pdf,IE,1551,Boggeragh,BOGGERAGH,"(9, 17, 23, 26, 31, 40)",IE-W-2|IE-SW-1|IE-SW-5|IE-SW-8|IE-SE-2|IE-ALL,https://cms.eirgrid.ie/sites/default/files/publications/Wind-Dispatch-Tool-Constraint-Group-Overview_1.pdf,Plant/capacity/station from official controllability update; bus and coordinates attached from SV2024 all-island network.
Boggeragh 2,Wind farm,Associated 110 kV station per EirGrid controllability list,,,52.0384891,-8.9086408,65.7,Published installed capacity MW; not asserted to equal MEC,Not provided by the January 2024 controllability list,Yes; market-unit mapping may be required,SV2024 electrical station coordinate; not plant centroid,2024-01,https://cms.eirgrid.ie/sites/default/files/publications/Controllability-Status-Update-2024-01-January.pdf,IE,1551,Boggeragh,BOGGERAGH,"(9, 17, 23, 26, 31, 40)",IE-W-2|IE-SW-1|IE-SW-5|IE-SW-8|IE-SE-2|IE-ALL,https://cms.eirgrid.ie/sites/default/files/publications/Wind-Dispatch-Tool-Constraint-Group-Overview_1.pdf,Plant/capacity/station from official controllability update; bus and coordinates attached from SV2024 all-island network.
Booltiagh Phase 1,Wind farm,Associated 110 kV station per EirGrid controllability list,,,52.7756037,-9.2404830,19.5,Published installed capacity MW; not asserted to equal MEC,Not provided by the January 2024 controllability list,Yes; market-unit mapping may be required,SV2024 electrical station coordinate; not plant centroid,2024-01,https://cms.eirgrid.ie/sites/default/files/publications/Controllability-Status-Update-2024-01-January.pdf,IE,1251,Booltiagh,BOOLTIAGH,"(8, 9, 17, 40)",IE-W-1|IE-W-2|IE-SW-1|IE-ALL,https://cms.eirgrid.ie/sites/default/files/publications/Wind-Dispatch-Tool-Constraint-Group-Overview_1.pdf,Plant/capacity/station from official controllability update; bus and coordinates attached from SV2024 all-island network.
Booltiagh Phase 2,Wind farm,Associated 110 kV station per EirGrid controllability list,,,52.7756037,-9.2404830,13.8,Published installed capacity MW; not asserted to equal MEC,Not provided by the January 2024 controllability list,Yes; market-unit mapping may be required,SV2024 electrical station coordinate; not plant centroid,2024-01,https://cms.eirgrid.ie/sites/default/files/publications/Controllability-Status-Update-2024-01-January.pdf,IE,1251,Booltiagh,BOOLTIAGH,"(8, 9, 17, 40)",IE-W-1|IE-W-2|IE-SW-1|IE-ALL,https://cms.eirgrid.ie/sites/default/files/publications/Wind-Dispatch-Tool-Constraint-Group-Overview_1.pdf,Plant/capacity/station from official controllability update; bus and coordinates attached from SV2024 all-island network.
Bruckana,Wind farm,Associated 110 kV station per EirGrid controllability list,,,52.7513555,-7.6819128,42,Published installed capacity MW; not asserted to equal MEC,Not provided by the January 2024 controllability list,Yes; market-unit mapping may be required,SV2024 electrical station coordinate; not plant centroid,2024-01,https://cms.eirgrid.ie/sites/default/files/publications/Controllability-Status-Update-2024-01-January.pdf,IE,3621,Lisheen,LISHEEN,"(8, 9, 12, 16, 29, 31, 40)",IE-W-1|IE-W-2|IE-W-5|IE-W-9|IE-SW-11|IE-SE-2|IE-ALL,https://cms.eirgrid.ie/sites/default/files/publications/Wind-Dispatch-Tool-Constraint-Group-Overview_1.pdf,Plant/capacity/station from official controllability update; bus and coordinates attached from SV2024 all-island network.
Caherdowney,Wind farm,Associated 110 kV station per EirGrid controllability list,,,52.0026938,-9.1312370,9.2,Published installed capacity MW; not asserted to equal MEC,Not provided by the January 2024 controllability list,Yes; market-unit mapping may be required,SV2024 electrical station coordinate; not plant centroid,2024-01,https://cms.eirgrid.ie/sites/default/files/publications/Controllability-Status-Update-2024-01-January.pdf,IE,2771,Garrow,GARROW,"(9, 17, 23, 24, 26, 31, 40)",IE-W-2|IE-SW-1|IE-SW-5|IE-SW-6|IE-SW-8|IE-SE-2|IE-ALL,https://cms.eirgrid.ie/sites/default/files/publications/Wind-Dispatch-Tool-Constraint-Group-Overview_1.pdf,Plant/capacity/station from official controllability update; bus and coordinates attached from SV2024 all-island network.
Carraigcannon,Wind farm,Associated 110 kV station per EirGrid controllability list,,,52.0384891,-8.9086408,23,Published installed capacity MW; not asserted to equal MEC,Not provided by the January 2024 controllability list,Yes; market-unit mapping may be required,SV2024 electrical station coordinate; not plant centroid,2024-01,https://cms.eirgrid.ie/sites/default/files/publications/Controllability-Status-Update-2024-01-January.pdf,IE,1551,Boggeragh,BOGGERAGH,"(9, 17, 23, 26, 31, 40)",IE-W-2|IE-SW-1|IE-SW-5|IE-SW-8|IE-SE-2|IE-ALL,https://cms.eirgrid.ie/sites/default/files/publications/Wind-Dispatch-Tool-Constraint-Group-Overview_1.pdf,Plant/capacity/station from official controllability update; bus and coordinates attached from SV2024 all-island network.
Carrickeeny,Wind farm,Associated 110 kV station per EirGrid controllability list,,,54.2412252,-8.4672217,8,Published installed capacity MW; not asserted to equal MEC,Not provided by the January 2024 controllability list,Yes; market-unit mapping may be required,SV2024 electrical station coordinate; not plant centroid,2024-01,https://cms.eirgrid.ie/sites/default/files/publications/Controllability-Status-Update-2024-01-January.pdf,IE,4981,Sligo,SLIGO,"(3, 4, 5, 8, 9, 40)",IE-NW-3|IE-NW-4|IE-NW-5|IE-W-1|IE-W-2|IE-ALL,https://cms.eirgrid.ie/sites/default/files/publications/Wind-Dispatch-Tool-Constraint-Group-Overview_1.pdf,Plant/capacity/station from official controllability update; bus and coordinates attached from SV2024 all-island network.
Carrowleagh,Wind farm,Associated 110 kV station per EirGrid controllability list,,,54.1053454,-8.9893244,36.8,Published installed capacity MW; not asserted to equal MEC,Not provided by the January 2024 controllability list,Yes; market-unit mapping may be required,SV2024 electrical station coordinate; not plant centroid,2024-01,https://cms.eirgrid.ie/sites/default/files/publications/Controllability-Status-Update-2024-01-January.pdf,IE,4371,Glenree,GLENREE,"(3, 4, 5, 8, 9, 13, 15, 40)",IE-NW-3|IE-NW-4|IE-NW-5|IE-W-1|IE-W-2|IE-W-6|IE-W-8|IE-ALL,https://cms.eirgrid.ie/sites/default/files/publications/Wind-Dispatch-Tool-Constraint-Group-Overview_1.pdf,Plant/capacity/station from official controllability update; bus and coordinates attached from SV2024 all-island network.
Castledockrell,Wind farm,Associated 110 kV station per EirGrid controllability list,,,52.5904745,-6.6343018,41.4,Published installed capacity MW; not asserted to equal MEC,Not provided by the January 2024 controllability list,Yes; market-unit mapping may be required,SV2024 electrical station coordinate; not plant centroid,2024-01,https://cms.eirgrid.ie/sites/default/files/publications/Controllability-Status-Update-2024-01-January.pdf,IE,1991,Castledockrell,CASTLEDOCKRE,"(30, 33, 40)",IE-SE-1|IE-SE-4|IE-ALL,https://cms.eirgrid.ie/sites/default/files/publications/Wind-Dispatch-Tool-Constraint-Group-Overview_1.pdf,Plant/capacity/station from official controllability update; bus and coordinates attached from SV2024 all-island network.
Clahane,Wind farm,Associated 110 kV station per EirGrid controllability list,,,52.3787738,-9.5480260,40,Published installed capacity MW; not asserted to equal MEC,Not provided by the January 2024 controllability list,Yes; market-unit mapping may be required,SV2024 electrical station coordinate; not plant centroid,2024-01,https://cms.eirgrid.ie/sites/default/files/publications/Controllability-Status-Update-2024-01-January.pdf,IE,1651,Clahane,CLAHANE,"(9, 17, 25, 27, 28, 40)",IE-W-2|IE-SW-1|IE-SW-7|IE-SW-9|IE-SW-10|IE-ALL,https://cms.eirgrid.ie/sites/default/files/publications/Wind-Dispatch-Tool-Constraint-Group-Overview_1.pdf,Plant/capacity/station from official controllability update; bus and coordinates attached from SV2024 all-island network.
Cloghboola,Wind farm,Associated 110 kV station per EirGrid controllability list,,,52.3305984,-9.4380864,48,Published installed capacity MW; not asserted to equal MEC,Not provided by the January 2024 controllability list,Yes; market-unit mapping may be required,SV2024 electrical station coordinate; not plant centroid,2024-01,https://cms.eirgrid.ie/sites/default/files/publications/Controllability-Status-Update-2024-01-January.pdf,IE,1511,Cloghboola,CLOGHBOOLA,"(9, 17, 25, 27, 28, 40)",IE-W-2|IE-SW-1|IE-SW-7|IE-SW-9|IE-SW-10|IE-ALL,https://cms.eirgrid.ie/sites/default/files/publications/Wind-Dispatch-Tool-Constraint-Group-Overview_1.pdf,Plant/capacity/station from official controllability update; bus and coordinates attached from SV2024 all-island network.
Coomacheo,Wind farm,Associated 110 kV station per EirGrid controllability list,,,52.0026938,-9.1312370,59.8,Published installed capacity MW; not asserted to equal MEC,Not provided by the January 2024 controllability list,Yes; market-unit mapping may be required,SV2024 electrical station coordinate; not plant centroid,2024-01,https://cms.eirgrid.ie/sites/default/files/publications/Controllability-Status-Update-2024-01-January.pdf,IE,2771,Garrow,GARROW,"(9, 17, 23, 24, 26, 31, 40)",IE-W-2|IE-SW-1|IE-SW-5|IE-SW-6|IE-SW-8|IE-SE-2|IE-ALL,https://cms.eirgrid.ie/sites/default/files/publications/Wind-Dispatch-Tool-Constraint-Group-Overview_1.pdf,Plant/capacity/station from official controllability update; bus and coordinates attached from SV2024 all-island network.
Coomatallin,Wind farm,Associated 110 kV station per EirGrid controllability list,,,51.7232312,-9.0897487,6,Published installed capacity MW; not asserted to equal MEC,Not provided by the January 2024 controllability list,Yes; market-unit mapping may be required,SV2024 electrical station coordinate; not plant centroid,2024-01,https://cms.eirgrid.ie/sites/default/files/publications/Controllability-Status-Update-2024-01-January.pdf,IE,2221,Dunmanway,DUNMANWAY,"(9, 17, 23, 26, 31, 40)",IE-W-2|IE-SW-1|IE-SW-5|IE-SW-8|IE-SE-2|IE-ALL,https://cms.eirgrid.ie/sites/default/files/publications/Wind-Dispatch-Tool-Constraint-Group-Overview_1.pdf,Plant/capacity/station from official controllability update; bus and coordinates attached from SV2024 all-island network.
Coomagearlahy 1 (Kilgarvan),Wind farm,Associated 110 kV station per EirGrid controllability list,,,51.9385387,-9.3114850,45,Published installed capacity MW; not asserted to equal MEC,Not provided by the January 2024 controllability list,Yes; market-unit mapping may be required,SV2024 electrical station coordinate; not plant centroid,2024-01,https://cms.eirgrid.ie/sites/default/files/publications/Controllability-Status-Update-2024-01-January.pdf,IE,1971,Coomagearlahy,COOMAGEARLAH,"(9, 17, 23, 26, 31, 40)",IE-W-2|IE-SW-1|IE-SW-5|IE-SW-8|IE-SE-2|IE-ALL,https://cms.eirgrid.ie/sites/default/files/publications/Wind-Dispatch-Tool-Constraint-Group-Overview_1.pdf,Plant/capacity/station from official controllability update; bus and coordinates attached from SV2024 all-island network.
Coomagearlahy 2 (Sillahertane),Wind farm,Associated 110 kV station per EirGrid controllability list,,,51.9385387,-9.3114850,8.5,Published installed capacity MW; not asserted to equal MEC,Not provided by the January 2024 controllability list,Yes; market-unit mapping may be required,SV2024 electrical station coordinate; not plant centroid,2024-01,https://cms.eirgrid.ie/sites/default/files/publications/Controllability-Status-Update-2024-01-January.pdf,IE,1971,Coomagearlahy,COOMAGEARLAH,"(9, 17, 23, 26, 31, 40)",IE-W-2|IE-SW-1|IE-SW-5|IE-SW-8|IE-SE-2|IE-ALL,https://cms.eirgrid.ie/sites/default/files/publications/Wind-Dispatch-Tool-Constraint-Group-Overview_1.pdf,Plant/capacity/station from official controllability update; bus and coordinates attached from SV2024 all-island network.
Coomagearlahy 3 (Inchincoosh),Wind farm,Associated 110 kV station per EirGrid controllability list,,,51.9385387,-9.3114850,32.5,Published installed capacity MW; not asserted to equal MEC,Not provided by the January 2024 controllability list,Yes; market-unit mapping may be required,SV2024 electrical station coordinate; not plant centroid,2024-01,https://cms.eirgrid.ie/sites/default/files/publications/Controllability-Status-Update-2024-01-January.pdf,IE,1971,Coomagearlahy,COOMAGEARLAH,"(9, 17, 23, 26, 31, 40)",IE-W-2|IE-SW-1|IE-SW-5|IE-SW-8|IE-SE-2|IE-ALL,https://cms.eirgrid.ie/sites/default/files/publications/Wind-Dispatch-Tool-Constraint-Group-Overview_1.pdf,Plant/capacity/station from official controllability update; bus and coordinates attached from SV2024 all-island network.
Cronelea 1,Wind farm,Associated 110 kV station per EirGrid controllability list,,,52.8325066,-6.8445771,4.6,Published installed capacity MW; not asserted to equal MEC,Not provided by the January 2024 controllability list,Yes; market-unit mapping may be required,SV2024 electrical station coordinate; not plant centroid,2024-01,https://cms.eirgrid.ie/sites/default/files/publications/Controllability-Status-Update-2024-01-January.pdf,IE,1901,Carlow,CARLOW,"(31, 40)",IE-SE-2|IE-ALL,https://cms.eirgrid.ie/sites/default/files/publications/Wind-Dispatch-Tool-Constraint-Group-Overview_1.pdf,Plant/capacity/station from official controllability update; bus and coordinates attached from SV2024 all-island network.
Cronelea 2,Wind farm,Associated 110 kV station per EirGrid controllability list,,,52.8325066,-6.8445771,4.6,Published installed capacity MW; not asserted to equal MEC,Not provided by the January 2024 controllability list,Yes; market-unit mapping may be required,SV2024 electrical station coordinate; not plant centroid,2024-01,https://cms.eirgrid.ie/sites/default/files/publications/Controllability-Status-Update-2024-01-January.pdf,IE,1901,Carlow,CARLOW,"(31, 40)",IE-SE-2|IE-ALL,https://cms.eirgrid.ie/sites/default/files/publications/Wind-Dispatch-Tool-Constraint-Group-Overview_1.pdf,Plant/capacity/station from official controllability update; bus and coordinates attached from SV2024 all-island network.
Derrybrien,Wind farm,Associated 110 kV station per EirGrid controllability list,,,53.0367354,-8.5499195,59.5,Published installed capacity MW; not asserted to equal MEC,Not provided by the January 2024 controllability list,Yes; market-unit mapping may be required,SV2024 electrical station coordinate; not plant centroid,2024-01,https://cms.eirgrid.ie/sites/default/files/publications/Controllability-Status-Update-2024-01-January.pdf,IE,2231,Agannygal,DERRYBRIEN,"(8, 9, 17, 40)",IE-W-1|IE-W-2|IE-SW-1|IE-ALL,https://cms.eirgrid.ie/sites/default/files/publications/Wind-Dispatch-Tool-Constraint-Group-Overview_1.pdf,Plant/capacity/station from official controllability update; bus and coordinates attached from SV2024 all-island network.
Dromada,Wind farm,Associated 110 kV station per EirGrid controllability list,,,52.4434711,-9.2344983,28.5,Published installed capacity MW; not asserted to equal MEC,Not provided by the January 2024 controllability list,Yes; market-unit mapping may be required,SV2024 electrical station coordinate; not plant centroid,2024-01,https://cms.eirgrid.ie/sites/default/files/publications/Controllability-Status-Update-2024-01-January.pdf,IE,2131,Dromada,DROMADA,"(9, 17, 25, 40)",IE-W-2|IE-SW-1|IE-SW-7|IE-ALL,https://cms.eirgrid.ie/sites/default/files/publications/Wind-Dispatch-Tool-Constraint-Group-Overview_1.pdf,Plant/capacity/station from official controllability update; bus and coordinates attached from SV2024 all-island network.
Dromdeeveen,Wind farm,Associated 110 kV station per EirGrid controllability list,,,52.2053487,-9.0238080,28,Published installed capacity MW; not asserted to equal MEC,Not provided by the January 2024 controllability list,Yes; market-unit mapping may be required,SV2024 electrical station coordinate; not plant centroid,2024-01,https://cms.eirgrid.ie/sites/default/files/publications/Controllability-Status-Update-2024-01-January.pdf,IE,2881,Glenlara,GLENLARA,"(9, 19, 20, 21, 40)",IE-W-2|IE-SW-3A|IE-SW-3B|IE-SW-3C|IE-ALL,https://cms.eirgrid.ie/sites/default/files/publications/Wind-Dispatch-Tool-Constraint-Group-Overview_1.pdf,Plant/capacity/station from official controllability update; bus and coordinates attached from SV2024 all-island network.
Drumlough Hill 2,Wind farm,Associated 110 kV station per EirGrid controllability list,,,55.1127756,-7.4186417,10.2,Published installed capacity MW; not asserted to equal MEC,Not provided by the January 2024 controllability list,Yes; market-unit mapping may be required,SV2024 electrical station coordinate; not plant centroid,2024-01,https://cms.eirgrid.ie/sites/default/files/publications/Controllability-Status-Update-2024-01-January.pdf,IE,5361,Trillick,TRILLICK,"(1, 3, 4, 5, 6, 9, 40)",IE-NW-1|IE-NW-3|IE-NW-4|IE-NW-5|IE-NW-6|IE-W-2|IE-ALL,https://cms.eirgrid.ie/sites/default/files/publications/Wind-Dispatch-Tool-Constraint-Group-Overview_1.pdf,Plant/capacity/station from official controllability update; bus and coordinates attached from SV2024 all-island network.
Faughary,Wind farm,Associated 110 kV station per EirGrid controllability list,,,54.2412252,-8.4672217,6,Published installed capacity MW; not asserted to equal MEC,Not provided by the January 2024 controllability list,Yes; market-unit mapping may be required,SV2024 electrical station coordinate; not plant centroid,2024-01,https://cms.eirgrid.ie/sites/default/files/publications/Controllability-Status-Update-2024-01-January.pdf,IE,4981,Sligo,SLIGO,"(3, 4, 5, 8, 9, 40)",IE-NW-3|IE-NW-4|IE-NW-5|IE-W-1|IE-W-2|IE-ALL,https://cms.eirgrid.ie/sites/default/files/publications/Wind-Dispatch-Tool-Constraint-Group-Overview_1.pdf,Plant/capacity/station from official controllability update; bus and coordinates attached from SV2024 all-island network.
Flughland,Wind farm,Associated 110 kV station per EirGrid controllability list,,,55.1313547,-7.3684232,9.2,Published installed capacity MW; not asserted to equal MEC,Not provided by the January 2024 controllability list,Yes; market-unit mapping may be required,SV2024 electrical station coordinate; not plant centroid,2024-01,https://cms.eirgrid.ie/sites/default/files/publications/Controllability-Status-Update-2024-01-January.pdf,IE,4991,Sorne Hill,SORNE HILL,"(1, 3, 4, 5, 6, 9, 40)",IE-NW-1|IE-NW-3|IE-NW-4|IE-NW-5|IE-NW-6|IE-W-2|IE-ALL,https://cms.eirgrid.ie/sites/default/files/publications/Wind-Dispatch-Tool-Constraint-Group-Overview_1.pdf,Plant/capacity/station from official controllability update; bus and coordinates attached from SV2024 all-island network.
Garracummer,Wind farm,Associated 110 kV station per EirGrid controllability list,,,52.5375573,-8.1938573,42.5,Published installed capacity MW; not asserted to equal MEC,Not provided by the January 2024 controllability list,Yes; market-unit mapping may be required,SV2024 electrical station coordinate; not plant centroid,2024-01,https://cms.eirgrid.ie/sites/default/files/publications/Controllability-Status-Update-2024-01-January.pdf,IE,5271,Cauteen,CAUTEEN,"(8, 9, 11, 29, 31, 40)",IE-W-1|IE-W-2|IE-W-4|IE-SW-11|IE-SE-2|IE-ALL,https://cms.eirgrid.ie/sites/default/files/publications/Wind-Dispatch-Tool-Constraint-Group-Overview_1.pdf,Plant/capacity/station from official controllability update; bus and coordinates attached from SV2024 all-island network.
Garraneragh,Wind farm,Associated 110 kV station per EirGrid controllability list,,,51.8957884,-8.8921962,9.2,Published installed capacity MW; not asserted to equal MEC,Not provided by the January 2024 controllability list,Yes; market-unit mapping may be required,SV2024 electrical station coordinate; not plant centroid,2024-01,https://cms.eirgrid.ie/sites/default/files/publications/Controllability-Status-Update-2024-01-January.pdf,IE,3881,Macroom,MACROOM,"(9, 17, 23, 31, 40)",IE-W-2|IE-SW-1|IE-SW-5|IE-SE-2|IE-ALL,https://cms.eirgrid.ie/sites/default/files/publications/Wind-Dispatch-Tool-Constraint-Group-Overview_1.pdf,Plant/capacity/station from official controllability update; bus and coordinates attached from SV2024 all-island network.
Garvagh 1 (Glebe),Wind farm,Associated 110 kV station per EirGrid controllability list,,,54.1504588,-8.1924874,26,Published installed capacity MW; not asserted to equal MEC,Not provided by the January 2024 controllability list,Yes; market-unit mapping may be required,SV2024 electrical station coordinate; not plant centroid,2024-01,https://cms.eirgrid.ie/sites/default/files/publications/Controllability-Status-Update-2024-01-January.pdf,IE,2671,Garvagh,GARVAGH,"(3, 4, 5, 7, 8, 9, 40)",IE-NW-3|IE-NW-4|IE-NW-5|IE-NW-7|IE-W-1|IE-W-2|IE-ALL,https://cms.eirgrid.ie/sites/default/files/publications/Wind-Dispatch-Tool-Constraint-Group-Overview_1.pdf,Plant/capacity/station from official controllability update; bus and coordinates attached from SV2024 all-island network.
Garvagh 2 (Tullynahaw),Wind farm,Associated 110 kV station per EirGrid controllability list,,,54.1504588,-8.1924874,22,Published installed capacity MW; not asserted to equal MEC,Not provided by the January 2024 controllability list,Yes; market-unit mapping may be required,SV2024 electrical station coordinate; not plant centroid,2024-01,https://cms.eirgrid.ie/sites/default/files/publications/Controllability-Status-Update-2024-01-January.pdf,IE,2671,Garvagh,GARVAGH,"(3, 4, 5, 7, 8, 9, 40)",IE-NW-3|IE-NW-4|IE-NW-5|IE-NW-7|IE-W-1|IE-W-2|IE-ALL,https://cms.eirgrid.ie/sites/default/files/publications/Wind-Dispatch-Tool-Constraint-Group-Overview_1.pdf,Plant/capacity/station from official controllability update; bus and coordinates attached from SV2024 all-island network.
Gibbet Hill,Wind farm,Associated 110 kV station per EirGrid controllability list,,,52.5791650,-6.5358105,15,Published installed capacity MW; not asserted to equal MEC,Not provided by the January 2024 controllability list,Yes; market-unit mapping may be required,SV2024 electrical station coordinate; not plant centroid,2024-01,https://cms.eirgrid.ie/sites/default/files/publications/Controllability-Status-Update-2024-01-January.pdf,IE,36411,Crory,CRORY,"(30, 33, 40)",IE-SE-1|IE-SE-4|IE-ALL,https://cms.eirgrid.ie/sites/default/files/publications/Wind-Dispatch-Tool-Constraint-Group-Overview_1.pdf,Plant/capacity/station from official controllability update; bus and coordinates attached from SV2024 all-island network.
Glanlee (Midas Gen unit),Wind farm,Associated 110 kV station per EirGrid controllability list,,,51.9254630,-9.3067693,32.45,Published installed capacity MW; not asserted to equal MEC,Not provided by the January 2024 controllability list,Yes; market-unit mapping may be required,SV2024 electrical station coordinate; not plant centroid,2024-01,https://cms.eirgrid.ie/sites/default/files/publications/Controllability-Status-Update-2024-01-January.pdf,IE,2731,Glanlee,GLANLEE,"(9, 17, 23, 26, 31, 40)",IE-W-2|IE-SW-1|IE-SW-5|IE-SW-8|IE-SE-2|IE-ALL,https://cms.eirgrid.ie/sites/default/files/publications/Wind-Dispatch-Tool-Constraint-Group-Overview_1.pdf,Plant/capacity/station from official controllability update; bus and coordinates attached from SV2024 all-island network.
Glenough,Wind farm,Associated 110 kV station per EirGrid controllability list,,,52.5375573,-8.1938573,32.5,Published installed capacity MW; not asserted to equal MEC,Not provided by the January 2024 controllability list,Yes; market-unit mapping may be required,SV2024 electrical station coordinate; not plant centroid,2024-01,https://cms.eirgrid.ie/sites/default/files/publications/Controllability-Status-Update-2024-01-January.pdf,IE,5271,Cauteen,CAUTEEN,"(8, 9, 11, 29, 31, 40)",IE-W-1|IE-W-2|IE-W-4|IE-SW-11|IE-SE-2|IE-ALL,https://cms.eirgrid.ie/sites/default/files/publications/Wind-Dispatch-Tool-Constraint-Group-Overview_1.pdf,Plant/capacity/station from official controllability update; bus and coordinates attached from SV2024 all-island network.
Gortahile,Wind farm,Associated 110 kV station per EirGrid controllability list,,,52.8325066,-6.8445771,20,Published installed capacity MW; not asserted to equal MEC,Not provided by the January 2024 controllability list,Yes; market-unit mapping may be required,SV2024 electrical station coordinate; not plant centroid,2024-01,https://cms.eirgrid.ie/sites/default/files/publications/Controllability-Status-Update-2024-01-January.pdf,IE,1901,Carlow,CARLOW,"(31, 40)",IE-SE-2|IE-ALL,https://cms.eirgrid.ie/sites/default/files/publications/Wind-Dispatch-Tool-Constraint-Group-Overview_1.pdf,Plant/capacity/station from official controllability update; bus and coordinates attached from SV2024 all-island network.
Gneeves,Wind farm,Associated 110 kV station per EirGrid controllability list,,,52.0764652,-9.4387403,9.35,Published installed capacity MW; not asserted to equal MEC,Not provided by the January 2024 controllability list,Yes; market-unit mapping may be required,SV2024 electrical station coordinate; not plant centroid,2024-01,https://cms.eirgrid.ie/sites/default/files/publications/Controllability-Status-Update-2024-01-January.pdf,IE,3301,Knockearagh,KNOCKEARAGH,"(9, 17, 23, 26, 40)",IE-W-2|IE-SW-1|IE-SW-5|IE-SW-8|IE-ALL,https://cms.eirgrid.ie/sites/default/files/publications/Wind-Dispatch-Tool-Constraint-Group-Overview_1.pdf,Plant/capacity/station from official controllability update; bus and coordinates attached from SV2024 all-island network.
Grove Hill,Wind farm,Associated 110 kV station per EirGrid controllability list,,,54.0053368,-6.4237884,17.1,Published installed capacity MW; not asserted to equal MEC,Not provided by the January 2024 controllability list,Yes; market-unit mapping may be required,SV2024 electrical station coordinate; not plant centroid,2024-01,https://cms.eirgrid.ie/sites/default/files/publications/Controllability-Status-Update-2024-01-January.pdf,IE,2101,Dundalk,DUNDALK,"(40,)",IE-ALL,https://cms.eirgrid.ie/sites/default/files/publications/Wind-Dispatch-Tool-Constraint-Group-Overview_1.pdf,Plant/capacity/station from official controllability update; bus and coordinates attached from SV2024 all-island network.
Grouse Lodge,Wind farm,Associated 110 kV station per EirGrid controllability list,,,52.5436993,-8.9685536,15.42,Published installed capacity MW; not asserted to equal MEC,Not provided by the January 2024 controllability list,Yes; market-unit mapping may be required,SV2024 electrical station coordinate; not plant centroid,2024-01,https://cms.eirgrid.ie/sites/default/files/publications/Controllability-Status-Update-2024-01-January.pdf,IE,4681,Rathkeale,RATHKEALE,"(8, 9, 17, 18, 40)",IE-W-1|IE-W-2|IE-SW-1|IE-SW-2|IE-ALL,https://cms.eirgrid.ie/sites/default/files/publications/Wind-Dispatch-Tool-Constraint-Group-Overview_1.pdf,Plant/capacity/station from official controllability update; bus and coordinates attached from SV2024 all-island network.
Hollyford,Wind farm,Associated 110 kV station per EirGrid controllability list,,,52.5375573,-8.1938573,9.3,Published installed capacity MW; not asserted to equal MEC,Not provided by the January 2024 controllability list,Yes; market-unit mapping may be required,SV2024 electrical station coordinate; not plant centroid,2024-01,https://cms.eirgrid.ie/sites/default/files/publications/Controllability-Status-Update-2024-01-January.pdf,IE,5271,Cauteen,CAUTEEN,"(8, 9, 11, 29, 31, 40)",IE-W-1|IE-W-2|IE-W-4|IE-SW-11|IE-SE-2|IE-ALL,https://cms.eirgrid.ie/sites/default/files/publications/Wind-Dispatch-Tool-Constraint-Group-Overview_1.pdf,Plant/capacity/station from official controllability update; bus and coordinates attached from SV2024 all-island network.
Kealkil,Wind farm,Associated 110 kV station per EirGrid controllability list,,,51.7239932,-9.4296621,8.5,Published installed capacity MW; not asserted to equal MEC,Not provided by the January 2024 controllability list,Yes; market-unit mapping may be required,SV2024 electrical station coordinate; not plant centroid,2024-01,https://cms.eirgrid.ie/sites/default/files/publications/Controllability-Status-Update-2024-01-January.pdf,IE,1281,Ballylickey,BALLYLICKEY,"(9, 17, 22, 23, 26, 31, 40)",IE-W-2|IE-SW-1|IE-SW-4|IE-SW-5|IE-SW-8|IE-SE-2|IE-ALL,https://cms.eirgrid.ie/sites/default/files/publications/Wind-Dispatch-Tool-Constraint-Group-Overview_1.pdf,Plant/capacity/station from official controllability update; bus and coordinates attached from SV2024 all-island network.
Killaveenoge,Wind farm,Associated 110 kV station per EirGrid controllability list,,,51.7232312,-9.0897487,25,Published installed capacity MW; not asserted to equal MEC,Not provided by the January 2024 controllability list,Yes; market-unit mapping may be required,SV2024 electrical station coordinate; not plant centroid,2024-01,https://cms.eirgrid.ie/sites/default/files/publications/Controllability-Status-Update-2024-01-January.pdf,IE,2221,Dunmanway,DUNMANWAY,"(9, 17, 23, 26, 31, 40)",IE-W-2|IE-SW-1|IE-SW-5|IE-SW-8|IE-SE-2|IE-ALL,https://cms.eirgrid.ie/sites/default/files/publications/Wind-Dispatch-Tool-Constraint-Group-Overview_1.pdf,Plant/capacity/station from official controllability update; bus and coordinates attached from SV2024 all-island network.
Kill Hill,Wind farm,Associated 110 kV station per EirGrid controllability list,,,52.5172741,-7.8209426,36,Published installed capacity MW; not asserted to equal MEC,Not provided by the January 2024 controllability list,Yes; market-unit mapping may be required,SV2024 electrical station coordinate; not plant centroid,2024-01,https://cms.eirgrid.ie/sites/default/files/publications/Controllability-Status-Update-2024-01-January.pdf,IE,2391,Kill Hill,KILL HILL,"(8, 9, 16, 29, 31, 40)",IE-W-1|IE-W-2|IE-W-9|IE-SW-11|IE-SE-2|IE-ALL,https://cms.eirgrid.ie/sites/default/files/publications/Wind-Dispatch-Tool-Constraint-Group-Overview_1.pdf,Plant/capacity/station from official controllability update; bus and coordinates attached from SV2024 all-island network.
Kingsmountain 2 (Dunneil),Wind farm,Associated 110 kV station per EirGrid controllability list,,,54.1111523,-8.6491987,11.05,Published installed capacity MW; not asserted to equal MEC,Not provided by the January 2024 controllability list,Yes; market-unit mapping may be required,SV2024 electrical station coordinate; not plant centroid,2024-01,https://cms.eirgrid.ie/sites/default/files/publications/Controllability-Status-Update-2024-01-January.pdf,IE,1931,Cunghill,CUNGHILL,"(3, 4, 5, 8, 9, 13, 15, 40)",IE-NW-3|IE-NW-4|IE-NW-5|IE-W-1|IE-W-2|IE-W-6|IE-W-8|IE-ALL,https://cms.eirgrid.ie/sites/default/files/publications/Wind-Dispatch-Tool-Constraint-Group-Overview_1.pdf,Plant/capacity/station from official controllability update; bus and coordinates attached from SV2024 all-island network.
Knockacummer,Wind farm,Associated 110 kV station per EirGrid controllability list,,,52.2595355,-9.1006362,100,Published installed capacity MW; not asserted to equal MEC,Not provided by the January 2024 controllability list,Yes; market-unit mapping may be required,SV2024 electrical station coordinate; not plant centroid,2024-01,https://cms.eirgrid.ie/sites/default/files/publications/Controllability-Status-Update-2024-01-January.pdf,IE,3391,Knockacummer,KNOCKACUMMER,"(9, 19, 20, 21, 40)",IE-W-2|IE-SW-3A|IE-SW-3B|IE-SW-3C|IE-ALL,https://cms.eirgrid.ie/sites/default/files/publications/Wind-Dispatch-Tool-Constraint-Group-Overview_1.pdf,Plant/capacity/station from official controllability update; bus and coordinates attached from SV2024 all-island network.
Knockaneden,Wind farm,Associated 110 kV station per EirGrid controllability list,,,52.1366250,-9.6927788,9.2,Published installed capacity MW; not asserted to equal MEC,Not provided by the January 2024 controllability list,Yes; market-unit mapping may be required,SV2024 electrical station coordinate; not plant centroid,2024-01,https://cms.eirgrid.ie/sites/default/files/publications/Controllability-Status-Update-2024-01-January.pdf,IE,4361,Oughtrah,OUGHTRAGH,"(9, 17, 40)",IE-W-2|IE-SW-1|IE-ALL,https://cms.eirgrid.ie/sites/default/files/publications/Wind-Dispatch-Tool-Constraint-Group-Overview_1.pdf,Plant/capacity/station from official controllability update; bus and coordinates attached from SV2024 all-island network.
Knockastanna,Wind farm,Associated 110 kV station per EirGrid controllability list,,,52.7049873,-8.6163685,6,Published installed capacity MW; not asserted to equal MEC,Not provided by the January 2024 controllability list,Yes; market-unit mapping may be required,SV2024 electrical station coordinate; not plant centroid,2024-01,https://cms.eirgrid.ie/sites/default/files/publications/Controllability-Status-Update-2024-01-January.pdf,IE,1021,Ardnacrusha,ARDNACRUSHA,"(8, 9, 17, 40)",IE-W-1|IE-W-2|IE-SW-1|IE-ALL,https://cms.eirgrid.ie/sites/default/files/publications/Wind-Dispatch-Tool-Constraint-Group-Overview_1.pdf,Plant/capacity/station from official controllability update; bus and coordinates attached from SV2024 all-island network.
Knockawarriga,Wind farm,Associated 110 kV station per EirGrid controllability list,,,52.4245772,-9.4261150,22.5,Published installed capacity MW; not asserted to equal MEC,Not provided by the January 2024 controllability list,Yes; market-unit mapping may be required,SV2024 electrical station coordinate; not plant centroid,2024-01,https://cms.eirgrid.ie/sites/default/files/publications/Controllability-Status-Update-2024-01-January.pdf,IE,5261,Trien,TRIEN,"(9, 17, 25, 27, 28, 40)",IE-W-2|IE-SW-1|IE-SW-7|IE-SW-9|IE-SW-10|IE-ALL,https://cms.eirgrid.ie/sites/default/files/publications/Wind-Dispatch-Tool-Constraint-Group-Overview_1.pdf,Plant/capacity/station from official controllability update; bus and coordinates attached from SV2024 all-island network.
Knocknagoum,Wind farm,Associated 110 kV station per EirGrid controllability list,,,52.3021240,-9.5436255,44.35,Published installed capacity MW; not asserted to equal MEC,Not provided by the January 2024 controllability list,Yes; market-unit mapping may be required,SV2024 electrical station coordinate; not plant centroid,2024-01,https://cms.eirgrid.ie/sites/default/files/publications/Controllability-Status-Update-2024-01-January.pdf,IE,3251,Reamore,REAMORE,"(9, 17, 40)",IE-W-2|IE-SW-1|IE-ALL,https://cms.eirgrid.ie/sites/default/files/publications/Wind-Dispatch-Tool-Constraint-Group-Overview_1.pdf,Plant/capacity/station from official controllability update; bus and coordinates attached from SV2024 all-island network.
Knocknalour,Wind farm,Associated 110 kV station per EirGrid controllability list,,,52.5791650,-6.5358105,9.2,Published installed capacity MW; not asserted to equal MEC,Not provided by the January 2024 controllability list,Yes; market-unit mapping may be required,SV2024 electrical station coordinate; not plant centroid,2024-01,https://cms.eirgrid.ie/sites/default/files/publications/Controllability-Status-Update-2024-01-January.pdf,IE,36411,Crory,CRORY,"(30, 33, 40)",IE-SE-1|IE-SE-4|IE-ALL,https://cms.eirgrid.ie/sites/default/files/publications/Wind-Dispatch-Tool-Constraint-Group-Overview_1.pdf,Plant/capacity/station from official controllability update; bus and coordinates attached from SV2024 all-island network.
Lacken,Wind farm,Associated 110 kV station per EirGrid controllability list,,,54.1232614,-9.1879038,6.9,Published installed capacity MW; not asserted to equal MEC,Not provided by the January 2024 controllability list,Yes; market-unit mapping may be required,SV2024 electrical station coordinate; not plant centroid,2024-01,https://cms.eirgrid.ie/sites/default/files/publications/Controllability-Status-Update-2024-01-January.pdf,IE,4041,Moy,MOY,"(3, 4, 8, 9, 13, 14, 15, 40)",IE-NW-3|IE-NW-4|IE-W-1|IE-W-2|IE-W-6|IE-W-7|IE-W-8|IE-ALL,https://cms.eirgrid.ie/sites/default/files/publications/Wind-Dispatch-Tool-Constraint-Group-Overview_1.pdf,Plant/capacity/station from official controllability update; bus and coordinates attached from SV2024 all-island network.
Leitir Guingaid,Wind farm,Associated 110 kV station per EirGrid controllability list,,,53.2741041,-9.0793907,42.8,Published installed capacity MW; not asserted to equal MEC,Not provided by the January 2024 controllability list,Yes; market-unit mapping may be required,SV2024 electrical station coordinate; not plant centroid,2024-01,https://cms.eirgrid.ie/sites/default/files/publications/Controllability-Status-Update-2024-01-January.pdf,IE,4951,Salthill,SALTHILL,"(8, 9, 10, 40)",IE-W-1|IE-W-2|IE-W-3|IE-ALL,https://cms.eirgrid.ie/sites/default/files/publications/Wind-Dispatch-Tool-Constraint-Group-Overview_1.pdf,Plant/capacity/station from official controllability update; bus and coordinates attached from SV2024 all-island network.
Lisdowney,Wind farm,Associated 110 kV station per EirGrid controllability list,,,53.1760982,-7.1797192,9.2,Published installed capacity MW; not asserted to equal MEC,Not provided by the January 2024 controllability list,Yes; market-unit mapping may be required,SV2024 electrical station coordinate; not plant centroid,2024-01,https://cms.eirgrid.ie/sites/default/files/publications/Controllability-Status-Update-2024-01-January.pdf,IE,4481,Portlaoise,PORTLAOISE,"(40,)",IE-ALL,https://cms.eirgrid.ie/sites/default/files/publications/Wind-Dispatch-Tool-Constraint-Group-Overview_1.pdf,Plant/capacity/station from official controllability update; bus and coordinates attached from SV2024 all-island network.
Lisheen Phase 1,Wind farm,Associated 110 kV station per EirGrid controllability list,,,52.7513555,-7.6819128,36,Published installed capacity MW; not asserted to equal MEC,Not provided by the January 2024 controllability list,Yes; market-unit mapping may be required,SV2024 electrical station coordinate; not plant centroid,2024-01,https://cms.eirgrid.ie/sites/default/files/publications/Controllability-Status-Update-2024-01-January.pdf,IE,3621,Lisheen,LISHEEN,"(8, 9, 12, 16, 29, 31, 40)",IE-W-1|IE-W-2|IE-W-5|IE-W-9|IE-SW-11|IE-SE-2|IE-ALL,https://cms.eirgrid.ie/sites/default/files/publications/Wind-Dispatch-Tool-Constraint-Group-Overview_1.pdf,Plant/capacity/station from official controllability update; bus and coordinates attached from SV2024 all-island network.
Lisheen Phase 2,Wind farm,Associated 110 kV station per EirGrid controllability list,,,52.7513555,-7.6819128,24,Published installed capacity MW; not asserted to equal MEC,Not provided by the January 2024 controllability list,Yes; market-unit mapping may be required,SV2024 electrical station coordinate; not plant centroid,2024-01,https://cms.eirgrid.ie/sites/default/files/publications/Controllability-Status-Update-2024-01-January.pdf,IE,3621,Lisheen,LISHEEN,"(8, 9, 12, 16, 29, 31, 40)",IE-W-1|IE-W-2|IE-W-5|IE-W-9|IE-SW-11|IE-SE-2|IE-ALL,https://cms.eirgrid.ie/sites/default/files/publications/Wind-Dispatch-Tool-Constraint-Group-Overview_1.pdf,Plant/capacity/station from official controllability update; bus and coordinates attached from SV2024 all-island network.
Loughderryduff,Wind farm,Associated 110 kV station per EirGrid controllability list,,,54.7189369,-8.2634291,7.65,Published installed capacity MW; not asserted to equal MEC,Not provided by the January 2024 controllability list,Yes; market-unit mapping may be required,SV2024 electrical station coordinate; not plant centroid,2024-01,https://cms.eirgrid.ie/sites/default/files/publications/Controllability-Status-Update-2024-01-January.pdf,IE,1341,Binbane,BINBANE,"(1, 3, 4, 5, 6, 9, 40)",IE-NW-1|IE-NW-3|IE-NW-4|IE-NW-5|IE-NW-6|IE-W-2|IE-ALL,https://cms.eirgrid.ie/sites/default/files/publications/Wind-Dispatch-Tool-Constraint-Group-Overview_1.pdf,Plant/capacity/station from official controllability update; bus and coordinates attached from SV2024 all-island network.
Meenachullalan,Wind farm,Associated 110 kV station per EirGrid controllability list,,,54.7189369,-8.2634291,13.8,Published installed capacity MW; not asserted to equal MEC,Not provided by the January 2024 controllability list,Yes; market-unit mapping may be required,SV2024 electrical station coordinate; not plant centroid,2024-01,https://cms.eirgrid.ie/sites/default/files/publications/Controllability-Status-Update-2024-01-January.pdf,IE,1341,Binbane,BINBANE,"(1, 3, 4, 5, 6, 9, 40)",IE-NW-1|IE-NW-3|IE-NW-4|IE-NW-5|IE-NW-6|IE-W-2|IE-ALL,https://cms.eirgrid.ie/sites/default/files/publications/Wind-Dispatch-Tool-Constraint-Group-Overview_1.pdf,Plant/capacity/station from official controllability update; bus and coordinates attached from SV2024 all-island network.
Meentycat,Wind farm,Associated 110 kV station per EirGrid controllability list,,,54.8676656,-7.8424460,88.5,Published installed capacity MW; not asserted to equal MEC,Not provided by the January 2024 controllability list,Yes; market-unit mapping may be required,SV2024 electrical station coordinate; not plant centroid,2024-01,https://cms.eirgrid.ie/sites/default/files/publications/Controllability-Status-Update-2024-01-January.pdf,IE,4071,Drumkeen,MEENTYCAT,"(2, 3, 4, 5, 6, 9, 40)",IE-NW-2|IE-NW-3|IE-NW-4|IE-NW-5|IE-NW-6|IE-W-2|IE-ALL,https://cms.eirgrid.ie/sites/default/files/publications/Wind-Dispatch-Tool-Constraint-Group-Overview_1.pdf,Plant/capacity/station from official controllability update; bus and coordinates attached from SV2024 all-island network.
Monaincha,Wind farm,Associated 110 kV station per EirGrid controllability list,,,52.9185700,-7.7713595,36,Published installed capacity MW; not asserted to equal MEC,Not provided by the January 2024 controllability list,Yes; market-unit mapping may be required,SV2024 electrical station coordinate; not plant centroid,2024-01,https://cms.eirgrid.ie/sites/default/files/publications/Controllability-Status-Update-2024-01-January.pdf,IE,3101,Ikerrin,IKERRIN,"(8, 9, 16, 31, 40)",IE-W-1|IE-W-2|IE-W-9|IE-SE-2|IE-ALL,https://cms.eirgrid.ie/sites/default/files/publications/Wind-Dispatch-Tool-Constraint-Group-Overview_1.pdf,Plant/capacity/station from official controllability update; bus and coordinates attached from SV2024 all-island network.
Mountain Lodge,Wind farm,Associated 110 kV station per EirGrid controllability list,,,54.0013256,-7.1060697,31.5,Published installed capacity MW; not asserted to equal MEC,Not provided by the January 2024 controllability list,Yes; market-unit mapping may be required,SV2024 electrical station coordinate; not plant centroid,2024-01,https://cms.eirgrid.ie/sites/default/files/publications/Controllability-Status-Update-2024-01-January.pdf,IE,4781,Ratrussan,RATRUSSAN,"(34, 40)",IE-NE-1|IE-ALL,https://cms.eirgrid.ie/sites/default/files/publications/Wind-Dispatch-Tool-Constraint-Group-Overview_1.pdf,Plant/capacity/station from official controllability update; bus and coordinates attached from SV2024 all-island network.
Mountlucas,Wind farm,Associated 110 kV station per EirGrid controllability list,,,53.2623370,-7.2520289,84,Published installed capacity MW; not asserted to equal MEC,Not provided by the January 2024 controllability list,Yes; market-unit mapping may be required,SV2024 electrical station coordinate; not plant centroid,2024-01,https://cms.eirgrid.ie/sites/default/files/publications/Controllability-Status-Update-2024-01-January.pdf,IE,2401,Mountlucas,MOUNT LUCAS,"(32, 40)",IE-SE-3|IE-ALL,https://cms.eirgrid.ie/sites/default/files/publications/Wind-Dispatch-Tool-Constraint-Group-Overview_1.pdf,Plant/capacity/station from official controllability update; bus and coordinates attached from SV2024 all-island network.
Muingnaminanne,Wind farm,Associated 110 kV station per EirGrid controllability list,,,52.3021240,-9.5436255,14.8,Published installed capacity MW; not asserted to equal MEC,Not provided by the January 2024 controllability list,Yes; market-unit mapping may be required,SV2024 electrical station coordinate; not plant centroid,2024-01,https://cms.eirgrid.ie/sites/default/files/publications/Controllability-Status-Update-2024-01-January.pdf,IE,3251,Reamore,REAMORE,"(9, 17, 40)",IE-W-2|IE-SW-1|IE-ALL,https://cms.eirgrid.ie/sites/default/files/publications/Wind-Dispatch-Tool-Constraint-Group-Overview_1.pdf,Plant/capacity/station from official controllability update; bus and coordinates attached from SV2024 all-island network.
Mullananalt,Wind farm,Associated 110 kV station per EirGrid controllability list,,,53.8911239,-6.7310796,7.5,Published installed capacity MW; not asserted to equal MEC,Not provided by the January 2024 controllability list,Yes; market-unit mapping may be required,SV2024 electrical station coordinate; not plant centroid,2024-01,https://cms.eirgrid.ie/sites/default/files/publications/Controllability-Status-Update-2024-01-January.pdf,IE,3821,Meath Hill,MEATH HILL,"(40,)",IE-ALL,https://cms.eirgrid.ie/sites/default/files/publications/Wind-Dispatch-Tool-Constraint-Group-Overview_1.pdf,Plant/capacity/station from official controllability update; bus and coordinates attached from SV2024 all-island network.
Mulreavy 1,Wind farm,Associated 110 kV station per EirGrid controllability list,,,54.6644867,-7.9692346,90,Published installed capacity MW; not asserted to equal MEC,Not provided by the January 2024 controllability list,Yes; market-unit mapping may be required,SV2024 electrical station coordinate; not plant centroid,2024-01,https://cms.eirgrid.ie/sites/default/files/publications/Controllability-Status-Update-2024-01-January.pdf,IE,4091,Mulreavy,MULREAVY,"(3, 4, 5, 6, 9, 40)",IE-NW-3|IE-NW-4|IE-NW-5|IE-NW-6|IE-W-2|IE-ALL,https://cms.eirgrid.ie/sites/default/files/publications/Wind-Dispatch-Tool-Constraint-Group-Overview_1.pdf,Plant/capacity/station from official controllability update; bus and coordinates attached from SV2024 all-island network.
Mulreavy 2,Wind farm,Associated 110 kV station per EirGrid controllability list,,,54.6644867,-7.9692346,5,Published installed capacity MW; not asserted to equal MEC,Not provided by the January 2024 controllability list,Yes; market-unit mapping may be required,SV2024 electrical station coordinate; not plant centroid,2024-01,https://cms.eirgrid.ie/sites/default/files/publications/Controllability-Status-Update-2024-01-January.pdf,IE,4091,Mulreavy,MULREAVY,"(3, 4, 5, 6, 9, 40)",IE-NW-3|IE-NW-4|IE-NW-5|IE-NW-6|IE-W-2|IE-ALL,https://cms.eirgrid.ie/sites/default/files/publications/Wind-Dispatch-Tool-Constraint-Group-Overview_1.pdf,Plant/capacity/station from official controllability update; bus and coordinates attached from SV2024 all-island network.
Raheen Bar 2 (Derrynadivva),Wind farm,Associated 110 kV station per EirGrid controllability list,,,53.8665266,-9.2692746,8,Published installed capacity MW; not asserted to equal MEC,Not provided by the January 2024 controllability list,Yes; market-unit mapping may be required,SV2024 electrical station coordinate; not plant centroid,2024-01,https://cms.eirgrid.ie/sites/default/files/publications/Controllability-Status-Update-2024-01-January.pdf,IE,1661,Castlebar,CASTLEBAR,"(4, 8, 9, 13, 40)",IE-NW-4|IE-W-1|IE-W-2|IE-W-6|IE-ALL,https://cms.eirgrid.ie/sites/default/files/publications/Wind-Dispatch-Tool-Constraint-Group-Overview_1.pdf,Plant/capacity/station from official controllability update; bus and coordinates attached from SV2024 all-island network.
Raheenleagh,Wind farm,Associated 110 kV station per EirGrid controllability list,,,52.8151839,-6.1477320,35.2,Published installed capacity MW; not asserted to equal MEC,Not provided by the January 2024 controllability list,Yes; market-unit mapping may be required,SV2024 electrical station coordinate; not plant centroid,2024-01,https://cms.eirgrid.ie/sites/default/files/publications/Controllability-Status-Update-2024-01-January.pdf,IE,1121,Arklow,ARKLOW,"(30, 40)",IE-SE-1|IE-ALL,https://cms.eirgrid.ie/sites/default/files/publications/Wind-Dispatch-Tool-Constraint-Group-Overview_1.pdf,Plant/capacity/station from official controllability update; bus and coordinates attached from SV2024 all-island network.
Rathcahill,Wind farm,Associated 110 kV station per EirGrid controllability list,,,52.5436993,-8.9685536,12.5,Published installed capacity MW; not asserted to equal MEC,Not provided by the January 2024 controllability list,Yes; market-unit mapping may be required,SV2024 electrical station coordinate; not plant centroid,2024-01,https://cms.eirgrid.ie/sites/default/files/publications/Controllability-Status-Update-2024-01-January.pdf,IE,4681,Rathkeale,RATHKEALE,"(8, 9, 17, 18, 40)",IE-W-1|IE-W-2|IE-SW-1|IE-SW-2|IE-ALL,https://cms.eirgrid.ie/sites/default/files/publications/Wind-Dispatch-Tool-Constraint-Group-Overview_1.pdf,Plant/capacity/station from official controllability update; bus and coordinates attached from SV2024 all-island network.
Richfield,Wind farm,Associated 110 kV station per EirGrid controllability list,,,52.3403641,-6.5394499,27,Published installed capacity MW; not asserted to equal MEC,Not provided by the January 2024 controllability list,Yes; market-unit mapping may be required,SV2024 electrical station coordinate; not plant centroid,2024-01,https://cms.eirgrid.ie/sites/default/files/publications/Controllability-Status-Update-2024-01-January.pdf,IE,5501,Wexford,WEXFORD,"(30, 40)",IE-SE-1|IE-ALL,https://cms.eirgrid.ie/sites/default/files/publications/Wind-Dispatch-Tool-Constraint-Group-Overview_1.pdf,Plant/capacity/station from official controllability update; bus and coordinates attached from SV2024 all-island network.
Sliabh Bawn,Wind farm,Associated 110 kV station per EirGrid controllability list,,,53.7511805,-8.0518963,64,Published installed capacity MW; not asserted to equal MEC,Not provided by the January 2024 controllability list,Yes; market-unit mapping may be required,SV2024 electrical station coordinate; not plant centroid,2024-01,https://cms.eirgrid.ie/sites/default/files/publications/Controllability-Status-Update-2024-01-January.pdf,IE,66094,Sliabh Bawn,SLIABH BAWN,"(4, 5, 8, 9, 40)",IE-NW-4|IE-NW-5|IE-W-1|IE-W-2|IE-ALL,https://cms.eirgrid.ie/sites/default/files/publications/Wind-Dispatch-Tool-Constraint-Group-Overview_1.pdf,Plant/capacity/station from official controllability update; bus and coordinates attached from SV2024 all-island network.
Sorne Hill 1 & 2,Wind farm,Associated 110 kV station per EirGrid controllability list,,,55.1313547,-7.3684232,38.9,Published installed capacity MW; not asserted to equal MEC,Not provided by the January 2024 controllability list,Yes; market-unit mapping may be required,SV2024 electrical station coordinate; not plant centroid,2024-01,https://cms.eirgrid.ie/sites/default/files/publications/Controllability-Status-Update-2024-01-January.pdf,IE,4991,Sorne Hill,SORNE HILL,"(1, 3, 4, 5, 6, 9, 40)",IE-NW-1|IE-NW-3|IE-NW-4|IE-NW-5|IE-NW-6|IE-W-2|IE-ALL,https://cms.eirgrid.ie/sites/default/files/publications/Wind-Dispatch-Tool-Constraint-Group-Overview_1.pdf,Plant/capacity/station from official controllability update; bus and coordinates attached from SV2024 all-island network.
Spaddan,Wind farm,Associated 110 kV station per EirGrid controllability list,,,54.4987533,-8.1769822,17.1,Published installed capacity MW; not asserted to equal MEC,Not provided by the January 2024 controllability list,Yes; market-unit mapping may be required,SV2024 electrical station coordinate; not plant centroid,2024-01,https://cms.eirgrid.ie/sites/default/files/publications/Controllability-Status-Update-2024-01-January.pdf,IE,17010,Cathaleen’s Fall,CATH FALL,"(3, 4, 5, 9, 40)",IE-NW-3|IE-NW-4|IE-NW-5|IE-W-2|IE-ALL,https://cms.eirgrid.ie/sites/default/files/publications/Wind-Dispatch-Tool-Constraint-Group-Overview_1.pdf,Plant/capacity/station from official controllability update; bus and coordinates attached from SV2024 all-island network.
Taurbeg,Wind farm,Associated 110 kV station per EirGrid controllability list,,,52.2053487,-9.0238080,25.3,Published installed capacity MW; not asserted to equal MEC,Not provided by the January 2024 controllability list,Yes; market-unit mapping may be required,SV2024 electrical station coordinate; not plant centroid,2024-01,https://cms.eirgrid.ie/sites/default/files/publications/Controllability-Status-Update-2024-01-January.pdf,IE,2881,Glenlara,GLENLARA,"(9, 19, 20, 21, 40)",IE-W-2|IE-SW-3A|IE-SW-3B|IE-SW-3C|IE-ALL,https://cms.eirgrid.ie/sites/default/files/publications/Wind-Dispatch-Tool-Constraint-Group-Overview_1.pdf,Plant/capacity/station from official controllability update; bus and coordinates attached from SV2024 all-island network.
Tournafulla 1,Wind farm,Associated 110 kV station per EirGrid controllability list,,,52.4245772,-9.4261150,7.5,Published installed capacity MW; not asserted to equal MEC,Not provided by the January 2024 controllability list,Yes; market-unit mapping may be required,SV2024 electrical station coordinate; not plant centroid,2024-01,https://cms.eirgrid.ie/sites/default/files/publications/Controllability-Status-Update-2024-01-January.pdf,IE,5261,Trien,TRIEN,"(9, 17, 25, 27, 28, 40)",IE-W-2|IE-SW-1|IE-SW-7|IE-SW-9|IE-SW-10|IE-ALL,https://cms.eirgrid.ie/sites/default/files/publications/Wind-Dispatch-Tool-Constraint-Group-Overview_1.pdf,Plant/capacity/station from official controllability update; bus and coordinates attached from SV2024 all-island network.
Tournafulla 2,Wind farm,Associated 110 kV station per EirGrid controllability list,,,52.4245772,-9.4261150,19.5,Published installed capacity MW; not asserted to equal MEC,Not provided by the January 2024 controllability list,Yes; market-unit mapping may be required,SV2024 electrical station coordinate; not plant centroid,2024-01,https://cms.eirgrid.ie/sites/default/files/publications/Controllability-Status-Update-2024-01-January.pdf,IE,5261,Trien,TRIEN,"(9, 17, 25, 27, 28, 40)",IE-W-2|IE-SW-1|IE-SW-7|IE-SW-9|IE-SW-10|IE-ALL,https://cms.eirgrid.ie/sites/default/files/publications/Wind-Dispatch-Tool-Constraint-Group-Overview_1.pdf,Plant/capacity/station from official controllability update; bus and coordinates attached from SV2024 all-island network.
Tullynamoyle,Wind farm,Associated 110 kV station per EirGrid controllability list,,,54.1988681,-8.1976390,9.2,Published installed capacity MW; not asserted to equal MEC,Not provided by the January 2024 controllability list,Yes; market-unit mapping may be required,SV2024 electrical station coordinate; not plant centroid,2024-01,https://cms.eirgrid.ie/sites/default/files/publications/Controllability-Status-Update-2024-01-January.pdf,IE,1631,Corderry,CORDERRY,"(3, 4, 5, 7, 8, 9, 40)",IE-NW-3|IE-NW-4|IE-NW-5|IE-NW-7|IE-W-1|IE-W-2|IE-ALL,https://cms.eirgrid.ie/sites/default/files/publications/Wind-Dispatch-Tool-Constraint-Group-Overview_1.pdf,Plant/capacity/station from official controllability update; bus and coordinates attached from SV2024 all-island network.
Uggool,Wind farm,Associated 110 kV station per EirGrid controllability list,,,53.3536722,-9.3355257,64,Published installed capacity MW; not asserted to equal MEC,Not provided by the January 2024 controllability list,Yes; market-unit mapping may be required,SV2024 electrical station coordinate; not plant centroid,2024-01,https://cms.eirgrid.ie/sites/default/files/publications/Controllability-Status-Update-2024-01-January.pdf,IE,2111,Uggool,UGGOOL,"(8, 9, 10, 40)",IE-W-1|IE-W-2|IE-W-3|IE-ALL,https://cms.eirgrid.ie/sites/default/files/publications/Wind-Dispatch-Tool-Constraint-Group-Overview_1.pdf,Plant/capacity/station from official controllability update; bus and coordinates attached from SV2024 all-island network.
Woodhouse,Wind farm,Associated 110 kV station per EirGrid controllability list,,,52.0822332,-7.7706666,20,Published installed capacity MW; not asserted to equal MEC,Not provided by the January 2024 controllability list,Yes; market-unit mapping may be required,SV2024 electrical station coordinate; not plant centroid,2024-01,https://cms.eirgrid.ie/sites/default/files/publications/Controllability-Status-Update-2024-01-January.pdf,IE,6931,Woodhouse,WOODHOUSE,"(31, 40)",IE-SE-2|IE-ALL,https://cms.eirgrid.ie/sites/default/files/publications/Wind-Dispatch-Tool-Constraint-Group-Overview_1.pdf,Plant/capacity/station from official controllability update; bus and coordinates attached from SV2024 all-island network.
Glencarbry,Wind farm,Associated 110 kV station per EirGrid controllability list,,,52.5375573,-8.1938573,35.6,Published installed capacity MW; not asserted to equal MEC,Not provided by the January 2024 controllability list,Yes; market-unit mapping may be required,SV2024 electrical station coordinate; not plant centroid,2024-01,https://cms.eirgrid.ie/sites/default/files/publications/Controllability-Status-Update-2024-01-January.pdf,IE,5271,Cauteen,CAUTEEN,"(8, 9, 11, 29, 31, 40)",IE-W-1|IE-W-2|IE-W-4|IE-SW-11|IE-SE-2|IE-ALL,https://cms.eirgrid.ie/sites/default/files/publications/Wind-Dispatch-Tool-Constraint-Group-Overview_1.pdf,Plant/capacity/station from official controllability update; bus and coordinates attached from SV2024 all-island network.
Moneypoint,Wind farm,Associated 110 kV station per EirGrid controllability list,,,52.6103965,-9.4216875,17.25,Published installed capacity MW; not asserted to equal MEC,Not provided by the January 2024 controllability list,Yes; market-unit mapping may be required,SV2024 electrical station coordinate; not plant centroid,2024-01,https://cms.eirgrid.ie/sites/default/files/publications/Controllability-Status-Update-2024-01-January.pdf,IE,3941,Moneypoint,MONEYPOINT,"(8, 9, 17, 40)",IE-W-1|IE-W-2|IE-SW-1|IE-ALL,https://cms.eirgrid.ie/sites/default/files/publications/Wind-Dispatch-Tool-Constraint-Group-Overview_1.pdf,Plant/capacity/station from official controllability update; bus and coordinates attached from SV2024 all-island network.
Seecon,Wind farm,Associated 110 kV station per EirGrid controllability list,,,53.3536722,-9.3355257,108,Published installed capacity MW; not asserted to equal MEC,Not provided by the January 2024 controllability list,Yes; market-unit mapping may be required,SV2024 electrical station coordinate; not plant centroid,2024-01,https://cms.eirgrid.ie/sites/default/files/publications/Controllability-Status-Update-2024-01-January.pdf,IE,2111,Uggool,UGGOOL,"(8, 9, 10, 40)",IE-W-1|IE-W-2|IE-W-3|IE-ALL,https://cms.eirgrid.ie/sites/default/files/publications/Wind-Dispatch-Tool-Constraint-Group-Overview_1.pdf,Plant/capacity/station from official controllability update; bus and coordinates attached from SV2024 all-island network.
Ballybay,Wind farm,Associated 110 kV station per EirGrid controllability list,,,52.6919962,-7.7642805,13.8,Published installed capacity MW; not asserted to equal MEC,Not provided by the January 2024 controllability list,Yes; market-unit mapping may be required,SV2024 electrical station coordinate; not plant centroid,2024-01,https://cms.eirgrid.ie/sites/default/files/publications/Controllability-Status-Update-2024-01-January.pdf,IE,5301,Thurles,THURLES,"(8, 9, 16, 29, 31, 40)",IE-W-1|IE-W-2|IE-W-9|IE-SW-11|IE-SE-2|IE-ALL,https://cms.eirgrid.ie/sites/default/files/publications/Wind-Dispatch-Tool-Constraint-Group-Overview_1.pdf,Plant/capacity/station from official controllability update; bus and coordinates attached from SV2024 all-island network.
Foyle,Wind farm,Associated 110 kV station per EirGrid controllability list,,,52.6919962,-7.7642805,9.6,Published installed capacity MW; not asserted to equal MEC,Not provided by the January 2024 controllability list,Yes; market-unit mapping may be required,SV2024 electrical station coordinate; not plant centroid,2024-01,https://cms.eirgrid.ie/sites/default/files/publications/Controllability-Status-Update-2024-01-January.pdf,IE,5301,Thurles,THURLES,"(8, 9, 16, 29, 31, 40)",IE-W-1|IE-W-2|IE-W-9|IE-SW-11|IE-SE-2|IE-ALL,https://cms.eirgrid.ie/sites/default/files/publications/Wind-Dispatch-Tool-Constraint-Group-Overview_1.pdf,Plant/capacity/station from official controllability update; bus and coordinates attached from SV2024 all-island network.
Tullabrack,Wind farm,Associated 110 kV station per EirGrid controllability list,,,52.6730693,-9.4791123,14.1,Published installed capacity MW; not asserted to equal MEC,Not provided by the January 2024 controllability list,Yes; market-unit mapping may be required,SV2024 electrical station coordinate; not plant centroid,2024-01,https://cms.eirgrid.ie/sites/default/files/publications/Controllability-Status-Update-2024-01-January.pdf,IE,5221,Tullabrack,TULLABRACK,"(8, 9, 17, 40)",IE-W-1|IE-W-2|IE-SW-1|IE-ALL,https://cms.eirgrid.ie/sites/default/files/publications/Wind-Dispatch-Tool-Constraint-Group-Overview_1.pdf,Plant/capacity/station from official controllability update; bus and coordinates attached from SV2024 all-island network.
Cappawhite A,Wind farm,Associated 110 kV station per EirGrid controllability list,,,52.5375573,-8.1938573,56.85,Published installed capacity MW; not asserted to equal MEC,Not provided by the January 2024 controllability list,Yes; market-unit mapping may be required,SV2024 electrical station coordinate; not plant centroid,2024-01,https://cms.eirgrid.ie/sites/default/files/publications/Controllability-Status-Update-2024-01-January.pdf,IE,5271,Cauteen,CAUTEEN,"(8, 9, 11, 29, 31, 40)",IE-W-1|IE-W-2|IE-W-4|IE-SW-11|IE-SE-2|IE-ALL,https://cms.eirgrid.ie/sites/default/files/publications/Wind-Dispatch-Tool-Constraint-Group-Overview_1.pdf,Plant/capacity/station from official controllability update; bus and coordinates attached from SV2024 all-island network.
An Cnoc,Wind farm,Associated 110 kV station per EirGrid controllability list,,,52.6919962,-7.7642805,11.5,Published installed capacity MW; not asserted to equal MEC,Not provided by the January 2024 controllability list,Yes; market-unit mapping may be required,SV2024 electrical station coordinate; not plant centroid,2024-01,https://cms.eirgrid.ie/sites/default/files/publications/Controllability-Status-Update-2024-01-January.pdf,IE,5301,Thurles,THURLES,"(8, 9, 16, 29, 31, 40)",IE-W-1|IE-W-2|IE-W-9|IE-SW-11|IE-SE-2|IE-ALL,https://cms.eirgrid.ie/sites/default/files/publications/Wind-Dispatch-Tool-Constraint-Group-Overview_1.pdf,Plant/capacity/station from official controllability update; bus and coordinates attached from SV2024 all-island network.
Killin Hill,Wind farm,Associated 110 kV station per EirGrid controllability list,,,54.7189369,-8.2634291,6,Published installed capacity MW; not asserted to equal MEC,Not provided by the January 2024 controllability list,Yes; market-unit mapping may be required,SV2024 electrical station coordinate; not plant centroid,2024-01,https://cms.eirgrid.ie/sites/default/files/publications/Controllability-Status-Update-2024-01-January.pdf,IE,1341,Binbane,BINBANE,"(1, 3, 4, 5, 6, 9, 40)",IE-NW-1|IE-NW-3|IE-NW-4|IE-NW-5|IE-NW-6|IE-W-2|IE-ALL,https://cms.eirgrid.ie/sites/default/files/publications/Wind-Dispatch-Tool-Constraint-Group-Overview_1.pdf,Plant/capacity/station from official controllability update; bus and coordinates attached from SV2024 all-island network.
Tullynamoyle 3,Wind farm,Associated 110 kV station per EirGrid controllability list,,,54.1988681,-8.1976390,13.5,Published installed capacity MW; not asserted to equal MEC,Not provided by the January 2024 controllability list,Yes; market-unit mapping may be required,SV2024 electrical station coordinate; not plant centroid,2024-01,https://cms.eirgrid.ie/sites/default/files/publications/Controllability-Status-Update-2024-01-January.pdf,IE,1631,Corderry,CORDERRY,"(3, 4, 5, 7, 8, 9, 40)",IE-NW-3|IE-NW-4|IE-NW-5|IE-NW-7|IE-W-1|IE-W-2|IE-ALL,https://cms.eirgrid.ie/sites/default/files/publications/Wind-Dispatch-Tool-Constraint-Group-Overview_1.pdf,Plant/capacity/station from official controllability update; bus and coordinates attached from SV2024 all-island network.
Knocknatallig,Wind farm,Associated 110 kV station per EirGrid controllability list,,,52.3301844,-8.6941349,19.2,Published installed capacity MW; not asserted to equal MEC,Not provided by the January 2024 controllability list,Yes; market-unit mapping may be required,SV2024 electrical station coordinate; not plant centroid,2024-01,https://cms.eirgrid.ie/sites/default/files/publications/Controllability-Status-Update-2024-01-January.pdf,IE,1881,Charleville,CHARLEVILLE,"(9, 21, 40)",IE-W-2|IE-SW-3C|IE-ALL,https://cms.eirgrid.ie/sites/default/files/publications/Wind-Dispatch-Tool-Constraint-Group-Overview_1.pdf,Plant/capacity/station from official controllability update; bus and coordinates attached from SV2024 all-island network.
Castlepook,Wind farm,Associated 110 kV station per EirGrid controllability list,,,52.3301844,-8.6941349,35,Published installed capacity MW; not asserted to equal MEC,Not provided by the January 2024 controllability list,Yes; market-unit mapping may be required,SV2024 electrical station coordinate; not plant centroid,2024-01,https://cms.eirgrid.ie/sites/default/files/publications/Controllability-Status-Update-2024-01-January.pdf,IE,1881,Charleville,CHARLEVILLE,"(9, 21, 40)",IE-W-2|IE-SW-3C|IE-ALL,https://cms.eirgrid.ie/sites/default/files/publications/Wind-Dispatch-Tool-Constraint-Group-Overview_1.pdf,Plant/capacity/station from official controllability update; bus and coordinates attached from SV2024 all-island network.
Meenwaun,Wind farm,Associated 110 kV station per EirGrid controllability list,,,53.1259869,-7.9280760,11,Published installed capacity MW; not asserted to equal MEC,Not provided by the January 2024 controllability list,Yes; market-unit mapping may be required,SV2024 electrical station coordinate; not plant centroid,2024-01,https://cms.eirgrid.ie/sites/default/files/publications/Controllability-Status-Update-2024-01-January.pdf,IE,2241,Dallow,DALLOW,"(8, 9, 40)",IE-W-1|IE-W-2|IE-ALL,https://cms.eirgrid.ie/sites/default/files/publications/Wind-Dispatch-Tool-Constraint-Group-Overview_1.pdf,Plant/capacity/station from official controllability update; bus and coordinates attached from SV2024 all-island network.
Meenaward,Wind farm,Associated 110 kV station per EirGrid controllability list,,,55.1127756,-7.4186417,6.9,Published installed capacity MW; not asserted to equal MEC,Not provided by the January 2024 controllability list,Yes; market-unit mapping may be required,SV2024 electrical station coordinate; not plant centroid,2024-01,https://cms.eirgrid.ie/sites/default/files/publications/Controllability-Status-Update-2024-01-January.pdf,IE,5361,Trillick,TRILLICK,"(1, 3, 4, 5, 6, 9, 40)",IE-NW-1|IE-NW-3|IE-NW-4|IE-NW-5|IE-NW-6|IE-W-2|IE-ALL,https://cms.eirgrid.ie/sites/default/files/publications/Wind-Dispatch-Tool-Constraint-Group-Overview_1.pdf,Plant/capacity/station from official controllability update; bus and coordinates attached from SV2024 all-island network.
Leanamore,Wind farm,Associated 110 kV station per EirGrid controllability list,,,52.5801792,-9.3963977,20.7,Published installed capacity MW; not asserted to equal MEC,Not provided by the January 2024 controllability list,Yes; market-unit mapping may be required,SV2024 electrical station coordinate; not plant centroid,2024-01,https://cms.eirgrid.ie/sites/default/files/publications/Controllability-Status-Update-2024-01-January.pdf,IE,3461,Kilpadogge,KILPADDOGE,"(9, 17, 40)",IE-W-2|IE-SW-1|IE-ALL,https://cms.eirgrid.ie/sites/default/files/publications/Wind-Dispatch-Tool-Constraint-Group-Overview_1.pdf,Plant/capacity/station from official controllability update; bus and coordinates attached from SV2024 all-island network.
Scartaglen 1,Wind farm,Associated 110 kV station per EirGrid controllability list,,,52.2145657,-9.2855811,41,Published installed capacity MW; not asserted to equal MEC,Not provided by the January 2024 controllability list,Yes; market-unit mapping may be required,SV2024 electrical station coordinate; not plant centroid,2024-01,https://cms.eirgrid.ie/sites/default/files/publications/Controllability-Status-Update-2024-01-January.pdf,IE,1311,Cordal,CORDAL,"(9, 17, 23, 24, 25, 26, 40)",IE-W-2|IE-SW-1|IE-SW-5|IE-SW-6|IE-SW-7|IE-SW-8|IE-ALL,https://cms.eirgrid.ie/sites/default/files/publications/Wind-Dispatch-Tool-Constraint-Group-Overview_1.pdf,Plant/capacity/station from official controllability update; bus and coordinates attached from SV2024 all-island network.
Tullynamoyle 2,Wind farm,Associated 110 kV station per EirGrid controllability list,,,54.1988681,-8.1976390,11.5,Published installed capacity MW; not asserted to equal MEC,Not provided by the January 2024 controllability list,Yes; market-unit mapping may be required,SV2024 electrical station coordinate; not plant centroid,2024-01,https://cms.eirgrid.ie/sites/default/files/publications/Controllability-Status-Update-2024-01-January.pdf,IE,1631,Corderry,CORDERRY,"(3, 4, 5, 7, 8, 9, 40)",IE-NW-3|IE-NW-4|IE-NW-5|IE-NW-7|IE-W-1|IE-W-2|IE-ALL,https://cms.eirgrid.ie/sites/default/files/publications/Wind-Dispatch-Tool-Constraint-Group-Overview_1.pdf,Plant/capacity/station from official controllability update; bus and coordinates attached from SV2024 all-island network.
Glanaruddery 1,Wind farm,Associated 110 kV station per EirGrid controllability list,,,52.3305984,-9.4380864,23.1,Published installed capacity MW; not asserted to equal MEC,Not provided by the January 2024 controllability list,Yes; market-unit mapping may be required,SV2024 electrical station coordinate; not plant centroid,2024-01,https://cms.eirgrid.ie/sites/default/files/publications/Controllability-Status-Update-2024-01-January.pdf,IE,1511,Cloghboola,CLOGHBOOLA,"(9, 17, 25, 27, 28, 40)",IE-W-2|IE-SW-1|IE-SW-7|IE-SW-9|IE-SW-10|IE-ALL,https://cms.eirgrid.ie/sites/default/files/publications/Wind-Dispatch-Tool-Constraint-Group-Overview_1.pdf,Plant/capacity/station from official controllability update; bus and coordinates attached from SV2024 all-island network.
Glanaruddery 2,Wind farm,Associated 110 kV station per EirGrid controllability list,,,52.3305984,-9.4380864,13.2,Published installed capacity MW; not asserted to equal MEC,Not provided by the January 2024 controllability list,Yes; market-unit mapping may be required,SV2024 electrical station coordinate; not plant centroid,2024-01,https://cms.eirgrid.ie/sites/default/files/publications/Controllability-Status-Update-2024-01-January.pdf,IE,1511,Cloghboola,CLOGHBOOLA,"(9, 17, 25, 27, 28, 40)",IE-W-2|IE-SW-1|IE-SW-7|IE-SW-9|IE-SW-10|IE-ALL,https://cms.eirgrid.ie/sites/default/files/publications/Wind-Dispatch-Tool-Constraint-Group-Overview_1.pdf,Plant/capacity/station from official controllability update; bus and coordinates attached from SV2024 all-island network.
Teevurcher,Wind farm,Associated 110 kV station per EirGrid controllability list,,,53.8911239,-6.7310796,10.25,Published installed capacity MW; not asserted to equal MEC,Not provided by the January 2024 controllability list,Yes; market-unit mapping may be required,SV2024 electrical station coordinate; not plant centroid,2024-01,https://cms.eirgrid.ie/sites/default/files/publications/Controllability-Status-Update-2024-01-January.pdf,IE,3821,Meath Hill,MEATH HILL,"(40,)",IE-ALL,https://cms.eirgrid.ie/sites/default/files/publications/Wind-Dispatch-Tool-Constraint-Group-Overview_1.pdf,Plant/capacity/station from official controllability update; bus and coordinates attached from SV2024 all-island network.
Cordal 1,Wind farm,Associated 110 kV station per EirGrid controllability list,,,52.2145657,-9.2855811,35.2,Published installed capacity MW; not asserted to equal MEC,Not provided by the January 2024 controllability list,Yes; market-unit mapping may be required,SV2024 electrical station coordinate; not plant centroid,2024-01,https://cms.eirgrid.ie/sites/default/files/publications/Controllability-Status-Update-2024-01-January.pdf,IE,1311,Cordal,CORDAL,"(9, 17, 23, 24, 25, 26, 40)",IE-W-2|IE-SW-1|IE-SW-5|IE-SW-6|IE-SW-7|IE-SW-8|IE-ALL,https://cms.eirgrid.ie/sites/default/files/publications/Wind-Dispatch-Tool-Constraint-Group-Overview_1.pdf,Plant/capacity/station from official controllability update; bus and coordinates attached from SV2024 all-island network.
Cordal 2,Wind farm,Associated 110 kV station per EirGrid controllability list,,,52.2145657,-9.2855811,54.4,Published installed capacity MW; not asserted to equal MEC,Not provided by the January 2024 controllability list,Yes; market-unit mapping may be required,SV2024 electrical station coordinate; not plant centroid,2024-01,https://cms.eirgrid.ie/sites/default/files/publications/Controllability-Status-Update-2024-01-January.pdf,IE,1311,Cordal,CORDAL,"(9, 17, 23, 24, 25, 26, 40)",IE-W-2|IE-SW-1|IE-SW-5|IE-SW-6|IE-SW-7|IE-SW-8|IE-ALL,https://cms.eirgrid.ie/sites/default/files/publications/Wind-Dispatch-Tool-Constraint-Group-Overview_1.pdf,Plant/capacity/station from official controllability update; bus and coordinates attached from SV2024 all-island network.
Coollegrean,Wind farm,Associated 110 kV station per EirGrid controllability list,,,52.2145657,-9.2855811,17.5,Published installed capacity MW; not asserted to equal MEC,Not provided by the January 2024 controllability list,Yes; market-unit mapping may be required,SV2024 electrical station coordinate; not plant centroid,2024-01,https://cms.eirgrid.ie/sites/default/files/publications/Controllability-Status-Update-2024-01-January.pdf,IE,1311,Cordal,CORDAL,"(9, 17, 23, 24, 25, 26, 40)",IE-W-2|IE-SW-1|IE-SW-5|IE-SW-6|IE-SW-7|IE-SW-8|IE-ALL,https://cms.eirgrid.ie/sites/default/files/publications/Wind-Dispatch-Tool-Constraint-Group-Overview_1.pdf,Plant/capacity/station from official controllability update; bus and coordinates attached from SV2024 all-island network.
Scartaglen 2,Wind farm,Associated 110 kV station per EirGrid controllability list,,,52.2145657,-9.2855811,6,Published installed capacity MW; not asserted to equal MEC,Not provided by the January 2024 controllability list,Yes; market-unit mapping may be required,SV2024 electrical station coordinate; not plant centroid,2024-01,https://cms.eirgrid.ie/sites/default/files/publications/Controllability-Status-Update-2024-01-January.pdf,IE,1311,Cordal,CORDAL,"(9, 17, 23, 24, 25, 26, 40)",IE-W-2|IE-SW-1|IE-SW-5|IE-SW-6|IE-SW-7|IE-SW-8|IE-ALL,https://cms.eirgrid.ie/sites/default/files/publications/Wind-Dispatch-Tool-Constraint-Group-Overview_1.pdf,Plant/capacity/station from official controllability update; bus and coordinates attached from SV2024 all-island network.
Cloghaneleskirt,Wind farm,Associated 110 kV station per EirGrid controllability list,,,52.3305984,-9.4380864,11.5,Published installed capacity MW; not asserted to equal MEC,Not provided by the January 2024 controllability list,Yes; market-unit mapping may be required,SV2024 electrical station coordinate; not plant centroid,2024-01,https://cms.eirgrid.ie/sites/default/files/publications/Controllability-Status-Update-2024-01-January.pdf,IE,1511,Cloghboola,CLOGHBOOLA,"(9, 17, 25, 27, 28, 40)",IE-W-2|IE-SW-1|IE-SW-7|IE-SW-9|IE-SW-10|IE-ALL,https://cms.eirgrid.ie/sites/default/files/publications/Wind-Dispatch-Tool-Constraint-Group-Overview_1.pdf,Plant/capacity/station from official controllability update; bus and coordinates attached from SV2024 all-island network.
Cappawhite B,Wind farm,Associated 110 kV station per EirGrid controllability list,,,52.5375573,-8.1938573,13.2,Published installed capacity MW; not asserted to equal MEC,Not provided by the January 2024 controllability list,Yes; market-unit mapping may be required,SV2024 electrical station coordinate; not plant centroid,2024-01,https://cms.eirgrid.ie/sites/default/files/publications/Controllability-Status-Update-2024-01-January.pdf,IE,5271,Cauteen,CAUTEEN,"(8, 9, 11, 29, 31, 40)",IE-W-1|IE-W-2|IE-W-4|IE-SW-11|IE-SE-2|IE-ALL,https://cms.eirgrid.ie/sites/default/files/publications/Wind-Dispatch-Tool-Constraint-Group-Overview_1.pdf,Plant/capacity/station from official controllability update; bus and coordinates attached from SV2024 all-island network.
Clahane 2,Wind farm,Associated 110 kV station per EirGrid controllability list,,,52.3787738,-9.5480260,13.8,Published installed capacity MW; not asserted to equal MEC,Not provided by the January 2024 controllability list,Yes; market-unit mapping may be required,SV2024 electrical station coordinate; not plant centroid,2024-01,https://cms.eirgrid.ie/sites/default/files/publications/Controllability-Status-Update-2024-01-January.pdf,IE,1651,Clahane,CLAHANE,"(9, 17, 25, 27, 28, 40)",IE-W-2|IE-SW-1|IE-SW-7|IE-SW-9|IE-SW-10|IE-ALL,https://cms.eirgrid.ie/sites/default/files/publications/Wind-Dispatch-Tool-Constraint-Group-Overview_1.pdf,Plant/capacity/station from official controllability update; bus and coordinates attached from SV2024 all-island network.
Corkermore,Wind farm,Associated 110 kV station per EirGrid controllability list,,,54.7189369,-8.2634291,10,Published installed capacity MW; not asserted to equal MEC,Not provided by the January 2024 controllability list,Yes; market-unit mapping may be required,SV2024 electrical station coordinate; not plant centroid,2024-01,https://cms.eirgrid.ie/sites/default/files/publications/Controllability-Status-Update-2024-01-January.pdf,IE,1341,Binbane,BINBANE,"(1, 3, 4, 5, 6, 9, 40)",IE-NW-1|IE-NW-3|IE-NW-4|IE-NW-5|IE-NW-6|IE-W-2|IE-ALL,https://cms.eirgrid.ie/sites/default/files/publications/Wind-Dispatch-Tool-Constraint-Group-Overview_1.pdf,Plant/capacity/station from official controllability update; bus and coordinates attached from SV2024 all-island network.
Kelwin,Wind farm,Associated 110 kV station per EirGrid controllability list,,,52.5801792,-9.3963977,37.05,Published installed capacity MW; not asserted to equal MEC,Not provided by the January 2024 controllability list,Yes; market-unit mapping may be required,SV2024 electrical station coordinate; not plant centroid,2024-01,https://cms.eirgrid.ie/sites/default/files/publications/Controllability-Status-Update-2024-01-January.pdf,IE,3461,Kilpaddogue,KILPADDOGE,"(9, 17, 40)",IE-W-2|IE-SW-1|IE-ALL,https://cms.eirgrid.ie/sites/default/files/publications/Wind-Dispatch-Tool-Constraint-Group-Overview_1.pdf,Plant/capacity/station from official controllability update; bus and coordinates attached from SV2024 all-island network.
Boolinrudda,Wind farm,Associated 110 kV station per EirGrid controllability list,,,52.8288117,-9.2836999,45,Published installed capacity MW; not asserted to equal MEC,Not provided by the January 2024 controllability list,Yes; market-unit mapping may be required,SV2024 electrical station coordinate; not plant centroid,2024-01,https://cms.eirgrid.ie/sites/default/files/publications/Controllability-Status-Update-2024-01-January.pdf,IE,23610,Slievacallan,SLIEVECALLAN,"(8, 9, 17, 40)",IE-W-1|IE-W-2|IE-SW-1|IE-ALL,https://cms.eirgrid.ie/sites/default/files/publications/Wind-Dispatch-Tool-Constraint-Group-Overview_1.pdf,Plant/capacity/station from official controllability update; bus and coordinates attached from SV2024 all-island network.
Knockalassa,Wind farm,Associated 110 kV station per EirGrid controllability list,,,52.8288117,-9.2836999,27.5,Published installed capacity MW; not asserted to equal MEC,Not provided by the January 2024 controllability list,Yes; market-unit mapping may be required,SV2024 electrical station coordinate; not plant centroid,2024-01,https://cms.eirgrid.ie/sites/default/files/publications/Controllability-Status-Update-2024-01-January.pdf,IE,23610,Slievacallan,SLIEVECALLAN,"(8, 9, 17, 40)",IE-W-1|IE-W-2|IE-SW-1|IE-ALL,https://cms.eirgrid.ie/sites/default/files/publications/Wind-Dispatch-Tool-Constraint-Group-Overview_1.pdf,Plant/capacity/station from official controllability update; bus and coordinates attached from SV2024 all-island network.
Carrickallen,Wind farm,Associated 110 kV station per EirGrid controllability list,,,53.9987866,-7.2988808,22,Published installed capacity MW; not asserted to equal MEC,Not provided by the January 2024 controllability list,Yes; market-unit mapping may be required,SV2024 electrical station coordinate; not plant centroid,2024-01,https://cms.eirgrid.ie/sites/default/files/publications/Controllability-Status-Update-2024-01-January.pdf,IE,4961,Shankill,SHANKILL,"(34, 40)",IE-NE-1|IE-ALL,https://cms.eirgrid.ie/sites/default/files/publications/Wind-Dispatch-Tool-Constraint-Group-Overview_1.pdf,Plant/capacity/station from official controllability update; bus and coordinates attached from SV2024 all-island network.
Glantaunyalkeen,Wind farm,Associated 110 kV station per EirGrid controllability list,,,52.3305984,-9.4380864,10.2,Published installed capacity MW; not asserted to equal MEC,Not provided by the January 2024 controllability list,Yes; market-unit mapping may be required,SV2024 electrical station coordinate; not plant centroid,2024-01,https://cms.eirgrid.ie/sites/default/files/publications/Controllability-Status-Update-2024-01-January.pdf,IE,1511,Cloghboola,CLOGHBOOLA,"(9, 17, 25, 27, 28, 40)",IE-W-2|IE-SW-1|IE-SW-7|IE-SW-9|IE-SW-10|IE-ALL,https://cms.eirgrid.ie/sites/default/files/publications/Wind-Dispatch-Tool-Constraint-Group-Overview_1.pdf,Plant/capacity/station from official controllability update; bus and coordinates attached from SV2024 all-island network.
Kilbranish,Wind farm,Associated 110 kV station per EirGrid controllability list,,,52.5323772,-6.5144397,2.5,Published installed capacity MW; not asserted to equal MEC,Not provided by the January 2024 controllability list,Yes; market-unit mapping may be required,SV2024 electrical station coordinate; not plant centroid,2024-01,https://cms.eirgrid.ie/sites/default/files/publications/Controllability-Status-Update-2024-01-January.pdf,IE,1841,Crane,CRANE,"(30, 33, 40)",IE-SE-1|IE-SE-4|IE-ALL,https://cms.eirgrid.ie/sites/default/files/publications/Wind-Dispatch-Tool-Constraint-Group-Overview_1.pdf,Plant/capacity/station from official controllability update; bus and coordinates attached from SV2024 all-island network.
Knockalough,Wind farm,Associated 110 kV station per EirGrid controllability list,,,53.3058138,-9.2491169,35.2,Published installed capacity MW; not asserted to equal MEC,Not provided by the January 2024 controllability list,Yes; market-unit mapping may be required,SV2024 electrical station coordinate; not plant centroid,2024-01,https://cms.eirgrid.ie/sites/default/files/publications/Controllability-Status-Update-2024-01-January.pdf,IE,2171,Knockranny,KNOCKALOUGH,"(8, 9, 10, 40)",IE-W-1|IE-W-2|IE-W-3|IE-ALL,https://cms.eirgrid.ie/sites/default/files/publications/Wind-Dispatch-Tool-Constraint-Group-Overview_1.pdf,Plant/capacity/station from official controllability update; bus and coordinates attached from SV2024 all-island network.
Magheramore,Wind farm,Associated 110 kV station per EirGrid controllability list,,,53.8665266,-9.2692746,43.2,Published installed capacity MW; not asserted to equal MEC,Not provided by the January 2024 controllability list,Yes; market-unit mapping may be required,SV2024 electrical station coordinate; not plant centroid,2024-01,https://cms.eirgrid.ie/sites/default/files/publications/Controllability-Status-Update-2024-01-January.pdf,IE,2281,Dalton,DALTON_A1,"(4, 8, 9, 13, 40)",IE-NW-4|IE-W-1|IE-W-2|IE-W-6|IE-ALL,https://cms.eirgrid.ie/sites/default/files/publications/Wind-Dispatch-Tool-Constraint-Group-Overview_1.pdf,Plant/capacity/station from official controllability update; bus and coordinates attached from SV2024 all-island network.
Ballycumber,Wind farm,Associated 110 kV station per EirGrid controllability list,,,52.8151839,-6.1477320,19.2,Published installed capacity MW; not asserted to equal MEC,Not provided by the January 2024 controllability list,Yes; market-unit mapping may be required,SV2024 electrical station coordinate; not plant centroid,2024-01,https://cms.eirgrid.ie/sites/default/files/publications/Controllability-Status-Update-2024-01-January.pdf,IE,1121,Arklow,ARKLOW,"(30, 40)",IE-SE-1|IE-ALL,https://cms.eirgrid.ie/sites/default/files/publications/Wind-Dispatch-Tool-Constraint-Group-Overview_1.pdf,Plant/capacity/station from official controllability update; bus and coordinates attached from SV2024 all-island network.
Carrowleagh ext,Wind farm,Associated 110 kV station per EirGrid controllability list,,,54.1053454,-8.9893244,2.7,Published installed capacity MW; not asserted to equal MEC,Not provided by the January 2024 controllability list,Yes; market-unit mapping may be required,SV2024 electrical station coordinate; not plant centroid,2024-01,https://cms.eirgrid.ie/sites/default/files/publications/Controllability-Status-Update-2024-01-January.pdf,IE,4371,Glenree,GLENREE,"(3, 4, 5, 8, 9, 13, 15, 40)",IE-NW-3|IE-NW-4|IE-NW-5|IE-W-1|IE-W-2|IE-W-6|IE-W-8|IE-ALL,https://cms.eirgrid.ie/sites/default/files/publications/Wind-Dispatch-Tool-Constraint-Group-Overview_1.pdf,Plant/capacity/station from official controllability update; bus and coordinates attached from SV2024 all-island network.
Killala,Wind farm,Associated 110 kV station per EirGrid controllability list,,,54.1918026,-9.2178772,20.4,Published installed capacity MW; not asserted to equal MEC,Not provided by the January 2024 controllability list,Yes; market-unit mapping may be required,SV2024 electrical station coordinate; not plant centroid,2024-01,https://cms.eirgrid.ie/sites/default/files/publications/Controllability-Status-Update-2024-01-January.pdf,IE,5241,Tawnaghmore,TAWNAGHMORE,"(3, 4, 8, 9, 13, 14, 15, 40)",IE-NW-3|IE-NW-4|IE-W-1|IE-W-2|IE-W-6|IE-W-7|IE-W-8|IE-ALL,https://cms.eirgrid.ie/sites/default/files/publications/Wind-Dispatch-Tool-Constraint-Group-Overview_1.pdf,Plant/capacity/station from official controllability update; bus and coordinates attached from SV2024 all-island network.
Oweninny 1,Wind farm,Associated 110 kV station per EirGrid controllability list,,,54.1205007,-9.5787377,92.8,Published installed capacity MW; not asserted to equal MEC,Not provided by the January 2024 controllability list,Yes; market-unit mapping may be required,SV2024 electrical station coordinate; not plant centroid,2024-01,https://cms.eirgrid.ie/sites/default/files/publications/Controllability-Status-Update-2024-01-January.pdf,IE,14013,Srahnakilly,SRAHNAKILLY,"(4, 8, 9, 13, 14, 15, 40)",IE-NW-4|IE-W-1|IE-W-2|IE-W-6|IE-W-7|IE-W-8|IE-ALL,https://cms.eirgrid.ie/sites/default/files/publications/Wind-Dispatch-Tool-Constraint-Group-Overview_1.pdf,Plant/capacity/station from official controllability update; bus and coordinates attached from SV2024 all-island network.
Cronalaght 2,Wind farm,Associated 110 kV station per EirGrid controllability list,,,55.0566404,-8.2688178,18,Published installed capacity MW; not asserted to equal MEC,Not provided by the January 2024 controllability list,Yes; market-unit mapping may be required,SV2024 electrical station coordinate; not plant centroid,2024-01,https://cms.eirgrid.ie/sites/default/files/publications/Controllability-Status-Update-2024-01-January.pdf,IE,1571,Ardnagappary,ARDNAGAPPARY,"(1, 3, 4, 5, 6, 9, 40)",IE-NW-1|IE-NW-3|IE-NW-4|IE-NW-5|IE-NW-6|IE-W-2|IE-ALL,https://cms.eirgrid.ie/sites/default/files/publications/Wind-Dispatch-Tool-Constraint-Group-Overview_1.pdf,Plant/capacity/station from official controllability update; bus and coordinates attached from SV2024 all-island network.
Boolynagleragh,Wind farm,Associated 110 kV station per EirGrid controllability list,,,52.7756037,-9.2404830,40,Published installed capacity MW; not asserted to equal MEC,Not provided by the January 2024 controllability list,Yes; market-unit mapping may be required,SV2024 electrical station coordinate; not plant centroid,2024-01,https://cms.eirgrid.ie/sites/default/files/publications/Controllability-Status-Update-2024-01-January.pdf,IE,1251,Booltiagh,BOOLTIAGH,"(8, 9, 17, 40)",IE-W-1|IE-W-2|IE-SW-1|IE-ALL,https://cms.eirgrid.ie/sites/default/files/publications/Wind-Dispatch-Tool-Constraint-Group-Overview_1.pdf,Plant/capacity/station from official controllability update; bus and coordinates attached from SV2024 all-island network.
Sorrell Island,Wind farm,Associated 110 kV station per EirGrid controllability list,,,52.7756037,-9.2404830,25.65,Published installed capacity MW; not asserted to equal MEC,Not provided by the January 2024 controllability list,Yes; market-unit mapping may be required,SV2024 electrical station coordinate; not plant centroid,2024-01,https://cms.eirgrid.ie/sites/default/files/publications/Controllability-Status-Update-2024-01-January.pdf,IE,1251,Booltiagh,BOOLTIAGH,"(8, 9, 17, 40)",IE-W-1|IE-W-2|IE-SW-1|IE-ALL,https://cms.eirgrid.ie/sites/default/files/publications/Wind-Dispatch-Tool-Constraint-Group-Overview_1.pdf,Plant/capacity/station from official controllability update; bus and coordinates attached from SV2024 all-island network.
Lissycasey,Wind farm,Associated 110 kV station per EirGrid controllability list,,,52.7756037,-9.2404830,14.1,Published installed capacity MW; not asserted to equal MEC,Not provided by the January 2024 controllability list,Yes; market-unit mapping may be required,SV2024 electrical station coordinate; not plant centroid,2024-01,https://cms.eirgrid.ie/sites/default/files/publications/Controllability-Status-Update-2024-01-January.pdf,IE,1251,Booltiagh,BOOLTIAGH,"(8, 9, 17, 40)",IE-W-1|IE-W-2|IE-SW-1|IE-ALL,https://cms.eirgrid.ie/sites/default/files/publications/Wind-Dispatch-Tool-Constraint-Group-Overview_1.pdf,Plant/capacity/station from official controllability update; bus and coordinates attached from SV2024 all-island network.
Raragh 2,Wind farm,Associated 110 kV station per EirGrid controllability list,,,53.8911239,-6.7310796,11.5,Published installed capacity MW; not asserted to equal MEC,Not provided by the January 2024 controllability list,Yes; market-unit mapping may be required,SV2024 electrical station coordinate; not plant centroid,2024-01,https://cms.eirgrid.ie/sites/default/files/publications/Controllability-Status-Update-2024-01-January.pdf,IE,3821,Meath Hill,MEATH HILL,"(40,)",IE-ALL,https://cms.eirgrid.ie/sites/default/files/publications/Wind-Dispatch-Tool-Constraint-Group-Overview_1.pdf,Plant/capacity/station from official controllability update; bus and coordinates attached from SV2024 all-island network.
Clogheravaddy 1,Wind farm,Associated 110 kV station per EirGrid controllability list,,,54.7189369,-8.2634291,10.8,Published installed capacity MW; not asserted to equal MEC,Not provided by the January 2024 controllability list,Yes; market-unit mapping may be required,SV2024 electrical station coordinate; not plant centroid,2024-01,https://cms.eirgrid.ie/sites/default/files/publications/Controllability-Status-Update-2024-01-January.pdf,IE,1341,Binbane,BINBANE,"(1, 3, 4, 5, 6, 9, 40)",IE-NW-1|IE-NW-3|IE-NW-4|IE-NW-5|IE-NW-6|IE-W-2|IE-ALL,https://cms.eirgrid.ie/sites/default/files/publications/Wind-Dispatch-Tool-Constraint-Group-Overview_1.pdf,Plant/capacity/station from official controllability update; bus and coordinates attached from SV2024 all-island network.
Knockawarriga Extension,Wind farm,Associated 110 kV station per EirGrid controllability list,,,52.4245772,-9.4261150,7.5,Published installed capacity MW; not asserted to equal MEC,Not provided by the January 2024 controllability list,Yes; market-unit mapping may be required,SV2024 electrical station coordinate; not plant centroid,2024-01,https://cms.eirgrid.ie/sites/default/files/publications/Controllability-Status-Update-2024-01-January.pdf,IE,5261,Trien,TRIEN,"(9, 17, 25, 27, 28, 40)",IE-W-2|IE-SW-1|IE-SW-7|IE-SW-9|IE-SW-10|IE-ALL,https://cms.eirgrid.ie/sites/default/files/publications/Wind-Dispatch-Tool-Constraint-Group-Overview_1.pdf,Plant/capacity/station from official controllability update; bus and coordinates attached from SV2024 all-island network.
Derrynadivva Extension,Wind farm,Associated 110 kV station per EirGrid controllability list,,,53.8665266,-9.2692746,7.05,Published installed capacity MW; not asserted to equal MEC,Not provided by the January 2024 controllability list,Yes; market-unit mapping may be required,SV2024 electrical station coordinate; not plant centroid,2024-01,https://cms.eirgrid.ie/sites/default/files/publications/Controllability-Status-Update-2024-01-January.pdf,IE,1661,Castlebar,CASTLEBAR,"(4, 8, 9, 13, 40)",IE-NW-4|IE-W-1|IE-W-2|IE-W-6|IE-ALL,https://cms.eirgrid.ie/sites/default/files/publications/Wind-Dispatch-Tool-Constraint-Group-Overview_1.pdf,Plant/capacity/station from official controllability update; bus and coordinates attached from SV2024 all-island network.
Cleanrath,Wind farm,Associated 110 kV station per EirGrid controllability list,,,51.8735614,-9.3145611,43.8,Published installed capacity MW; not asserted to equal MEC,Not provided by the January 2024 controllability list,Yes; market-unit mapping may be required,SV2024 electrical station coordinate; not plant centroid,2024-01,https://cms.eirgrid.ie/sites/default/files/publications/Controllability-Status-Update-2024-01-January.pdf,IE,6201,Coomataggart,COOMATAGGART,"(9, 17, 23, 24, 26, 31, 40)",IE-W-2|IE-SW-1|IE-SW-5|IE-SW-6|IE-SW-8|IE-SE-2|IE-ALL,https://cms.eirgrid.ie/sites/default/files/publications/Wind-Dispatch-Tool-Constraint-Group-Overview_1.pdf,Plant/capacity/station from official controllability update; bus and coordinates attached from SV2024 all-island network.
Derrysallagh,Wind farm,Associated 110 kV station per EirGrid controllability list,,,54.1504588,-8.1924874,32,Published installed capacity MW; not asserted to equal MEC,Not provided by the January 2024 controllability list,Yes; market-unit mapping may be required,SV2024 electrical station coordinate; not plant centroid,2024-01,https://cms.eirgrid.ie/sites/default/files/publications/Controllability-Status-Update-2024-01-January.pdf,IE,2671,Garvagh,GARVAGH,"(3, 4, 5, 7, 8, 9, 40)",IE-NW-3|IE-NW-4|IE-NW-5|IE-NW-7|IE-W-1|IE-W-2|IE-ALL,https://cms.eirgrid.ie/sites/default/files/publications/Wind-Dispatch-Tool-Constraint-Group-Overview_1.pdf,Plant/capacity/station from official controllability update; bus and coordinates attached from SV2024 all-island network.
Grousemount,Wind farm,Associated 110 kV station per EirGrid controllability list,,,51.8735614,-9.3145611,122,Published installed capacity MW; not asserted to equal MEC,Not provided by the January 2024 controllability list,Yes; market-unit mapping may be required,SV2024 electrical station coordinate; not plant centroid,2024-01,https://cms.eirgrid.ie/sites/default/files/publications/Controllability-Status-Update-2024-01-January.pdf,IE,6201,Coomataggart,COOMATAGGART,"(9, 17, 23, 24, 26, 31, 40)",IE-W-2|IE-SW-1|IE-SW-5|IE-SW-6|IE-SW-8|IE-SE-2|IE-ALL,https://cms.eirgrid.ie/sites/default/files/publications/Wind-Dispatch-Tool-Constraint-Group-Overview_1.pdf,Plant/capacity/station from official controllability update; bus and coordinates attached from SV2024 all-island network.
Beenanaspuck and Tobertoreen,Wind farm,Associated 110 kV station per EirGrid controllability list,,,52.4375500,-9.3004089,23.1,Published installed capacity MW; not asserted to equal MEC,Not provided by the January 2024 controllability list,Yes; market-unit mapping may be required,SV2024 electrical station coordinate; not plant centroid,2024-01,https://cms.eirgrid.ie/sites/default/files/publications/Controllability-Status-Update-2024-01-January.pdf,IE,11310,Tobertoreen,TOBERTOREEN,"(9, 17, 25, 40)",IE-W-2|IE-SW-1|IE-SW-7|IE-ALL,https://cms.eirgrid.ie/sites/default/files/publications/Wind-Dispatch-Tool-Constraint-Group-Overview_1.pdf,Plant/capacity/station from official controllability update; bus and coordinates attached from SV2024 all-island network.
Bunnyconnellan,Wind farm,Associated 110 kV station per EirGrid controllability list,,,54.1053454,-8.9893244,27.6,Published installed capacity MW; not asserted to equal MEC,Not provided by the January 2024 controllability list,Yes; market-unit mapping may be required,SV2024 electrical station coordinate; not plant centroid,2024-01,https://cms.eirgrid.ie/sites/default/files/publications/Controllability-Status-Update-2024-01-January.pdf,IE,4371,Glenree,GLENREE,"(3, 4, 5, 8, 9, 13, 15, 40)",IE-NW-3|IE-NW-4|IE-NW-5|IE-W-1|IE-W-2|IE-W-6|IE-W-8|IE-ALL,https://cms.eirgrid.ie/sites/default/files/publications/Wind-Dispatch-Tool-Constraint-Group-Overview_1.pdf,Plant/capacity/station from official controllability update; bus and coordinates attached from SV2024 all-island network.
Cahermurphy,Wind farm,Associated 110 kV station per EirGrid controllability list,,,52.7756037,-9.2404830,7.05,Published installed capacity MW; not asserted to equal MEC,Not provided by the January 2024 controllability list,Yes; market-unit mapping may be required,SV2024 electrical station coordinate; not plant centroid,2024-01,https://cms.eirgrid.ie/sites/default/files/publications/Controllability-Status-Update-2024-01-January.pdf,IE,1251,Booltiagh,BOOLTIAGH,"(8, 9, 17, 40)",IE-W-1|IE-W-2|IE-SW-1|IE-ALL,https://cms.eirgrid.ie/sites/default/files/publications/Wind-Dispatch-Tool-Constraint-Group-Overview_1.pdf,Plant/capacity/station from official controllability update; bus and coordinates attached from SV2024 all-island network.
Black Lough,Wind farm,Associated 110 kV station per EirGrid controllability list,,,54.1053454,-8.9893244,14.1,Published installed capacity MW; not asserted to equal MEC,Not provided by the January 2024 controllability list,Yes; market-unit mapping may be required,SV2024 electrical station coordinate; not plant centroid,2024-01,https://cms.eirgrid.ie/sites/default/files/publications/Controllability-Status-Update-2024-01-January.pdf,IE,4371,Glenree,GLENREE,"(3, 4, 5, 8, 9, 13, 15, 40)",IE-NW-3|IE-NW-4|IE-NW-5|IE-W-1|IE-W-2|IE-W-6|IE-W-8|IE-ALL,https://cms.eirgrid.ie/sites/default/files/publications/Wind-Dispatch-Tool-Constraint-Group-Overview_1.pdf,Plant/capacity/station from official controllability update; bus and coordinates attached from SV2024 all-island network.
Mauricetown,Wind farm,Associated 110 kV station per EirGrid controllability list,,,52.2053487,-9.0238080,14.1,Published installed capacity MW; not asserted to equal MEC,Not provided by the January 2024 controllability list,Yes; market-unit mapping may be required,SV2024 electrical station coordinate; not plant centroid,2024-01,https://cms.eirgrid.ie/sites/default/files/publications/Controllability-Status-Update-2024-01-January.pdf,IE,2881,Glenlara,GLENLARA,"(9, 19, 20, 21, 40)",IE-W-2|IE-SW-3A|IE-SW-3B|IE-SW-3C|IE-ALL,https://cms.eirgrid.ie/sites/default/files/publications/Wind-Dispatch-Tool-Constraint-Group-Overview_1.pdf,Plant/capacity/station from official controllability update; bus and coordinates attached from SV2024 all-island network.
Esk,Wind farm,Associated 110 kV station per EirGrid controllability list,,,52.0384891,-8.9086408,23.2,Published installed capacity MW; not asserted to equal MEC,Not provided by the January 2024 controllability list,Yes; market-unit mapping may be required,SV2024 electrical station coordinate; not plant centroid,2024-01,https://cms.eirgrid.ie/sites/default/files/publications/Controllability-Status-Update-2024-01-January.pdf,IE,1551,Boggeragh,BOGGERAGH,"(9, 17, 23, 26, 31, 40)",IE-W-2|IE-SW-1|IE-SW-5|IE-SW-8|IE-SE-2|IE-ALL,https://cms.eirgrid.ie/sites/default/files/publications/Wind-Dispatch-Tool-Constraint-Group-Overview_1.pdf,Plant/capacity/station from official controllability update; bus and coordinates attached from SV2024 all-island network.
Carrigdangan,Wind farm,Associated 110 kV station per EirGrid controllability list,,,51.8043751,-9.1207652,54.3,Published installed capacity MW; not asserted to equal MEC,Not provided by the January 2024 controllability list,Yes; market-unit mapping may be required,SV2024 electrical station coordinate; not plant centroid,2024-01,https://cms.eirgrid.ie/sites/default/files/publications/Controllability-Status-Update-2024-01-January.pdf,IE,3891,Carrigdangan,CARRIGDANGAN,"(9, 17, 23, 26, 31, 40)",IE-W-2|IE-SW-1|IE-SW-5|IE-SW-8|IE-SE-2|IE-ALL,https://cms.eirgrid.ie/sites/default/files/publications/Wind-Dispatch-Tool-Constraint-Group-Overview_1.pdf,Plant/capacity/station from official controllability update; bus and coordinates attached from SV2024 all-island network.
Sorrell Island Ext.,Wind farm,Associated 110 kV station per EirGrid controllability list,,,52.7756037,-9.2404830,8.55,Published installed capacity MW; not asserted to equal MEC,Not provided by the January 2024 controllability list,Yes; market-unit mapping may be required,SV2024 electrical station coordinate; not plant centroid,2024-01,https://cms.eirgrid.ie/sites/default/files/publications/Controllability-Status-Update-2024-01-January.pdf,IE,1251,Booltiagh,BOOLTIAGH,"(8, 9, 17, 40)",IE-W-1|IE-W-2|IE-SW-1|IE-ALL,https://cms.eirgrid.ie/sites/default/files/publications/Wind-Dispatch-Tool-Constraint-Group-Overview_1.pdf,Plant/capacity/station from official controllability update; bus and coordinates attached from SV2024 all-island network.
Clogheravaddy 2,Wind farm,Associated 110 kV station per EirGrid controllability list,,,54.7189369,-8.2634291,10.8,Published installed capacity MW; not asserted to equal MEC,Not provided by the January 2024 controllability list,Yes; market-unit mapping may be required,SV2024 electrical station coordinate; not plant centroid,2024-01,https://cms.eirgrid.ie/sites/default/files/publications/Controllability-Status-Update-2024-01-January.pdf,IE,1341,Binbane,BINBANE,"(1, 3, 4, 5, 6, 9, 40)",IE-NW-1|IE-NW-3|IE-NW-4|IE-NW-5|IE-NW-6|IE-W-2|IE-ALL,https://cms.eirgrid.ie/sites/default/files/publications/Wind-Dispatch-Tool-Constraint-Group-Overview_1.pdf,Plant/capacity/station from official controllability update; bus and coordinates attached from SV2024 all-island network.
Taghart,Wind farm,Associated 110 kV station per EirGrid controllability list,,,53.8911239,-6.7310796,23.06,Published installed capacity MW; not asserted to equal MEC,Not provided by the January 2024 controllability list,Yes; market-unit mapping may be required,SV2024 electrical station coordinate; not plant centroid,2024-01,https://cms.eirgrid.ie/sites/default/files/publications/Controllability-Status-Update-2024-01-January.pdf,IE,3821,Meath Hill,MEATH HILL,"(40,)",IE-ALL,https://cms.eirgrid.ie/sites/default/files/publications/Wind-Dispatch-Tool-Constraint-Group-Overview_1.pdf,Plant/capacity/station from official controllability update; bus and coordinates attached from SV2024 all-island network.
Cloncreen,Wind farm,Associated 110 kV station per EirGrid controllability list,,,53.2901576,-7.0927030,75.6,Published installed capacity MW; not asserted to equal MEC,Not provided by the January 2024 controllability list,Yes; market-unit mapping may be required,SV2024 electrical station coordinate; not plant centroid,2024-01,https://cms.eirgrid.ie/sites/default/files/publications/Controllability-Status-Update-2024-01-January.pdf,IE,1671,Kilcumber,KILCUMBER,"(32, 40)",IE-SE-3|IE-ALL,https://cms.eirgrid.ie/sites/default/files/publications/Wind-Dispatch-Tool-Constraint-Group-Overview_1.pdf,Plant/capacity/station from official controllability update; bus and coordinates attached from SV2024 all-island network.
Cloghan,Wind farm,Associated 110 kV station per EirGrid controllability list,,,53.2271141,-7.7961871,37.8,Published installed capacity MW; not asserted to equal MEC,Not provided by the January 2024 controllability list,Yes; market-unit mapping may be required,SV2024 electrical station coordinate; not plant centroid,2024-01,https://cms.eirgrid.ie/sites/default/files/publications/Controllability-Status-Update-2024-01-January.pdf,IE,3571,Derrycarney,DERRYCARNEY,"(40,)",IE-ALL,https://cms.eirgrid.ie/sites/default/files/publications/Wind-Dispatch-Tool-Constraint-Group-Overview_1.pdf,Plant/capacity/station from official controllability update; bus and coordinates attached from SV2024 all-island network.
Lisheen 3,Wind farm,Associated 110 kV station per EirGrid controllability list,,,52.7513555,-7.6819128,28.8,Published installed capacity MW; not asserted to equal MEC,Not provided by the January 2024 controllability list,Yes; market-unit mapping may be required,SV2024 electrical station coordinate; not plant centroid,2024-01,https://cms.eirgrid.ie/sites/default/files/publications/Controllability-Status-Update-2024-01-January.pdf,IE,3621,Lisheen,LISHEEN,"(8, 9, 12, 16, 29, 31, 40)",IE-W-1|IE-W-2|IE-W-5|IE-W-9|IE-SW-11|IE-SE-2|IE-ALL,https://cms.eirgrid.ie/sites/default/files/publications/Wind-Dispatch-Tool-Constraint-Group-Overview_1.pdf,Plant/capacity/station from official controllability update; bus and coordinates attached from SV2024 all-island network.
Millvale North,Solar farm,Associated 110 kV station per EirGrid controllability list,,,52.9909581,-6.0958665,8,Published installed capacity MW; not asserted to equal MEC,Not provided by the January 2024 controllability list,Yes; market-unit mapping may be required,SV2024 electrical station coordinate; not plant centroid,2024-01,https://cms.eirgrid.ie/sites/default/files/publications/Controllability-Status-Update-2024-01-January.pdf,IE,1301,Ballybeg,BALLYBEG,"(40,)",IE-ALL,https://cms.eirgrid.ie/sites/default/files/publications/Wind-Dispatch-Tool-Constraint-Group-Overview_1.pdf,Plant/capacity/station from official controllability update; bus and coordinates attached from SV2024 all-island network.
Oweninny 2,Wind farm,Associated 110 kV station per EirGrid controllability list,,,54.1205007,-9.5787377,99.51,Published installed capacity MW; not asserted to equal MEC,Not provided by the January 2024 controllability list,Yes; market-unit mapping may be required,SV2024 electrical station coordinate; not plant centroid,2024-01,https://cms.eirgrid.ie/sites/default/files/publications/Controllability-Status-Update-2024-01-January.pdf,IE,14013,Srahnakilly,SRAHNAKILLY,"(4, 8, 9, 13, 14, 15, 40)",IE-NW-4|IE-W-1|IE-W-2|IE-W-6|IE-W-7|IE-W-8|IE-ALL,https://cms.eirgrid.ie/sites/default/files/publications/Wind-Dispatch-Tool-Constraint-Group-Overview_1.pdf,Plant/capacity/station from official controllability update; bus and coordinates attached from SV2024 all-island network.
Rosspile,Solar farm,Associated 110 kV station per EirGrid controllability list,,,52.3018955,-6.7423279,112,Published installed capacity MW; not asserted to equal MEC,Not provided by the January 2024 controllability list,Yes; market-unit mapping may be required,SV2024 electrical station coordinate; not plant centroid,2024-01,https://cms.eirgrid.ie/sites/default/files/publications/Controllability-Status-Update-2024-01-January.pdf,IE,5451,Rosspile,ROSSPILE,"(30, 40)",IE-SE-1|IE-ALL,https://cms.eirgrid.ie/sites/default/files/publications/Wind-Dispatch-Tool-Constraint-Group-Overview_1.pdf,Plant/capacity/station from official controllability update; bus and coordinates attached from SV2024 all-island network.
Gillinstown,Solar farm,Associated 110 kV station per EirGrid controllability list,,,53.6572305,-6.4586834,112,Published installed capacity MW; not asserted to equal MEC,Not provided by the January 2024 controllability list,Yes; market-unit mapping may be required,SV2024 electrical station coordinate; not plant centroid,2024-01,https://cms.eirgrid.ie/sites/default/files/publications/Controllability-Status-Update-2024-01-January.pdf,IE,2691,Garballagh,GARBALLAGH,"(35, 40)",IE-NE-2|IE-ALL,https://cms.eirgrid.ie/sites/default/files/publications/Wind-Dispatch-Tool-Constraint-Group-Overview_1.pdf,Plant/capacity/station from official controllability update; bus and coordinates attached from SV2024 all-island network.
Davidstown,Solar farm,Associated 110 kV station per EirGrid controllability list,,,52.3403641,-6.5394499,5.5,Published installed capacity MW; not asserted to equal MEC,Not provided by the January 2024 controllability list,Yes; market-unit mapping may be required,SV2024 electrical station coordinate; not plant centroid,2024-01,https://cms.eirgrid.ie/sites/default/files/publications/Controllability-Status-Update-2024-01-January.pdf,IE,5501,Wexford,WEXFORD,"(30, 40)",IE-SE-1|IE-ALL,https://cms.eirgrid.ie/sites/default/files/publications/Wind-Dispatch-Tool-Constraint-Group-Overview_1.pdf,Plant/capacity/station from official controllability update; bus and coordinates attached from SV2024 all-island network.
Lurrig,Solar farm,Associated 110 kV station per EirGrid controllability list,,,51.9376618,-8.1872013,3.99,Published installed capacity MW; not asserted to equal MEC,Not provided by the January 2024 controllability list,Yes; market-unit mapping may be required,SV2024 electrical station coordinate; not plant centroid,2024-01,https://cms.eirgrid.ie/sites/default/files/publications/Controllability-Status-Update-2024-01-January.pdf,IE,3801,Midleton,MIDLETON,"(9, 31, 40)",IE-W-2|IE-SE-2|IE-ALL,https://cms.eirgrid.ie/sites/default/files/publications/Wind-Dispatch-Tool-Constraint-Group-Overview_1.pdf,Plant/capacity/station from official controllability update; bus and coordinates attached from SV2024 all-island network.
Gallanstown,Solar farm,Associated 110 kV station per EirGrid controllability list,,,53.4506960,-6.3653809,137.6,Published installed capacity MW; not asserted to equal MEC,Not provided by the January 2024 controllability list,Yes; market-unit mapping may be required,SV2024 electrical station coordinate; not plant centroid,2024-01,https://cms.eirgrid.ie/sites/default/files/publications/Controllability-Status-Update-2024-01-January.pdf,IE,2791,Gallanstown,GALLANSTOWN,"(35, 40)",IE-NE-2|IE-ALL,https://cms.eirgrid.ie/sites/default/files/publications/Wind-Dispatch-Tool-Constraint-Group-Overview_1.pdf,Plant/capacity/station from official controllability update; bus and coordinates attached from SV2024 all-island network.
Ballycullane,Solar farm,Associated 110 kV station per EirGrid controllability list,,,52.2815845,-6.9917200,6,Published installed capacity MW; not asserted to equal MEC,Not provided by the January 2024 controllability list,Yes; market-unit mapping may be required,SV2024 electrical station coordinate; not plant centroid,2024-01,https://cms.eirgrid.ie/sites/default/files/publications/Controllability-Status-Update-2024-01-January.pdf,IE,2741,Great Island,GREAT ISLAND,"(30, 40)",IE-SE-1|IE-ALL,https://cms.eirgrid.ie/sites/default/files/publications/Wind-Dispatch-Tool-Constraint-Group-Overview_1.pdf,Plant/capacity/station from official controllability update; bus and coordinates attached from SV2024 all-island network.
Knockglass,Solar farm,Associated 110 kV station per EirGrid controllability list,,,51.8957884,-8.8921962,4,Published installed capacity MW; not asserted to equal MEC,Not provided by the January 2024 controllability list,Yes; market-unit mapping may be required,SV2024 electrical station coordinate; not plant centroid,2024-01,https://cms.eirgrid.ie/sites/default/files/publications/Controllability-Status-Update-2024-01-January.pdf,IE,3881,Macroom,MACROOM,"(9, 17, 23, 31, 40)",IE-W-2|IE-SW-1|IE-SW-5|IE-SE-2|IE-ALL,https://cms.eirgrid.ie/sites/default/files/publications/Wind-Dispatch-Tool-Constraint-Group-Overview_1.pdf,Plant/capacity/station from official controllability update; bus and coordinates attached from SV2024 all-island network.
Curraghmartin,Solar farm,Associated 110 kV station per EirGrid controllability list,,,52.2633036,-7.1249367,4.75,Published installed capacity MW; not asserted to equal MEC,Not provided by the January 2024 controllability list,Yes; market-unit mapping may be required,SV2024 electrical station coordinate; not plant centroid,2024-01,https://cms.eirgrid.ie/sites/default/files/publications/Controllability-Status-Update-2024-01-January.pdf,IE,5441,Waterford,WATERFORD,"(30, 40)",IE-SE-1|IE-ALL,https://cms.eirgrid.ie/sites/default/files/publications/Wind-Dispatch-Tool-Constraint-Group-Overview_1.pdf,Plant/capacity/station from official controllability update; bus and coordinates attached from SV2024 all-island network.
Blusheens 1,Solar farm,Associated 110 kV station per EirGrid controllability list,,,52.3403641,-6.5394499,9.75,Published installed capacity MW; not asserted to equal MEC,Not provided by the January 2024 controllability list,Yes; market-unit mapping may be required,SV2024 electrical station coordinate; not plant centroid,2024-01,https://cms.eirgrid.ie/sites/default/files/publications/Controllability-Status-Update-2024-01-January.pdf,IE,5501,Wexford,WEXFORD,"(30, 40)",IE-SE-1|IE-ALL,https://cms.eirgrid.ie/sites/default/files/publications/Wind-Dispatch-Tool-Constraint-Group-Overview_1.pdf,Plant/capacity/station from official controllability update; bus and coordinates attached from SV2024 all-island network.
Hortland,Solar farm,Associated 110 kV station per EirGrid controllability list,,,53.3880882,-6.8293304,14,Published installed capacity MW; not asserted to equal MEC,Not provided by the January 2024 controllability list,Yes; market-unit mapping may be required,SV2024 electrical station coordinate; not plant centroid,2024-01,https://cms.eirgrid.ie/sites/default/files/publications/Controllability-Status-Update-2024-01-January.pdf,IE,2301,Dunfirth,DUNFIRTH,"(40,)",IE-ALL,https://cms.eirgrid.ie/sites/default/files/publications/Wind-Dispatch-Tool-Constraint-Group-Overview_1.pdf,Plant/capacity/station from official controllability update; bus and coordinates attached from SV2024 all-island network.
Ardderoo,Wind farm,Associated 110 kV station per EirGrid controllability list,,,53.3580797,-9.2937884,101.2,Published installed capacity MW; not asserted to equal MEC,Not provided by the January 2024 controllability list,Yes; market-unit mapping may be required,SV2024 electrical station coordinate; not plant centroid,2024-01,https://cms.eirgrid.ie/sites/default/files/publications/Controllability-Status-Update-2024-01-January.pdf,IE,20900,Buffy,BUFFY,"(8, 9, 10, 40)",IE-W-1|IE-W-2|IE-W-3|IE-ALL,https://cms.eirgrid.ie/sites/default/files/publications/Wind-Dispatch-Tool-Constraint-Group-Overview_1.pdf,Plant/capacity/station from official controllability update; bus and coordinates attached from SV2024 all-island network.
Hilltown,Solar farm,Associated 110 kV station per EirGrid controllability list,,,53.5454415,-6.4401389,10,Published installed capacity MW; not asserted to equal MEC,Not provided by the January 2024 controllability list,Yes; market-unit mapping may be required,SV2024 electrical station coordinate; not plant centroid,2024-01,https://cms.eirgrid.ie/sites/default/files/publications/Controllability-Status-Update-2024-01-January.pdf,IE,1271,Baltrasna,BALTRASNA,"(40,)",IE-ALL,https://cms.eirgrid.ie/sites/default/files/publications/Wind-Dispatch-Tool-Constraint-Group-Overview_1.pdf,Plant/capacity/station from official controllability update; bus and coordinates attached from SV2024 all-island network.
Gorey,Solar farm,Associated 110 kV station per EirGrid controllability list,,,52.6502648,-6.2725523,4,Published installed capacity MW; not asserted to equal MEC,Not provided by the January 2024 controllability list,Yes; market-unit mapping may be required,SV2024 electrical station coordinate; not plant centroid,2024-01,https://cms.eirgrid.ie/sites/default/files/publications/Controllability-Status-Update-2024-01-January.pdf,IE,1541,Banoge,BANOGE,"(30, 33, 40)",IE-SE-1|IE-SE-4|IE-ALL,https://cms.eirgrid.ie/sites/default/files/publications/Wind-Dispatch-Tool-Constraint-Group-Overview_1.pdf,Plant/capacity/station from official controllability update; bus and coordinates attached from SV2024 all-island network.
Blundelstown,Solar farm,Associated 110 kV station per EirGrid controllability list,,,53.4444320,-6.5335903,70.1,Published installed capacity MW; not asserted to equal MEC,Not provided by the January 2024 controllability list,Yes; market-unit mapping may be required,SV2024 electrical station coordinate; not plant centroid,2024-01,https://cms.eirgrid.ie/sites/default/files/publications/Controllability-Status-Update-2024-01-January.pdf,IE,1331,Blundelstown,BLUNDELSTOWN,"(40,)",IE-ALL,https://cms.eirgrid.ie/sites/default/files/publications/Wind-Dispatch-Tool-Constraint-Group-Overview_1.pdf,Plant/capacity/station from official controllability update; bus and coordinates attached from SV2024 all-island network.
Lenalea,Wind farm,Associated 110 kV station per EirGrid controllability list,,,54.9028813,-7.8642829,30.1,Published installed capacity MW; not asserted to equal MEC,Not provided by the January 2024 controllability list,Yes; market-unit mapping may be required,SV2024 electrical station coordinate; not plant centroid,2024-01,https://cms.eirgrid.ie/sites/default/files/publications/Controllability-Status-Update-2024-01-January.pdf,IE,3591,Lenalea,LENALEA,"(1, 3, 4, 5, 6, 9, 40)",IE-NW-1|IE-NW-3|IE-NW-4|IE-NW-5|IE-NW-6|IE-W-2|IE-ALL,https://cms.eirgrid.ie/sites/default/files/publications/Wind-Dispatch-Tool-Constraint-Group-Overview_1.pdf,Plant/capacity/station from official controllability update; bus and coordinates attached from SV2024 all-island network.
Clogheravaddy 3,Wind farm,Associated 110 kV station per EirGrid controllability list,,,54.7189369,-8.2634291,3.6,Published installed capacity MW; not asserted to equal MEC,Not provided by the January 2024 controllability list,Yes; market-unit mapping may be required,SV2024 electrical station coordinate; not plant centroid,2024-01,https://cms.eirgrid.ie/sites/default/files/publications/Controllability-Status-Update-2024-01-January.pdf,IE,1341,Binbane,BINBANE,"(1, 3, 4, 5, 6, 9)",IE-NW-1|IE-NW-3|IE-NW-4|IE-NW-5|IE-NW-6|IE-W-2,https://cms.eirgrid.ie/sites/default/files/publications/Wind-Dispatch-Tool-Constraint-Group-Overview_1.pdf,Plant/capacity/station from official controllability update; bus and coordinates attached from SV2024 all-island network.
Sheskin 1,Wind farm,Associated 110 kV station per EirGrid controllability list,,,54.1205007,-9.5787377,18,Published installed capacity MW; not asserted to equal MEC,Not provided by the January 2024 controllability list,Yes; market-unit mapping may be required,SV2024 electrical station coordinate; not plant centroid,2024-01,https://cms.eirgrid.ie/sites/default/files/publications/Controllability-Status-Update-2024-01-January.pdf,IE,1401,Bellacorick,BELLACORICK,(),,https://cms.eirgrid.ie/sites/default/files/publications/Wind-Dispatch-Tool-Constraint-Group-Overview_1.pdf,Plant/capacity/station from official controllability update; bus and coordinates attached from SV2024 all-island network.
Macallian,Solar farm,Associated 110 kV station per EirGrid controllability list,,,52.5323772,-6.5144397,9,Published installed capacity MW; not asserted to equal MEC,Not provided by the January 2024 controllability list,Yes; market-unit mapping may be required,SV2024 electrical station coordinate; not plant centroid,2024-01,https://cms.eirgrid.ie/sites/default/files/publications/Controllability-Status-Update-2024-01-January.pdf,IE,1841,Crane,CRANE,"(30, 33)",IE-SE-1|IE-SE-4,https://cms.eirgrid.ie/sites/default/files/publications/Wind-Dispatch-Tool-Constraint-Group-Overview_1.pdf,Plant/capacity/station from official controllability update; bus and coordinates attached from SV2024 all-island network.
Drumlins,Wind farm,Associated 110 kV station per EirGrid controllability list,,,54.1217547,-7.1045616,48.8,Published installed capacity MW; not asserted to equal MEC,Not provided by the January 2024 controllability list,Yes; market-unit mapping may be required,SV2024 electrical station coordinate; not plant centroid,2024-01,https://cms.eirgrid.ie/sites/default/files/publications/Controllability-Status-Update-2024-01-January.pdf,IE,3491,Lislea,LISLEA,(),,https://cms.eirgrid.ie/sites/default/files/publications/Wind-Dispatch-Tool-Constraint-Group-Overview_1.pdf,Plant/capacity/station from official controllability update; bus and coordinates attached from SV2024 all-island network.
Owenreagh Wind Farm,Wind farm,Distribution - 33 kV,242349,396275,54.812527,-7.342073,5.5,SONI connection/export capacity (MEC),Not generally published by SONI at individual connection point,Yes for applicable dispatchable units; unit-name mapping required,Exact electrical connection point from SONI Connections Register; WGS84 converted from Irish Grid,2024-03-25,https://cms.soni.ltd.uk/sites/default/files/media/documents/20240325-Connections-Register-25-March-2024.pdf,NI,89510,,,"(37, 41)",NI-2|NI-4,https://cms.eirgrid.ie/sites/default/files/publications/Wind-Dispatch-Tool-Constraint-Group-Overview_1.pdf,"MEC is connection/export capacity, not actual generation at a timestamp."
Lendrum's Bridge Wind Farm,Wind farm,Distribution - 33 kV,242698,354636,54.438477,-7.342706,13.2,SONI connection/export capacity (MEC),Not generally published by SONI at individual connection point,Yes for applicable dispatchable units; unit-name mapping required,Exact electrical connection point from SONI Connections Register; WGS84 converted from Irish Grid,2024-03-25,https://cms.soni.ltd.uk/sites/default/files/media/documents/20240325-Connections-Register-25-March-2024.pdf,NI,76810,,,"(41,)",NI-4,https://cms.eirgrid.ie/sites/default/files/publications/Wind-Dispatch-Tool-Constraint-Group-Overview_1.pdf,"MEC is connection/export capacity, not actual generation at a timestamp."
Altahullion Wind Farm,Wind farm,Distribution - 33 kV,261949,413181,54.962331,-7.033634,26.0,SONI connection/export capacity (MEC),Not generally published by SONI at individual connection point,Yes for applicable dispatchable units; unit-name mapping required,Exact electrical connection point from SONI Connections Register; WGS84 converted from Irish Grid,2024-03-25,https://cms.soni.ltd.uk/sites/default/files/media/documents/20240325-Connections-Register-25-March-2024.pdf,NI,83510,,,"(36, 39, 41)",NI-1|NI-5|NI-4,https://cms.eirgrid.ie/sites/default/files/publications/Wind-Dispatch-Tool-Constraint-Group-Overview_1.pdf,"MEC is connection/export capacity, not actual generation at a timestamp."
Snugborough Wind Farm,Wind farm,Distribution - 33 kV,225560,321600,54.142851,-7.609639,13.5,SONI connection/export capacity (MEC),Not generally published by SONI at individual connection point,Yes for applicable dispatchable units; unit-name mapping required,Exact electrical connection point from SONI Connections Register; WGS84 converted from Irish Grid,2024-03-25,https://cms.soni.ltd.uk/sites/default/files/media/documents/20240325-Connections-Register-25-March-2024.pdf,NI,70010,,,"(37, 38, 41)",NI-2|NI-3|NI-4,https://cms.eirgrid.ie/sites/default/files/publications/Wind-Dispatch-Tool-Constraint-Group-Overview_1.pdf,"MEC is connection/export capacity, not actual generation at a timestamp."
Tappaghan Wind Farm,Wind farm,Distribution - 33 kV,229093,368191,54.5612,-7.551037,28.5,SONI connection/export capacity (MEC),Not generally published by SONI at individual connection point,Yes for applicable dispatchable units; unit-name mapping required,Exact electrical connection point from SONI Connections Register; WGS84 converted from Irish Grid,2024-03-25,https://cms.soni.ltd.uk/sites/default/files/media/documents/20240325-Connections-Register-25-March-2024.pdf,NI,77210,,,"(37, 38, 41)",NI-2|NI-3|NI-4,https://cms.eirgrid.ie/sites/default/files/publications/Wind-Dispatch-Tool-Constraint-Group-Overview_1.pdf,"MEC is connection/export capacity, not actual generation at a timestamp."
Callagheen Wind Farm,Wind farm,Distribution - 33 kV,199109,354913,54.442754,-8.01448,16.9,SONI connection/export capacity (MEC),Not generally published by SONI at individual connection point,Yes for applicable dispatchable units; unit-name mapping required,Exact electrical connection point from SONI Connections Register; WGS84 converted from Irish Grid,2024-03-25,https://cms.soni.ltd.uk/sites/default/files/media/documents/20240325-Connections-Register-25-March-2024.pdf,NI,79010,,,"(37, 38, 41)",NI-2|NI-3|NI-4,https://cms.eirgrid.ie/sites/default/files/publications/Wind-Dispatch-Tool-Constraint-Group-Overview_1.pdf,"MEC is connection/export capacity, not actual generation at a timestamp."
Bin Mountain Wind Farm,Wind farm,Distribution - 33 kV,223817,374313,54.616469,-7.632094,9.0,SONI connection/export capacity (MEC),Not generally published by SONI at individual connection point,Yes for applicable dispatchable units; unit-name mapping required,Exact electrical connection point from SONI Connections Register; WGS84 converted from Irish Grid,2024-03-25,https://cms.soni.ltd.uk/sites/default/files/media/documents/20240325-Connections-Register-25-March-2024.pdf,NI,77210,,,"(37, 38, 41)",NI-2|NI-3|NI-4,https://cms.eirgrid.ie/sites/default/files/publications/Wind-Dispatch-Tool-Constraint-Group-Overview_1.pdf,"MEC is connection/export capacity, not actual generation at a timestamp."
Lough Hill Wind Farm,Wind farm,Distribution - 33 kV,225276,375585,54.627825,-7.609402,7.8,SONI connection/export capacity (MEC),Not generally published by SONI at individual connection point,Yes for applicable dispatchable units; unit-name mapping required,Exact electrical connection point from SONI Connections Register; WGS84 converted from Irish Grid,2024-03-25,https://cms.soni.ltd.uk/sites/default/files/media/documents/20240325-Connections-Register-25-March-2024.pdf,NI,77210,,,"(37, 38, 41)",NI-2|NI-3|NI-4,https://cms.eirgrid.ie/sites/default/files/publications/Wind-Dispatch-Tool-Constraint-Group-Overview_1.pdf,"MEC is connection/export capacity, not actual generation at a timestamp."
Altahullion 2 Wind Farm,Wind farm,Distribution - 33 kV,261894,412785,54.958781,-7.034578,11.7,SONI connection/export capacity (MEC),Not generally published by SONI at individual connection point,Yes for applicable dispatchable units; unit-name mapping required,Exact electrical connection point from SONI Connections Register; WGS84 converted from Irish Grid,2024-03-25,https://cms.soni.ltd.uk/sites/default/files/media/documents/20240325-Connections-Register-25-March-2024.pdf,NI,83510,,,"(36, 39, 41)",NI-1|NI-5|NI-4,https://cms.eirgrid.ie/sites/default/files/publications/Wind-Dispatch-Tool-Constraint-Group-Overview_1.pdf,"MEC is connection/export capacity, not actual generation at a timestamp."
Slieve Rushen 2 Wind Farm,Wind farm,Distribution - 33 kV,225059,323785,54.162505,-7.617123,54.0,SONI connection/export capacity (MEC),Not generally published by SONI at individual connection point,Yes for applicable dispatchable units; unit-name mapping required,Exact electrical connection point from SONI Connections Register; WGS84 converted from Irish Grid,2024-03-25,https://cms.soni.ltd.uk/sites/default/files/media/documents/20240325-Connections-Register-25-March-2024.pdf,NI,70010,,,"(37, 38, 41)",NI-2|NI-3|NI-4,https://cms.eirgrid.ie/sites/default/files/publications/Wind-Dispatch-Tool-Constraint-Group-Overview_1.pdf,"MEC is connection/export capacity, not actual generation at a timestamp."
Wolf Bog Wind Farm,Wind farm,Distribution - 33 kV,323109,396692,54.802964,-6.086314,10.0,SONI connection/export capacity (MEC),Not generally published by SONI at individual connection point,Yes for applicable dispatchable units; unit-name mapping required,Exact electrical connection point from SONI Connections Register; WGS84 converted from Irish Grid,2024-03-25,https://cms.soni.ltd.uk/sites/default/files/media/documents/20240325-Connections-Register-25-March-2024.pdf,NI,80511,,,"(41,)",NI-4,https://cms.eirgrid.ie/sites/default/files/publications/Wind-Dispatch-Tool-Constraint-Group-Overview_1.pdf,"MEC is connection/export capacity, not actual generation at a timestamp."
Bessy Bell 2 Wind Farm,Wind farm,Distribution - 33 kV,239622,381549,54.680476,-7.386488,9.0,SONI connection/export capacity (MEC),Not generally published by SONI at individual connection point,Yes for applicable dispatchable units; unit-name mapping required,Exact electrical connection point from SONI Connections Register; WGS84 converted from Irish Grid,2024-03-25,https://cms.soni.ltd.uk/sites/default/files/media/documents/20240325-Connections-Register-25-March-2024.pdf,NI,85510,,,"(37, 41)",NI-2|NI-4,https://cms.eirgrid.ie/sites/default/files/publications/Wind-Dispatch-Tool-Constraint-Group-Overview_1.pdf,"MEC is connection/export capacity, not actual generation at a timestamp."
Owenreagh 2 Wind Farm,Wind farm,Distribution - 33 kV,242727,395952,54.809594,-7.336241,5.1,SONI connection/export capacity (MEC),Not generally published by SONI at individual connection point,Yes for applicable dispatchable units; unit-name mapping required,Exact electrical connection point from SONI Connections Register; WGS84 converted from Irish Grid,2024-03-25,https://cms.soni.ltd.uk/sites/default/files/media/documents/20240325-Connections-Register-25-March-2024.pdf,NI,89510,,,"(37, 41)",NI-2|NI-4,https://cms.eirgrid.ie/sites/default/files/publications/Wind-Dispatch-Tool-Constraint-Group-Overview_1.pdf,"MEC is connection/export capacity, not actual generation at a timestamp."
Slieve Divena 1 Wind Farm,Wind farm,Distribution - 33 kV,258465,362646,54.508857,-7.09816,30.0,SONI connection/export capacity (MEC),Not generally published by SONI at individual connection point,Yes for applicable dispatchable units; unit-name mapping required,Exact electrical connection point from SONI Connections Register; WGS84 converted from Irish Grid,2024-03-25,https://cms.soni.ltd.uk/sites/default/files/media/documents/20240325-Connections-Register-25-March-2024.pdf,NI,80710,,,"(37, 41)",NI-2|NI-4,https://cms.eirgrid.ie/sites/default/files/publications/Wind-Dispatch-Tool-Constraint-Group-Overview_1.pdf,"MEC is connection/export capacity, not actual generation at a timestamp."
Garves Wind Farm,Wind farm,Distribution - 33 kV,299275,418126,55.000707,-6.449401,15.0,SONI connection/export capacity (MEC),Not generally published by SONI at individual connection point,Yes for applicable dispatchable units; unit-name mapping required,Exact electrical connection point from SONI Connections Register; WGS84 converted from Irish Grid,2024-03-25,https://cms.soni.ltd.uk/sites/default/files/media/documents/20240325-Connections-Register-25-March-2024.pdf,NI,87900,,,"(36, 39, 41)",NI-1|NI-5|NI-4,https://cms.eirgrid.ie/sites/default/files/publications/Wind-Dispatch-Tool-Constraint-Group-Overview_1.pdf,"MEC is connection/export capacity, not actual generation at a timestamp."
Gruig Wind Farm,Wind farm,Distribution - 33 kV,311607,421152,55.025267,-6.255606,25.0,SONI connection/export capacity (MEC),Not generally published by SONI at individual connection point,Yes for applicable dispatchable units; unit-name mapping required,Exact electrical connection point from SONI Connections Register; WGS84 converted from Irish Grid,2024-03-25,https://cms.soni.ltd.uk/sites/default/files/media/documents/20240325-Connections-Register-25-March-2024.pdf,NI,87900,,,"(36, 39, 41)",NI-1|NI-5|NI-4,https://cms.eirgrid.ie/sites/default/files/publications/Wind-Dispatch-Tool-Constraint-Group-Overview_1.pdf,"MEC is connection/export capacity, not actual generation at a timestamp."
Hunters Hill Wind Farm,Wind farm,Distribution - 33 kV,243368,354658,54.438618,-7.332378,20.0,SONI connection/export capacity (MEC),Not generally published by SONI at individual connection point,Yes for applicable dispatchable units; unit-name mapping required,Exact electrical connection point from SONI Connections Register; WGS84 converted from Irish Grid,2024-03-25,https://cms.soni.ltd.uk/sites/default/files/media/documents/20240325-Connections-Register-25-March-2024.pdf,NI,76810,,,"(41,)",NI-4,https://cms.eirgrid.ie/sites/default/files/publications/Wind-Dispatch-Tool-Constraint-Group-Overview_1.pdf,"MEC is connection/export capacity, not actual generation at a timestamp."
Crockagarran Wind Farm,Wind farm,Distribution - 33 kV,263414,367749,54.554098,-7.020671,18.0,SONI connection/export capacity (MEC),Not generally published by SONI at individual connection point,Yes for applicable dispatchable units; unit-name mapping required,Exact electrical connection point from SONI Connections Register; WGS84 converted from Irish Grid,2024-03-25,https://cms.soni.ltd.uk/sites/default/files/media/documents/20240325-Connections-Register-25-March-2024.pdf,NI,90210,,,"(37, 41)",NI-2|NI-4,https://cms.eirgrid.ie/sites/default/files/publications/Wind-Dispatch-Tool-Constraint-Group-Overview_1.pdf,"MEC is connection/export capacity, not actual generation at a timestamp."
Curryfree Wind Farm,Wind farm,Distribution - 33 kV,244222,409385,54.930121,-7.310936,15.0,SONI connection/export capacity (MEC),Not generally published by SONI at individual connection point,Yes for applicable dispatchable units; unit-name mapping required,Exact electrical connection point from SONI Connections Register; WGS84 converted from Irish Grid,2024-03-25,https://cms.soni.ltd.uk/sites/default/files/media/documents/20240325-Connections-Register-25-March-2024.pdf,NI,81810,,,"(37, 41)",NI-2|NI-4,https://cms.eirgrid.ie/sites/default/files/publications/Wind-Dispatch-Tool-Constraint-Group-Overview_1.pdf,"MEC is connection/export capacity, not actual generation at a timestamp."
Screggagh Wind Farm,Wind farm,Distribution - 33 kV,242915,356301,54.453415,-7.339121,20.0,SONI connection/export capacity (MEC),Not generally published by SONI at individual connection point,Yes for applicable dispatchable units; unit-name mapping required,Exact electrical connection point from SONI Connections Register; WGS84 converted from Irish Grid,2024-03-25,https://cms.soni.ltd.uk/sites/default/files/media/documents/20240325-Connections-Register-25-March-2024.pdf,NI,76810,,,"(41,)",NI-4,https://cms.eirgrid.ie/sites/default/files/publications/Wind-Dispatch-Tool-Constraint-Group-Overview_1.pdf,"MEC is connection/export capacity, not actual generation at a timestamp."
Slieve Kirk Wind Farm,Wind farm,Transmission - 110 kV,247117,408040,54.917775,-7.266002,73.6,SONI connection/export capacity (MEC),Not generally published by SONI at individual connection point,Yes for applicable dispatchable units; unit-name mapping required,Exact electrical connection point from SONI Connections Register; WGS84 converted from Irish Grid,2024-03-25,https://cms.soni.ltd.uk/sites/default/files/media/documents/20240325-Connections-Register-25-March-2024.pdf,NI,81810,,,"(37, 41)",NI-2|NI-4,https://cms.eirgrid.ie/sites/default/files/publications/Wind-Dispatch-Tool-Constraint-Group-Overview_1.pdf,"MEC is connection/export capacity, not actual generation at a timestamp."
Church Hill Wind Farm,Wind farm,Distribution - 33 kV,218230,378549,54.654753,-7.718309,18.4,SONI connection/export capacity (MEC),Not generally published by SONI at individual connection point,Yes for applicable dispatchable units; unit-name mapping required,Exact electrical connection point from SONI Connections Register; WGS84 converted from Irish Grid,2024-03-25,https://cms.soni.ltd.uk/sites/default/files/media/documents/20240325-Connections-Register-25-March-2024.pdf,NI,77210,,,"(37, 38, 41)",NI-2|NI-3|NI-4,https://cms.eirgrid.ie/sites/default/files/publications/Wind-Dispatch-Tool-Constraint-Group-Overview_1.pdf,"MEC is connection/export capacity, not actual generation at a timestamp."
Crighshane Wind Farm,Wind farm,Distribution - 33 kV,213120,377157,54.642407,-7.79754,32.2,SONI connection/export capacity (MEC),Not generally published by SONI at individual connection point,Yes for applicable dispatchable units; unit-name mapping required,Exact electrical connection point from SONI Connections Register; WGS84 converted from Irish Grid,2024-03-25,https://cms.soni.ltd.uk/sites/default/files/media/documents/20240325-Connections-Register-25-March-2024.pdf,NI,77210,,,"(37, 38, 41)",NI-2|NI-3|NI-4,https://cms.eirgrid.ie/sites/default/files/publications/Wind-Dispatch-Tool-Constraint-Group-Overview_1.pdf,"MEC is connection/export capacity, not actual generation at a timestamp."
Carrickatane Wind Farm,Wind farm,Distribution - 33 kV,242952,407525,54.913525,-7.331023,20.7,SONI connection/export capacity (MEC),Not generally published by SONI at individual connection point,Yes for applicable dispatchable units; unit-name mapping required,Exact electrical connection point from SONI Connections Register; WGS84 converted from Irish Grid,2024-03-25,https://cms.soni.ltd.uk/sites/default/files/media/documents/20240325-Connections-Register-25-March-2024.pdf,NI,81810,,,"(37, 41)",NI-2|NI-4,https://cms.eirgrid.ie/sites/default/files/publications/Wind-Dispatch-Tool-Constraint-Group-Overview_1.pdf,"MEC is connection/export capacity, not actual generation at a timestamp."
Carn Hill Wind Farm,Wind farm,Distribution - 33 kV,334181,388065,54.722684,-5.918238,13.8,SONI connection/export capacity (MEC),Not generally published by SONI at individual connection point,Yes for applicable dispatchable units; unit-name mapping required,Exact electrical connection point from SONI Connections Register; WGS84 converted from Irish Grid,2024-03-25,https://cms.soni.ltd.uk/sites/default/files/media/documents/20240325-Connections-Register-25-March-2024.pdf,NI,74011,,,"(41,)",NI-4,https://cms.eirgrid.ie/sites/default/files/publications/Wind-Dispatch-Tool-Constraint-Group-Overview_1.pdf,"MEC is connection/export capacity, not actual generation at a timestamp."
Dunmore Wind Farm,Wind farm,Distribution - 33 kV,275350,428430,55.097433,-6.820452,21.0,SONI connection/export capacity (MEC),Not generally published by SONI at individual connection point,Yes for applicable dispatchable units; unit-name mapping required,Exact electrical connection point from SONI Connections Register; WGS84 converted from Irish Grid,2024-03-25,https://cms.soni.ltd.uk/sites/default/files/media/documents/20240325-Connections-Register-25-March-2024.pdf,NI,75010,,,"(36, 39, 41)",NI-1|NI-5|NI-4,https://cms.eirgrid.ie/sites/default/files/publications/Wind-Dispatch-Tool-Constraint-Group-Overview_1.pdf,"MEC is connection/export capacity, not actual generation at a timestamp."
Dunbeg Wind Farm,Wind farm,Distribution - 33 kV,275482,427244,55.086762,-6.818699,42.0,SONI connection/export capacity (MEC),Not generally published by SONI at individual connection point,Yes for applicable dispatchable units; unit-name mapping required,Exact electrical connection point from SONI Connections Register; WGS84 converted from Irish Grid,2024-03-25,https://cms.soni.ltd.uk/sites/default/files/media/documents/20240325-Connections-Register-25-March-2024.pdf,NI,75010,,,"(36, 39, 41)",NI-1|NI-5|NI-4,https://cms.eirgrid.ie/sites/default/files/publications/Wind-Dispatch-Tool-Constraint-Group-Overview_1.pdf,"MEC is connection/export capacity, not actual generation at a timestamp."
Thornog Wind Farm,Wind farm,Distribution - 33 kV,224550,371290,54.589279,-7.621001,20.0,SONI connection/export capacity (MEC),Not generally published by SONI at individual connection point,Yes for applicable dispatchable units; unit-name mapping required,Exact electrical connection point from SONI Connections Register; WGS84 converted from Irish Grid,2024-03-25,https://cms.soni.ltd.uk/sites/default/files/media/documents/20240325-Connections-Register-25-March-2024.pdf,NI,77210,,,"(37, 38, 41)",NI-2|NI-3|NI-4,https://cms.eirgrid.ie/sites/default/files/publications/Wind-Dispatch-Tool-Constraint-Group-Overview_1.pdf,"MEC is connection/export capacity, not actual generation at a timestamp."
Molly Mountain Wind Farm,Wind farm,Distribution - 33 kV,223773,327723,54.197944,-7.636499,15.0,SONI connection/export capacity (MEC),Not generally published by SONI at individual connection point,Yes for applicable dispatchable units; unit-name mapping required,Exact electrical connection point from SONI Connections Register; WGS84 converted from Irish Grid,2024-03-25,https://cms.soni.ltd.uk/sites/default/files/media/documents/20240325-Connections-Register-25-March-2024.pdf,NI,70010,,,"(37, 38, 41)",NI-2|NI-3|NI-4,https://cms.eirgrid.ie/sites/default/files/publications/Wind-Dispatch-Tool-Constraint-Group-Overview_1.pdf,"MEC is connection/export capacity, not actual generation at a timestamp."
Monnaboy Wind Farm,Wind farm,Distribution - 33 kV,257075,415629,54.984899,-7.109227,12.0,SONI connection/export capacity (MEC),Not generally published by SONI at individual connection point,Yes for applicable dispatchable units; unit-name mapping required,Exact electrical connection point from SONI Connections Register; WGS84 converted from Irish Grid,2024-03-25,https://cms.soni.ltd.uk/sites/default/files/media/documents/20240325-Connections-Register-25-March-2024.pdf,NI,75510,,,"(36, 41)",NI-1|NI-4,https://cms.eirgrid.ie/sites/default/files/publications/Wind-Dispatch-Tool-Constraint-Group-Overview_1.pdf,"MEC is connection/export capacity, not actual generation at a timestamp."
Seegronan Wind Farm,Wind farm,Distribution - 33 kV,219630,378150,54.651116,-7.696645,14.1,SONI connection/export capacity (MEC),Not generally published by SONI at individual connection point,Yes for applicable dispatchable units; unit-name mapping required,Exact electrical connection point from SONI Connections Register; WGS84 converted from Irish Grid,2024-03-25,https://cms.soni.ltd.uk/sites/default/files/media/documents/20240325-Connections-Register-25-March-2024.pdf,NI,77210,,,"(37, 38, 41)",NI-2|NI-3|NI-4,https://cms.eirgrid.ie/sites/default/files/publications/Wind-Dispatch-Tool-Constraint-Group-Overview_1.pdf,"MEC is connection/export capacity, not actual generation at a timestamp."
Cloonty Wind Farm,Wind farm,Distribution - 33 kV,296770,435929,55.161057,-6.482488,9.2,SONI connection/export capacity (MEC),Not generally published by SONI at individual connection point,Yes for applicable dispatchable units; unit-name mapping required,Exact electrical connection point from SONI Connections Register; WGS84 converted from Irish Grid,2024-03-25,https://cms.soni.ltd.uk/sites/default/files/media/documents/20240325-Connections-Register-25-March-2024.pdf,NI,84511,,,"(36, 39, 41)",NI-1|NI-5|NI-4,https://cms.eirgrid.ie/sites/default/files/publications/Wind-Dispatch-Tool-Constraint-Group-Overview_1.pdf,"MEC is connection/export capacity, not actual generation at a timestamp."
Tievenameenta Wind Farm,Wind farm,Distribution - 33 kV,216348,377345,54.644002,-7.747534,34.5,SONI connection/export capacity (MEC),Not generally published by SONI at individual connection point,Yes for applicable dispatchable units; unit-name mapping required,Exact electrical connection point from SONI Connections Register; WGS84 converted from Irish Grid,2024-03-25,https://cms.soni.ltd.uk/sites/default/files/media/documents/20240325-Connections-Register-25-March-2024.pdf,NI,77210,,,"(37, 38, 41)",NI-2|NI-3|NI-4,https://cms.eirgrid.ie/sites/default/files/publications/Wind-Dispatch-Tool-Constraint-Group-Overview_1.pdf,"MEC is connection/export capacity, not actual generation at a timestamp."
Ora More Wind Farm,Wind farm,Distribution - 33 kV,207457,342537,54.331522,-7.886121,15.0,SONI connection/export capacity (MEC),Not generally published by SONI at individual connection point,Yes for applicable dispatchable units; unit-name mapping required,Exact electrical connection point from SONI Connections Register; WGS84 converted from Irish Grid,2024-03-25,https://cms.soni.ltd.uk/sites/default/files/media/documents/20240325-Connections-Register-25-March-2024.pdf,NI,79010,,,"(37, 38, 41)",NI-2|NI-3|NI-4,https://cms.eirgrid.ie/sites/default/files/publications/Wind-Dispatch-Tool-Constraint-Group-Overview_1.pdf,"MEC is connection/export capacity, not actual generation at a timestamp."
Cregganconroe Wind Farm,Wind farm,Distribution - 33 kV,266558,374262,54.612192,-6.970614,13.8,SONI connection/export capacity (MEC),Not generally published by SONI at individual connection point,Yes for applicable dispatchable units; unit-name mapping required,Exact electrical connection point from SONI Connections Register; WGS84 converted from Irish Grid,2024-03-25,https://cms.soni.ltd.uk/sites/default/files/media/documents/20240325-Connections-Register-25-March-2024.pdf,NI,90210,,,"(37, 41)",NI-2|NI-4,https://cms.eirgrid.ie/sites/default/files/publications/Wind-Dispatch-Tool-Constraint-Group-Overview_1.pdf,"MEC is connection/export capacity, not actual generation at a timestamp."
Eglish Wind Farm,Wind farm,Distribution - 33 kV,250484,405097,54.891013,-7.214017,15.0,SONI connection/export capacity (MEC),Not generally published by SONI at individual connection point,Yes for applicable dispatchable units; unit-name mapping required,Exact electrical connection point from SONI Connections Register; WGS84 converted from Irish Grid,2024-03-25,https://cms.soni.ltd.uk/sites/default/files/media/documents/20240325-Connections-Register-25-March-2024.pdf,NI,81810,,,"(37, 41)",NI-2|NI-4,https://cms.eirgrid.ie/sites/default/files/publications/Wind-Dispatch-Tool-Constraint-Group-Overview_1.pdf,"MEC is connection/export capacity, not actual generation at a timestamp."
Eshmore Wind Farm,Wind farm,Distribution - 33 kV,265856,366133,54.539272,-6.983297,7.05,SONI connection/export capacity (MEC),Not generally published by SONI at individual connection point,Yes for applicable dispatchable units; unit-name mapping required,Exact electrical connection point from SONI Connections Register; WGS84 converted from Irish Grid,2024-03-25,https://cms.soni.ltd.uk/sites/default/files/media/documents/20240325-Connections-Register-25-March-2024.pdf,NI,90210,,,"(37, 41)",NI-2|NI-4,https://cms.eirgrid.ie/sites/default/files/publications/Wind-Dispatch-Tool-Constraint-Group-Overview_1.pdf,"MEC is connection/export capacity, not actual generation at a timestamp."
Glenbuck Wind Farm,Wind farm,Distribution - 33 kV,300716,416130,54.982495,-6.427593,9.2,SONI connection/export capacity (MEC),Not generally published by SONI at individual connection point,Yes for applicable dispatchable units; unit-name mapping required,Exact electrical connection point from SONI Connections Register; WGS84 converted from Irish Grid,2024-03-25,https://cms.soni.ltd.uk/sites/default/files/media/documents/20240325-Connections-Register-25-March-2024.pdf,NI,87900,,,"(36, 39, 41)",NI-1|NI-5|NI-4,https://cms.eirgrid.ie/sites/default/files/publications/Wind-Dispatch-Tool-Constraint-Group-Overview_1.pdf,"MEC is connection/export capacity, not actual generation at a timestamp."
Gortfinbar Wind Farm,Wind farm,Distribution - 33 kV,263013,366689,54.544627,-7.027095,15.0,SONI connection/export capacity (MEC),Not generally published by SONI at individual connection point,Yes for applicable dispatchable units; unit-name mapping required,Exact electrical connection point from SONI Connections Register; WGS84 converted from Irish Grid,2024-03-25,https://cms.soni.ltd.uk/sites/default/files/media/documents/20240325-Connections-Register-25-March-2024.pdf,NI,90210,,,"(37, 41)",NI-2|NI-4,https://cms.eirgrid.ie/sites/default/files/publications/Wind-Dispatch-Tool-Constraint-Group-Overview_1.pdf,"MEC is connection/export capacity, not actual generation at a timestamp."
Long Mountain Wind Farm,Wind farm,Distribution - 33 kV,301338,416154,54.982585,-6.417873,27.6,SONI connection/export capacity (MEC),Not generally published by SONI at individual connection point,Yes for applicable dispatchable units; unit-name mapping required,Exact electrical connection point from SONI Connections Register; WGS84 converted from Irish Grid,2024-03-25,https://cms.soni.ltd.uk/sites/default/files/media/documents/20240325-Connections-Register-25-March-2024.pdf,NI,87900,,,"(36, 39, 41)",NI-1|NI-5|NI-4,https://cms.eirgrid.ie/sites/default/files/publications/Wind-Dispatch-Tool-Constraint-Group-Overview_1.pdf,"MEC is connection/export capacity, not actual generation at a timestamp."
Altamuskin Wind Farm,Wind farm,Distribution - 33 kV,257901,363713,54.518506,-7.106656,14.1,SONI connection/export capacity (MEC),Not generally published by SONI at individual connection point,Yes for applicable dispatchable units; unit-name mapping required,Exact electrical connection point from SONI Connections Register; WGS84 converted from Irish Grid,2024-03-25,https://cms.soni.ltd.uk/sites/default/files/media/documents/20240325-Connections-Register-25-March-2024.pdf,NI,80710,,,"(37, 41)",NI-2|NI-4,https://cms.eirgrid.ie/sites/default/files/publications/Wind-Dispatch-Tool-Constraint-Group-Overview_1.pdf,"MEC is connection/export capacity, not actual generation at a timestamp."
Crockandun Wind Farm,Wind farm,Distribution - 33 kV,278474,388828,54.7413,-6.78232,15.0,SONI connection/export capacity (MEC),Not generally published by SONI at individual connection point,Yes for applicable dispatchable units; unit-name mapping required,Exact electrical connection point from SONI Connections Register; WGS84 converted from Irish Grid,2024-03-25,https://cms.soni.ltd.uk/sites/default/files/media/documents/20240325-Connections-Register-25-March-2024.pdf,NI,75810,,,"(41,)",NI-4,https://cms.eirgrid.ie/sites/default/files/publications/Wind-Dispatch-Tool-Constraint-Group-Overview_1.pdf,"MEC is connection/export capacity, not actual generation at a timestamp."
Crockbaravally Wind Farm,Wind farm,Distribution - 33 kV,262424,363592,54.516883,-7.03685,7.5,SONI connection/export capacity (MEC),Not generally published by SONI at individual connection point,Yes for applicable dispatchable units; unit-name mapping required,Exact electrical connection point from SONI Connections Register; WGS84 converted from Irish Grid,2024-03-25,https://cms.soni.ltd.uk/sites/default/files/media/documents/20240325-Connections-Register-25-March-2024.pdf,NI,90210,,,"(37, 41)",NI-2|NI-4,https://cms.eirgrid.ie/sites/default/files/publications/Wind-Dispatch-Tool-Constraint-Group-Overview_1.pdf,"MEC is connection/export capacity, not actual generation at a timestamp."
Lisburn Solar Park (Ballinderry Road),Solar farm,Distribution - 33 kV,234937,321569,54.142022,-7.466166,16.92,SONI connection/export capacity (MEC),Not generally published by SONI at individual connection point,Yes for applicable dispatchable units; unit-name mapping required,Exact electrical connection point from SONI Connections Register; WGS84 converted from Irish Grid,2024-03-25,https://cms.soni.ltd.uk/sites/default/files/media/documents/20240325-Connections-Register-25-March-2024.pdf,NI,70010,,,"(37, 38, 41)",NI-2|NI-3|NI-4,https://cms.eirgrid.ie/sites/default/files/publications/Wind-Dispatch-Tool-Constraint-Group-Overview_1.pdf,"MEC is connection/export capacity, not actual generation at a timestamp."
Slieve Divena 2 Wind Farm,Wind farm,Distribution - 33 kV,257992,363192,54.513816,-7.105354,18.8,SONI connection/export capacity (MEC),Not generally published by SONI at individual connection point,Yes for applicable dispatchable units; unit-name mapping required,Exact electrical connection point from SONI Connections Register; WGS84 converted from Irish Grid,2024-03-25,https://cms.soni.ltd.uk/sites/default/files/media/documents/20240325-Connections-Register-25-March-2024.pdf,NI,80710,,,"(37, 41)",NI-2|NI-4,https://cms.eirgrid.ie/sites/default/files/publications/Wind-Dispatch-Tool-Constraint-Group-Overview_1.pdf,"MEC is connection/export capacity, not actual generation at a timestamp."
Bann Road PV Farm,Solar farm,Distribution - 33 kV,296443,414004,54.964249,-6.495024,29.81,SONI connection/export capacity (MEC),Not generally published by SONI at individual connection point,Yes for applicable dispatchable units; unit-name mapping required,Exact electrical connection point from SONI Connections Register; WGS84 converted from Irish Grid,2024-03-25,https://cms.soni.ltd.uk/sites/default/files/media/documents/20240325-Connections-Register-25-March-2024.pdf,NI,87900,,,"(36, 39, 41)",NI-1|NI-5|NI-4,https://cms.eirgrid.ie/sites/default/files/publications/Wind-Dispatch-Tool-Constraint-Group-Overview_1.pdf,"MEC is connection/export capacity, not actual generation at a timestamp."
Inishative Wind Farm,Wind farm,Distribution - 33 kV,265986,369058,54.565526,-6.980634,13.8,SONI connection/export capacity (MEC),Not generally published by SONI at individual connection point,Yes for applicable dispatchable units; unit-name mapping required,Exact electrical connection point from SONI Connections Register; WGS84 converted from Irish Grid,2024-03-25,https://cms.soni.ltd.uk/sites/default/files/media/documents/20240325-Connections-Register-25-March-2024.pdf,NI,90210,,,"(37, 41)",NI-2|NI-4,https://cms.eirgrid.ie/sites/default/files/publications/Wind-Dispatch-Tool-Constraint-Group-Overview_1.pdf,"MEC is connection/export capacity, not actual generation at a timestamp."
Lough Road PV Farm,Solar farm,Distribution - 33 kV,313743,369255,54.558824,-6.242561,21.0,SONI connection/export capacity (MEC),Not generally published by SONI at individual connection point,Yes for applicable dispatchable units; unit-name mapping required,Exact electrical connection point from SONI Connections Register; WGS84 converted from Irish Grid,2024-03-25,https://cms.soni.ltd.uk/sites/default/files/media/documents/20240325-Connections-Register-25-March-2024.pdf,NI,84011,,,"(41,)",NI-4,https://cms.eirgrid.ie/sites/default/files/publications/Wind-Dispatch-Tool-Constraint-Group-Overview_1.pdf,"MEC is connection/export capacity, not actual generation at a timestamp."
Millar Farm PV,Solar farm,Distribution - 33 kV,312848,389746,54.74301,-6.248491,6.27,SONI connection/export capacity (MEC),Not generally published by SONI at individual connection point,Yes for applicable dispatchable units; unit-name mapping required,Exact electrical connection point from SONI Connections Register; WGS84 converted from Irish Grid,2024-03-25,https://cms.soni.ltd.uk/sites/default/files/media/documents/20240325-Connections-Register-25-March-2024.pdf,NI,70311,,,"(41,)",NI-4,https://cms.eirgrid.ie/sites/default/files/publications/Wind-Dispatch-Tool-Constraint-Group-Overview_1.pdf,"MEC is connection/export capacity, not actual generation at a timestamp."
Shantavany Scotch Wind Farm,Wind farm,Distribution - 33 kV,258801,360690,54.491249,-7.093362,16.1,SONI connection/export capacity (MEC),Not generally published by SONI at individual connection point,Yes for applicable dispatchable units; unit-name mapping required,Exact electrical connection point from SONI Connections Register; WGS84 converted from Irish Grid,2024-03-25,https://cms.soni.ltd.uk/sites/default/files/media/documents/20240325-Connections-Register-25-March-2024.pdf,NI,80710,,,"(37, 41)",NI-2|NI-4,https://cms.eirgrid.ie/sites/default/files/publications/Wind-Dispatch-Tool-Constraint-Group-Overview_1.pdf,"MEC is connection/export capacity, not actual generation at a timestamp."
Altaveedan Wind Farm,Wind farm,Distribution - 33 kV,310978,426900,55.077014,-6.263203,18.0,SONI connection/export capacity (MEC),Not generally published by SONI at individual connection point,Yes for applicable dispatchable units; unit-name mapping required,Exact electrical connection point from SONI Connections Register; WGS84 converted from Irish Grid,2024-03-25,https://cms.soni.ltd.uk/sites/default/files/media/documents/20240325-Connections-Register-25-March-2024.pdf,NI,87900,,,"(36, 39, 41)",NI-1|NI-5|NI-4,https://cms.eirgrid.ie/sites/default/files/publications/Wind-Dispatch-Tool-Constraint-Group-Overview_1.pdf,"MEC is connection/export capacity, not actual generation at a timestamp."
Crockdun Wind Farm,Wind farm,Distribution - 33 kV,260197,376754,54.635372,-7.068539,12.5,SONI connection/export capacity (MEC),Not generally published by SONI at individual connection point,Yes for applicable dispatchable units; unit-name mapping required,Exact electrical connection point from SONI Connections Register; WGS84 converted from Irish Grid,2024-03-25,https://cms.soni.ltd.uk/sites/default/files/media/documents/20240325-Connections-Register-25-March-2024.pdf,NI,90210,,,"(37, 41)",NI-2|NI-4,https://cms.eirgrid.ie/sites/default/files/publications/Wind-Dispatch-Tool-Constraint-Group-Overview_1.pdf,"MEC is connection/export capacity, not actual generation at a timestamp."
Brockaghboy Windfarm,Wind farm,Transmission - 110 kV,280940,410690,54.937243,-6.737928,47.5,SONI connection/export capacity (MEC),Not generally published by SONI at individual connection point,Yes for applicable dispatchable units; unit-name mapping required,Exact electrical connection point from SONI Connections Register; WGS84 converted from Irish Grid,2024-03-25,https://cms.soni.ltd.uk/sites/default/files/media/documents/20240325-Connections-Register-25-March-2024.pdf,NI,73500,,,"(36, 39, 41)",NI-1|NI-5|NI-4,https://cms.eirgrid.ie/sites/default/files/publications/Wind-Dispatch-Tool-Constraint-Group-Overview_1.pdf,"MEC is connection/export capacity, not actual generation at a timestamp."
Rathsherry Wind Farm,Wind farm,Distribution - 33 kV,315482,411730,54.939792,-6.19884,21.15,SONI connection/export capacity (MEC),Not generally published by SONI at individual connection point,Yes for applicable dispatchable units; unit-name mapping required,Exact electrical connection point from SONI Connections Register; WGS84 converted from Irish Grid,2024-03-25,https://cms.soni.ltd.uk/sites/default/files/media/documents/20240325-Connections-Register-25-March-2024.pdf,NI,71011,,,"(41,)",NI-4,https://cms.eirgrid.ie/sites/default/files/publications/Wind-Dispatch-Tool-Constraint-Group-Overview_1.pdf,"MEC is connection/export capacity, not actual generation at a timestamp."
Finvoy Road Solar Farm,Solar farm,Distribution - 33 kV,296772,413757,54.961968,-6.489973,5.209,SONI connection/export capacity (MEC),Not generally published by SONI at individual connection point,Yes for applicable dispatchable units; unit-name mapping required,Exact electrical connection point from SONI Connections Register; WGS84 converted from Irish Grid,2024-03-25,https://cms.soni.ltd.uk/sites/default/files/media/documents/20240325-Connections-Register-25-March-2024.pdf,NI,87900,,,"(36, 39, 41)",NI-1|NI-5|NI-4,https://cms.eirgrid.ie/sites/default/files/publications/Wind-Dispatch-Tool-Constraint-Group-Overview_1.pdf,"MEC is connection/export capacity, not actual generation at a timestamp."
Maghaberry Solar Farm,Solar farm,Distribution - 33 kV,318350,364188,54.512274,-6.173421,20.43,SONI connection/export capacity (MEC),Not generally published by SONI at individual connection point,Yes for applicable dispatchable units; unit-name mapping required,Exact electrical connection point from SONI Connections Register; WGS84 converted from Irish Grid,2024-03-25,https://cms.soni.ltd.uk/sites/default/files/media/documents/20240325-Connections-Register-25-March-2024.pdf,NI,84011,,,"(41,)",NI-4,https://cms.eirgrid.ie/sites/default/files/publications/Wind-Dispatch-Tool-Constraint-Group-Overview_1.pdf,"MEC is connection/export capacity, not actual generation at a timestamp."
Elginny Hill Wind Farm,Wind farm,Distribution - 33 kV,314461,411102,54.934388,-6.215012,23.0,SONI connection/export capacity (MEC),Not generally published by SONI at individual connection point,Yes for applicable dispatchable units; unit-name mapping required,Exact electrical connection point from SONI Connections Register; WGS84 converted from Irish Grid,2024-03-25,https://cms.soni.ltd.uk/sites/default/files/media/documents/20240325-Connections-Register-25-March-2024.pdf,NI,71011,,,"(41,)",NI-4,https://cms.eirgrid.ie/sites/default/files/publications/Wind-Dispatch-Tool-Constraint-Group-Overview_1.pdf,"MEC is connection/export capacity, not actual generation at a timestamp."
Laurel Hill Road Solar Park,Solar farm,Distribution - 33 kV,313228,351662,54.40097,-6.25725,8.5,SONI connection/export capacity (MEC),Not generally published by SONI at individual connection point,Yes for applicable dispatchable units; unit-name mapping required,Exact electrical connection point from SONI Connections Register; WGS84 converted from Irish Grid,2024-03-25,https://cms.soni.ltd.uk/sites/default/files/media/documents/20240325-Connections-Register-25-March-2024.pdf,NI,71511,,,"(41,)",NI-4,https://cms.eirgrid.ie/sites/default/files/publications/Wind-Dispatch-Tool-Constraint-Group-Overview_1.pdf,"MEC is connection/export capacity, not actual generation at a timestamp."
Ballygarvey Road Solar Park,Solar farm,Distribution - 33 kV,312179,405479,54.88442,-6.252785,6.0,SONI connection/export capacity (MEC),Not generally published by SONI at individual connection point,Yes for applicable dispatchable units; unit-name mapping required,Exact electrical connection point from SONI Connections Register; WGS84 converted from Irish Grid,2024-03-25,https://cms.soni.ltd.uk/sites/default/files/media/documents/20240325-Connections-Register-25-March-2024.pdf,NI,71011,,,"(41,)",NI-4,https://cms.eirgrid.ie/sites/default/files/publications/Wind-Dispatch-Tool-Constraint-Group-Overview_1.pdf,"MEC is connection/export capacity, not actual generation at a timestamp."
Pollnalaght (Cornavarrow) Wind Farm,Wind farm,Distribution - 33 kV,234560,379000,54.657951,-7.465262,36.0,SONI connection/export capacity (MEC),Not generally published by SONI at individual connection point,Yes for applicable dispatchable units; unit-name mapping required,Exact electrical connection point from SONI Connections Register; WGS84 converted from Irish Grid,2024-03-25,https://cms.soni.ltd.uk/sites/default/files/media/documents/20240325-Connections-Register-25-March-2024.pdf,NI,77210,,,"(37, 38, 41)",NI-2|NI-3|NI-4,https://cms.eirgrid.ie/sites/default/files/publications/Wind-Dispatch-Tool-Constraint-Group-Overview_1.pdf,"MEC is connection/export capacity, not actual generation at a timestamp."
Slieveglass Wind Farm,Wind farm,Distribution - 33 kV,227595,377848,54.648031,-7.573285,6.9,SONI connection/export capacity (MEC),Not generally published by SONI at individual connection point,Yes for applicable dispatchable units; unit-name mapping required,Exact electrical connection point from SONI Connections Register; WGS84 converted from Irish Grid,2024-03-25,https://cms.soni.ltd.uk/sites/default/files/media/documents/20240325-Connections-Register-25-March-2024.pdf,NI,77210,,,"(37, 38, 41)",NI-2|NI-3|NI-4,https://cms.eirgrid.ie/sites/default/files/publications/Wind-Dispatch-Tool-Constraint-Group-Overview_1.pdf,"MEC is connection/export capacity, not actual generation at a timestamp."
Castlecraig Wind Farm,Wind farm,Distribution - 33 kV,226618,375358,54.625717,-7.588645,25.0,SONI connection/export capacity (MEC),Not generally published by SONI at individual connection point,Yes for applicable dispatchable units; unit-name mapping required,Exact electrical connection point from SONI Connections Register; WGS84 converted from Irish Grid,2024-03-25,https://cms.soni.ltd.uk/sites/default/files/media/documents/20240325-Connections-Register-25-March-2024.pdf,NI,77210,,,"(37, 38, 41)",NI-2|NI-3|NI-4,https://cms.eirgrid.ie/sites/default/files/publications/Wind-Dispatch-Tool-Constraint-Group-Overview_1.pdf,"MEC is connection/export capacity, not actual generation at a timestamp."
Teiges Mountain Wind Farm,Wind farm,Distribution - 33 kV,243115,339660,54.303914,-7.338447,11.0,SONI connection/export capacity (MEC),Not generally published by SONI at individual connection point,Yes for applicable dispatchable units; unit-name mapping required,Exact electrical connection point from SONI Connections Register; WGS84 converted from Irish Grid,2024-03-25,https://cms.soni.ltd.uk/sites/default/files/media/documents/20240325-Connections-Register-25-March-2024.pdf,NI,79010,,,"(37, 38, 41)",NI-2|NI-3|NI-4,https://cms.eirgrid.ie/sites/default/files/publications/Wind-Dispatch-Tool-Constraint-Group-Overview_1.pdf,"MEC is connection/export capacity, not actual generation at a timestamp."
Evishagaran Wind Farm,Wind farm,Distribution - 33 kV,274874,410848,54.939608,-6.832506,46.8,SONI connection/export capacity (MEC),Not generally published by SONI at individual connection point,Yes for applicable dispatchable units; unit-name mapping required,Exact electrical connection point from SONI Connections Register; WGS84 converted from Irish Grid,2024-03-25,https://cms.soni.ltd.uk/sites/default/files/media/documents/20240325-Connections-Register-25-March-2024.pdf,NI,73500,,,"(36, 39, 41)",NI-1|NI-5|NI-4,https://cms.eirgrid.ie/sites/default/files/publications/Wind-Dispatch-Tool-Constraint-Group-Overview_1.pdf,"MEC is connection/export capacity, not actual generation at a timestamp."
Craiggore Wind Farm,Wind farm,Distribution - 33 kV,276584,417016,54.994741,-6.804186,23.5,SONI connection/export capacity (MEC),Not generally published by SONI at individual connection point,Yes for applicable dispatchable units; unit-name mapping required,Exact electrical connection point from SONI Connections Register; WGS84 converted from Irish Grid,2024-03-25,https://cms.soni.ltd.uk/sites/default/files/media/documents/20240325-Connections-Register-25-March-2024.pdf,NI,73500,,,"(36, 39, 41)",NI-1|NI-5|NI-4,https://cms.eirgrid.ie/sites/default/files/publications/Wind-Dispatch-Tool-Constraint-Group-Overview_1.pdf,"MEC is connection/export capacity, not actual generation at a timestamp."
Ballykeel Wind Farm,Wind farm,Distribution - 33 kV,334118,402708,54.854149,-5.912451,16.1,SONI connection/export capacity (MEC),Not generally published by SONI at individual connection point,Yes for applicable dispatchable units; unit-name mapping required,Exact electrical connection point from SONI Connections Register; WGS84 converted from Irish Grid,2024-03-25,https://cms.soni.ltd.uk/sites/default/files/media/documents/20240325-Connections-Register-25-March-2024.pdf,NI,83011,,,"(41,)",NI-4,https://cms.eirgrid.ie/sites/default/files/publications/Wind-Dispatch-Tool-Constraint-Group-Overview_1.pdf,"MEC is connection/export capacity, not actual generation at a timestamp."
